"Report Number","Local Case Number","Agency Name","ACRS Report Type","Crash Date/Time","Route Type","Road Name","Cross-Street Name","Off-Road Description","Municipality","Related Non-Motorist","Collision Type","Weather","Surface Condition","Light","Traffic Control","Driver Substance Abuse","Non-Motorist Substance Abuse","Person ID","Pedestrian Type","Pedestrian Movement","Pedestrian Actions","Pedestrian Location","At Fault","Injury Severity","Safety Equipment","Latitude","Longitude","Location"
"EJ7898007G","250052765","GAITHERSBURG","Injury Crash","11/24/2025 04:50:00 PM","Maryland (State) Route","FREDERICK RD",,,,"Pedestrian","Single Vehicle","Clear","Dry","Dark - Lighted","Traffic Control Signal","Not Suspect of Alcohol Use, Not Suspect of Drug Use","Not Suspect of Alcohol Use, Not Suspect of Drug Use","8208A3CD-55C1-474D-9386-8F5A44D9F552","Pedestrian","Cross/Enter Not at Intersection","Dart/Dash","Travel Lane Other Location","Yes","Suspected Serious Injury","None","39.15065762","-77.20952904","    (39.15065762, -77.20952904)"
"MCP2099000F","250052650","MONTGOMERY","Injury Crash","11/24/2025 07:55:00 AM","County Route","URBANA DR","GEORGIA AVE",,,"Pedestrian","Single Vehicle","Clear","Dry","Daylight","Traffic Control Signal","Not Suspect of Alcohol Use, Not Suspect of Drug Use","Not Suspect of Alcohol Use, Not Suspect of Drug Use","142F0CB5-E27A-4601-94FB-C3CFBF451E5D","Pedestrian","Cross/Enter at Intersection","None (No Improper Action)","Intersection Marked Crosswalk","No","Suspected Minor Injury","None","39.0614609","-77.05248537","    (39.0614609, -77.05248537)"
"MCP32330060","250052582","MONTGOMERY","Injury Crash","11/23/2025 03:22:00 PM","County Route","CARROLL AVE",,,,"Scooter (electric)","Single Vehicle","Clear","Dry","Daylight","No Controls","Not Suspect of Alcohol Use, Not Suspect of Drug Use","Suspect of Alcohol Use, Suspect of Drug Use","7965A304-A09A-4920-B78B-6B86307E2A10","Scooter (electric)","Walking/Cycling on Sidewalk","Improper Turn/Merge)","Sidewalk","Yes","Suspected Minor Injury","None","38.99901034","-76.99111048","    (38.99901034, -76.99111048)"
"MCP289200JQ","250052482","MONTGOMERY","Injury Crash","11/22/2025 07:04:00 PM","County Route","TILTON DR",,,,"Pedestrian","Single Vehicle","Clear","Dry","Dark - Lighted","No Controls","Not Suspect of Alcohol Use, Not Suspect of Drug Use","Not Suspect of Alcohol Use, Not Suspect of Drug Use","1AF1BE6D-0F39-470E-A576-82D3F1F0BFFC","Pedestrian","Cross/Enter at Intersection","Not Visible (Dark Clothing, No Lighting, etc.)","Intersection Unmarked Crosswalk","No","Suspected Minor Injury","None","39.0184028","-77.04362734","    (39.0184028, -77.04362734)"
"EJ78950082","250052478","GAITHERSBURG","Injury Crash","11/22/2025 06:30:00 PM",,,,"Parking Lot Way        PARKING LOT OF 221 MUDDY BRANCH ROAD",,"Pedestrian","Single Vehicle","Clear",,"Dark - Lighted",,"Not Suspect of Alcohol Use, Not Suspect of Drug Use","Not Suspect of Alcohol Use, Not Suspect of Drug Use","C511199A-5916-4A57-9789-85445FDFBC02","Pedestrian","Standing","None (No Improper Action)","Other","No","Possible Injury","None","39.1281875","-77.20596","    (39.1281875, -77.20596)"
"MCP2162005Q","250052468","MONTGOMERY","Injury Crash","11/22/2025 05:40:00 PM","Bicycle Route",,"W CEDAR LA",,,"Cyclist (non-electric)","Single Vehicle","Clear","Dry","Dark - Lighted","Traffic Control Signal","Not Suspect of Alcohol Use, Not Suspect of Drug Use","Not Suspect of Alcohol Use, Not Suspect of Drug Use","8FC01CC0-F83A-4B3F-A8F5-1AB0EEB535DA","Cyclist (non-electric)","Cross/Enter at Intersection","None (No Improper Action)","Intersection Marked Crosswalk","No","Suspected Minor Injury","Unknown","39.00449857","-77.11039613","    (39.00449857, -77.11039613)"
"MCP3044008V","250052328","MONTGOMERY","Injury Crash","11/21/2025 05:30:00 PM","County Route","MUSGROVE RD",,,,"Pedestrian","Unknown","Clear","Dry","Dark - Unknown Lighting","Traffic Control Signal","Unknown, Unknown","Not Suspect of Alcohol Use, Not Suspect of Drug Use","FA95A965-D236-4F70-917F-64CDF1930E4A","Pedestrian","Cross/Enter at Intersection","Unknown","Intersection Marked Crosswalk","No","Suspected Minor Injury","None","39.06785275","-76.95956857","    (39.06785275, -76.95956857)"
"MCP3148008N","250052319","MONTGOMERY","Injury Crash","11/21/2025 05:17:00 PM","Local Route","BREWER HOUSE CIR","BREWER HOUSE RD",,,"Pedestrian","Single Vehicle","Cloudy","Dry","Dark - Lighted","No Controls","Not Suspect of Alcohol Use, Not Suspect of Drug Use","Not Suspect of Alcohol Use, Not Suspect of Drug Use","95385DD9-B019-452B-9E03-D71CD93C2650","Pedestrian","Cross/Enter at Intersection","Unknown","Intersection Unmarked Crosswalk","No","Suspected Serious Injury","None","39.03113356","-77.113689","    (39.03113356, -77.113689)"
"DD5663002L","250052283","ROCKVILLE","Injury Crash","11/21/2025 02:53:00 PM","Municipality Route","E JEFFERSON ST","ROLLINS AVE",,,"Pedestrian","Single Vehicle","Clear","Dry","Daylight","Traffic Control Signal","Not Suspect of Alcohol Use, Not Suspect of Drug Use","Not Suspect of Alcohol Use, Not Suspect of Drug Use","481441D2-8242-4068-A807-9085A6CE520E","Pedestrian","Cross/Enter at Intersection","None (No Improper Action)","Intersection Marked Crosswalk","No","Suspected Serious Injury","None","39.05848521","-77.12637594","    (39.05848521, -77.12637594)"
"MCP33470037","250052129","MONTGOMERY","Injury Crash","11/20/2025 04:53:00 PM","County Route","WOODMONT AVE","HAMPDEN LA",,,"Cyclist (non-electric)","Single Vehicle","Clear","Dry","Dark - Lighted","Traffic Control Signal","Not Suspect of Alcohol Use, Not Suspect of Drug Use","Not Suspect of Alcohol Use, Not Suspect of Drug Use","12771C10-118B-42D5-933D-CB04C33F4AB4","Cyclist (non-electric)","Cross/Enter at Intersection","None (No Improper Action)","Separated Bike Lanes","No","Suspected Minor Injury","Helmet, Lighting, Reflectors","38.98271255","-77.09612816","    (38.98271255, -77.09612816)"
"MCP3452001T","250052087","MONTGOMERY","Injury Crash","11/20/2025 01:32:00 PM",,,,"Parking Lot Way        PARKING LOT OF COSTCO LOCATED AT 11160 VEIRS MILL RD",,"Occupant of Motor Vehicle Not in Transport","Other","Cloudy",,"Daylight",,"Not Suspect of Alcohol Use, Not Suspect of Drug Use","Not Suspect of Alcohol Use, Not Suspect of Drug Use","A6E5C83E-5745-4817-8AF8-AFD6D6802364","Occupant of Motor Vehicle Not in Transport","None","None (No Improper Action)","Other","No","No Apparent Injury","None","39.03559523","-77.05577458","    (39.03559523, -77.05577458)"
"MCP3452001T","250052087","MONTGOMERY","Injury Crash","11/20/2025 01:32:00 PM",,,,"Parking Lot Way        PARKING LOT OF COSTCO LOCATED AT 11160 VEIRS MILL RD",,"Occupant of Motor Vehicle Not in Transport","Other","Cloudy",,"Daylight",,"Not Suspect of Alcohol Use, Not Suspect of Drug Use","Not Suspect of Alcohol Use, Not Suspect of Drug Use","B899C940-1069-4C18-B2A2-DDE3DEED7849","Occupant of Motor Vehicle Not in Transport","Other","None (No Improper Action)","Other","No","Suspected Minor Injury","None","39.03559523","-77.05577458","    (39.03559523, -77.05577458)"
"MCP3337004H","250051967","MONTGOMERY","Injury Crash","11/19/2025 05:42:00 PM","Other Public Roadway","GEORGIAN WOODS PL",,,,"Cyclist (Electric)","Single Vehicle","Clear","Dry","Dark - Unknown Lighting","Stop Sign","Not Suspect of Alcohol Use, Not Suspect of Drug Use","Not Suspect of Alcohol Use, Not Suspect of Drug Use","91310678-7426-4239-A2A2-A56C4F43C53C","Cyclist (Electric)","Unknown","Unknown","Driveway Access","No","Possible Injury","Helmet, Lighting, Reflectors","39.05583834","-77.04981636","    (39.05583834, -77.04981636)"
"MCP3163009D","250051929","MONTGOMERY","Injury Crash","11/19/2025 03:54:00 PM","County Route","LYTTONSVILLE RD",,,,"Pedestrian","Single Vehicle","Clear","Dry","Daylight","No Controls","Not Suspect of Alcohol Use, Not Suspect of Drug Use","Not Suspect of Alcohol Use, Not Suspect of Drug Use","A4124D08-F16E-4672-966A-F20CF6AAE477","Pedestrian","Cross/Enter Not at Intersection","None (No Improper Action)","Other","Yes","Possible Injury","None","39.00084433","-77.0495365","    (39.00084433, -77.0495365)"
"MCP3450001N","250051926","MONTGOMERY","Injury Crash","11/19/2025 03:50:00 PM","County Route","FAIRLAND RD","COLUMBIA PIKE (SB/L)",,,"Cyclist (non-electric)","Single Vehicle","Clear","Dry","Daylight","Traffic Control Signal","Not Suspect of Alcohol Use, Not Suspect of Drug Use","Not Suspect of Alcohol Use, Not Suspect of Drug Use","39E51E4E-4DB8-4F43-B5BD-80D959AC0427","Cyclist (non-electric)","Cross/Enter at Intersection","Failure to Obey Traffic Signs, Signals, or Officer","Intersection Marked Crosswalk","Yes","Suspected Minor Injury","Helmet","39.07330483","-76.95570217","    (39.07330483, -76.95570217)"
"MCP27380060","250051802","MONTGOMERY","Injury Crash","11/18/2025 10:22:00 PM","County Route",,,,,"Pedestrian","Single Vehicle","Rain","Wet","Dark - Lighted","No Controls","Not Suspect of Alcohol Use, Not Suspect of Drug Use","Not Suspect of Alcohol Use, Not Suspect of Drug Use","53B384D5-2D3F-4B87-97E9-8875A8BF685E","Pedestrian","Cross/Enter Not at Intersection","Not Visible (Dark Clothing, No Lighting, etc.)","Travel Lane Other Location","Yes","Possible Injury","None","39.03937195","-76.99132101","    (39.03937195, -76.99132101)"
"DD5669001J","250051771","ROCKVILLE","Injury Crash","11/18/2025 06:56:00 PM","Maryland (State) Route","VEIRS MILL RD (WB/L)","BROADWOOD DR",,,"Pedestrian","Single Vehicle","Rain","Wet","Dark - Lighted","Traffic Control Signal","Not Suspect of Alcohol Use, Not Suspect of Drug Use","Not Suspect of Alcohol Use, Not Suspect of Drug Use","39236181-840C-4891-B845-DCD61705CA46","Pedestrian","Other","None (No Improper Action)","Intersection Marked Crosswalk","No","Suspected Minor Injury","None","39.07722295","-77.12378542","    (39.07722295, -77.12378542)"
"DD5676001C","250051769","ROCKVILLE","Injury Crash","11/18/2025 06:25:00 PM","Municipality Route","TWINBROOK PKWY (NB/L)","ROCKVILLE PIKE ROLLINS AVE",,,"Pedestrian","Single Vehicle","Rain","Wet","Dark - Lighted","Traffic Control Signal","Not Suspect of Alcohol Use, Not Suspect of Drug Use","Not Suspect of Alcohol Use, Not Suspect of Drug Use","9190F9E6-7766-4AC8-A8D8-FA41164D384C","Pedestrian","Cross/Enter at Intersection","None (No Improper Action)","Intersection Marked Crosswalk","No","Suspected Minor Injury","None","39.05883175","-77.12104006","    (39.05883175, -77.12104006)"
"MCP2967007F","250051751","MONTGOMERY","Injury Crash","11/18/2025 05:33:00 PM","County Route","SUGARBUSH LA","TUCKERMAN LA TUCKERMAN LA (EB/L)",,,"Pedestrian","Single Vehicle","Rain","Wet","Dark - Lighted","Traffic Control Signal","Not Suspect of Alcohol Use, Not Suspect of Drug Use","Not Suspect of Alcohol Use, Not Suspect of Drug Use","D4FB683E-A552-4C64-9E29-0FF71523AE2E","Pedestrian","Cross/Enter at Intersection","None (No Improper Action)","Intersection Unmarked Crosswalk","No","Possible Injury","None","39.0319194","-77.11801286","    (39.0319194, -77.11801286)"
"DD556700BT","250051749","ROCKVILLE","Injury Crash","11/18/2025 05:28:00 PM","Local Route","KISS AND RIDE TWINBROOK LOT","BOUIC AVE CHAPMAN AVE",,,"Pedestrian","Single Vehicle","Rain","Wet","Dark - Lighted","Stop Sign","Not Suspect of Alcohol Use, Not Suspect of Drug Use","Not Suspect of Alcohol Use, Not Suspect of Drug Use","948E4585-39AE-49BE-869F-794273A5232B","Pedestrian","Cross/Enter at Intersection","None (No Improper Action)","Intersection Marked Crosswalk","No","Suspected Minor Injury","None","39.06111631","-77.12105684","    (39.06111631, -77.12105684)"
"MCP3335003X","250051738","MONTGOMERY","Property Damage Crash","11/18/2025 04:42:00 PM","Maryland (State) Route","UNIVERSITY BLVD E (WB/L)","RAMP 1 FR MD 193 NB TO IS 495 WB",,,"Cyclist (non-electric)","Single Vehicle","Clear","Dry","Daylight","Other Pavement Marking (excluding edgelines, centerlines, or lane lines)","Not Suspect of Alcohol Use, Not Suspect of Drug Use","Not Suspect of Alcohol Use, Not Suspect of Drug Use","E530D501-7969-4510-A349-835FD777C663","Cyclist (non-electric)","Cross/Enter at Intersection","None (No Improper Action)","Intersection Marked Crosswalk","No","No Apparent Injury","Helmet","39.01573851","-77.00519274","    (39.01573851, -77.00519274)"
"DD556700BQ","250051670","ROCKVILLE","Injury Crash","11/18/2025 11:29:00 AM","Maryland (State) Route","HUNGERFORD DR (SB/L)","BEALL AVE #2",,,"Pedestrian","Single Vehicle","Clear","Dry","Daylight","Pedestrian Crossing","Not Suspect of Alcohol Use, Not Suspect of Drug Use","Not Suspect of Alcohol Use, Not Suspect of Drug Use","E7BC97B4-5A8A-463A-AA73-8A2425AEE362","Pedestrian","Cross/Enter at Intersection","None (No Improper Action)","Intersection Marked Crosswalk","No","Suspected Serious Injury","None","39.08745832","-77.15015184","    (39.08745832, -77.15015184)"
"EJ78870069","250051618","GAITHERSBURG","Injury Crash","11/18/2025 07:50:00 AM","Municipality Route","QUINCE ORCHARD BLVD",,,,"Pedestrian","Single Vehicle","Clear","Dry","Daylight","No Controls","Not Suspect of Alcohol Use, Not Suspect of Drug Use","Not Suspect of Alcohol Use, Not Suspect of Drug Use","1A6AB7B7-D22F-4C01-82F9-31CFC8F5228D","Pedestrian","Walking/Cycling on Sidewalk","Unknown","Intersection Unmarked Crosswalk","No","Suspected Minor Injury","None","39.1417315","-77.22785867","    (39.1417315, -77.22785867)"
"MCP3290004P","250051611","MONTGOMERY","Injury Crash","11/18/2025 06:37:00 AM","Government Route","SLIGO CREEK PKWY","COLESVILLE RD COLESVILLE RD (SB/L) ST ANDREWS WAY",,,"Pedestrian","Single Vehicle","Clear","Dry","Dark - Lighted","Traffic Control Signal","Not Suspect of Alcohol Use, Not Suspect of Drug Use","Not Suspect of Alcohol Use, Not Suspect of Drug Use","C651A646-798C-48E1-8C5E-A7A3BAE3789D","Pedestrian","Cross/Enter at Intersection","Unknown","Intersection Marked Crosswalk","No","Suspected Minor Injury","None","39.00770243","-77.02014089","    (39.00770243, -77.02014089)"
"MCP3339005R","250051564","MONTGOMERY","Property Damage Crash","11/17/2025 05:48:00 PM","Maryland (State) Route","GEORGIA AVE (SB/L)",,,,"Cyclist (Electric)","Single Vehicle","Clear","Dry","Dark - Not Lighted","Stop Sign","Unknown, Unknown","Not Suspect of Alcohol Use, Not Suspect of Drug Use","723300E3-B8D4-4186-9ECE-0ABA9C6874AC","Cyclist (Electric)","Walking/Cycling on Sidewalk","None (No Improper Action)","Intersection Unmarked Crosswalk","No","No Apparent Injury","None","39.08276479","-77.07747279","    (39.08276479, -77.07747279)"
"MCP3073006W","250051551","MONTGOMERY","Injury Crash","11/17/2025 03:57:00 PM",,,,"Parking Lot Way        PARKING LOT IN FRONT OF GIANT",,"Pedestrian","Other","Clear",,"Daylight",,"Not Suspect of Alcohol Use, Not Suspect of Drug Use, Unknown, Unknown","Not Suspect of Alcohol Use, Not Suspect of Drug Use","9D4B6D8A-B2E7-4CCC-A63A-F264D4865267","Pedestrian","Standing","None (No Improper Action)","OffStreet Trails or Sidepaths","No","Possible Injury","Unknown","39.15326217","-77.06403733","    (39.15326217, -77.06403733)"
"MCP0617007D","250051450","MONTGOMERY","Injury Crash","11/17/2025 06:20:00 AM","Maryland (State) Route","LAYHILL RD",,,,"Pedestrian","Single Vehicle","Clear","Dry","Dark - Not Lighted","No Controls","Not Suspect of Alcohol Use, Not Suspect of Drug Use","Not Suspect of Alcohol Use, Not Suspect of Drug Use","21DA2D0F-CC57-4AC1-98FC-6D6A5627C785","Pedestrian","Walking/Cycling Along Roadway With Traffic (In or Adjacent to Travel Lane)","Not Visible (Dark Clothing, No Lighting, etc.)","Shoulder/Roadside","Yes","Suspected Minor Injury","None","39.10637395","-77.03806185","    (39.10637395, -77.03806185)"
"MCP2752007G","250051435","MONTGOMERY","Injury Crash","11/16/2025 07:05:00 PM","Maryland (State) Route","WISCONSIN AVE (SB/L)","S PARK AVE",,,"Pedestrian","Single Vehicle","Clear","Dry","Dark - Lighted","Traffic Control Signal","Unknown, Unknown","Not Suspect of Alcohol Use, Not Suspect of Drug Use","72F4323C-5058-4E50-A1EF-36A90E4196C9","Pedestrian","Cross/Enter at Intersection","Unknown","Intersection Marked Crosswalk","No","Suspected Minor Injury","None","38.96374388","-77.08727478","    (38.96374388, -77.08727478)"
"MCP3382002Z","250051321","MONTGOMERY","Injury Crash","11/15/2025 09:03:00 PM","County Route","COLESVILLE MANOR DR","NEW HAMPSHIRE AVE (SB/L)",,,"Pedestrian","Single Vehicle","Clear","Dry","Dark - Not Lighted","No Controls","Not Suspect of Alcohol Use, Not Suspect of Drug Use","Not Suspect of Alcohol Use, Not Suspect of Drug Use","2D469C8E-A260-4676-B44E-8E7999C17C28","Pedestrian","None","None (No Improper Action)","Intersection Unmarked Crosswalk","No","Possible Injury","None","39.08548007","-76.99980399","    (39.08548007, -76.99980399)"
"MCP289100FP","250051270","MONTGOMERY","Injury Crash","11/15/2025 12:28:00 PM","County Route","SPRING ST","COLESVILLE RD",,,"Pedestrian","Single Vehicle","Clear","Dry","Daylight","Traffic Control Signal","Not Suspect of Alcohol Use, Not Suspect of Drug Use","Not Suspect of Alcohol Use, Not Suspect of Drug Use","11230460-803E-41B2-8C2F-4D43D9B30853","Pedestrian","Cross/Enter at Intersection","None (No Improper Action)","Intersection Marked Crosswalk","No","Suspected Minor Injury","None","38.99895063","-77.02614106","    (38.99895063, -77.02614106)"
"MCP3213002F","250051239","MONTGOMERY","Injury Crash","11/15/2025 05:52:00 AM","US (State)","COLESVILLE RD","UNIVERSITY BLVD E",,,"Pedestrian","Single Vehicle","Clear","Dry","Dark - Lighted","Traffic Control Signal","Not Suspect of Alcohol Use, Not Suspect of Drug Use","Not Suspect of Alcohol Use, Not Suspect of Drug Use","6E827FB8-2F1C-4917-843F-165BBA85DEA2","Pedestrian","Walking/Cycling on Sidewalk","None (No Improper Action)","Intersection Marked Crosswalk","No","Suspected Serious Injury","None","39.01971187","-77.01319236","    (39.01971187, -77.01319236)"
"DD56810016","250051222","ROCKVILLE","Injury Crash","11/14/2025 11:45:00 PM","Municipality Route","MARYLAND AVE",,,,"Pedestrian","Single Vehicle","Clear","Dry","Dark - Lighted","No Controls","Suspect of Alcohol Use, Not Suspect of Drug Use","Not Suspect of Alcohol Use, Not Suspect of Drug Use","8F656E81-6643-4D32-857F-F33E40AF2FF1","Pedestrian","Cross/Enter at Intersection","None (No Improper Action)","Intersection Unmarked Crosswalk","No","Possible Injury","None","39.08611948","-77.15102817","    (39.08611948, -77.15102817)"
"EJ7903005M","250051141","GAITHERSBURG","Injury Crash","11/14/2025 12:50:00 PM","Municipality Route","E DIAMOND AVE",,,,"Pedestrian","Single Vehicle","Clear","Dry","Daylight","No Controls","Not Suspect of Alcohol Use, Not Suspect of Drug Use","Not Suspect of Alcohol Use, Not Suspect of Drug Use","1E23EA2A-18D5-4531-AE41-425377706E84","Pedestrian","Cross/Enter Not at Intersection","In Roadway Improperly (Standing, Lying, Working, Playing)","Travel Lane Other Location","Yes","Suspected Minor Injury","None","39.14191036","-77.19554811","    (39.14191036, -77.19554811)"
"MCP3257009L","250051076","MONTGOMERY","Injury Crash","11/13/2025 08:00:00 PM",,,,"Driveway        DRIVE WAY OF 10839 GEORGIA AVE; EXTRA SPACE STORAGE",,"Pedestrian","Single Vehicle","Clear",,"Dark - Unknown Lighting",,"Unknown, Unknown","Unknown, Unknown","A15644BB-E162-4445-9784-F1215ED61E62","Pedestrian","Unknown","Unknown","Other","No","Suspected Minor Injury","None","39.03354099","-77.04770356","    (39.03354099, -77.04770356)"
"MCP3378001W","250050976","MONTGOMERY","Injury Crash","11/13/2025 02:15:00 PM","County Route","CONNECTICUT AVE SERVICE RD",,,,"Pedestrian","Single Vehicle","Clear","Dry","Daylight","No Controls","Not Suspect of Alcohol Use, Not Suspect of Drug Use","Not Suspect of Alcohol Use, Not Suspect of Drug Use","56FD5B29-7BAB-4137-8DB5-C35F36808805","Pedestrian","Walking/Cycling Along Roadway Against Traffic (In or Adjacent to Travel Lane)","None (No Improper Action)","Intersection Unmarked Crosswalk","No","Suspected Minor Injury","None","39.0538365","-77.07409667","    (39.0538365, -77.07409667)"
"MCP913000LM","250050977","MONTGOMERY","Injury Crash","11/13/2025 02:15:00 PM","Maryland (State) Route",,"RITCHIE AVE",,,"Pedestrian","Single Vehicle","Clear","Dry","Daylight","Stop Sign","Not Suspect of Alcohol Use, Not Suspect of Drug Use","Not Suspect of Alcohol Use, Not Suspect of Drug Use","A46C0C9B-58BA-4149-98D0-2416CDC0593D","Pedestrian","Cross/Enter at Intersection","None (No Improper Action)","Intersection Marked Crosswalk","No","Suspected Minor Injury","None","38.98811232","-77.01231913","    (38.98811232, -77.01231913)"
"MCP209400PZ","250050921","MONTGOMERY","Injury Crash","11/13/2025 09:13:00 AM","County Route","FERNWOOD RD (SB/L)",,,,"Cyclist (Electric)","Single Vehicle","Clear","Dry","Daylight","Pedestrian Crossing Sign","Not Suspect of Alcohol Use, Not Suspect of Drug Use","Not Suspect of Alcohol Use, Not Suspect of Drug Use","8A288FB0-3EC2-47A9-A330-8A37582622AF","Cyclist (Electric)","Walking/Cycling on Sidewalk","None (No Improper Action)","Intersection Marked Crosswalk","No","Suspected Minor Injury","Helmet, Reflectors","39.02185302","-77.1349627","    (39.02185302, -77.1349627)"
"MCP3384001T","250050838","MONTGOMERY","Injury Crash","11/12/2025 05:50:00 PM","US (State)","GEORGIA AVE",,,,"Pedestrian","Single Vehicle","Clear","Dry","Dark - Lighted","Traffic Control Signal","Not Suspect of Alcohol Use, Not Suspect of Drug Use","Not Suspect of Alcohol Use, Not Suspect of Drug Use","7094190F-3B31-457F-B2E8-F6AAED720285","Pedestrian","Walking/Cycling Along Roadway Against Traffic (In or Adjacent to Travel Lane)","None (No Improper Action)","Intersection Marked Crosswalk","No","Possible Injury","None","38.99030456","-77.02654979","    (38.99030456, -77.02654979)"
"DD5648004Q","250050828","ROCKVILLE","Injury Crash","11/12/2025 05:30:00 PM","Municipality Route","CONGRESSIONAL LA",,,,"Pedestrian","Sideswipe, Same Direction","Clear","Dry","Dark - Not Lighted","No Controls","Unknown, Unknown, Unknown, Unknown","Not Suspect of Alcohol Use, Not Suspect of Drug Use","85D1CC0A-4835-462B-A01C-C2294D5BA826","Pedestrian","Other","None (No Improper Action)","Shoulder/Roadside","No","Possible Injury","None","39.05955874","-77.1306544","    (39.05955874, -77.1306544)"
"MCP33200048","250050834","MONTGOMERY","Property Damage Crash","11/12/2025 04:10:00 PM","County Route","RILEY RD","SEMINARY PL",,,"Pedestrian","Single Vehicle","Clear","Dry","Daylight","Stop Sign","Unknown, Unknown","Not Suspect of Alcohol Use, Not Suspect of Drug Use","FCE4EBF3-8DDF-4E99-967B-44F80BBA31A6","Pedestrian","Cross/Enter at Intersection","None (No Improper Action)","Intersection Marked Crosswalk","No","No Apparent Injury","None","39.00969415","-77.04309288","    (39.00969415, -77.04309288)"
"MCP3290004N","250050782","MONTGOMERY","Injury Crash","11/12/2025 02:37:00 PM","Maryland (State) Route","METRORAIL TRACK B1 RAIL",,,,"Cyclist (non-electric)","Single Vehicle","Clear","Dry","Daylight","No Controls","Unknown, Unknown","Not Suspect of Alcohol Use, Not Suspect of Drug Use","7E6818D6-D153-43D6-A558-7171E8076F55","Cyclist (non-electric)","Walking/Cycling on Sidewalk","Other","Travel Lane Other Location","Yes","Suspected Minor Injury","None","39.01073624","-77.04098269","    (39.01073624, -77.04098269)"
"MCP3362006S","250050781","MONTGOMERY","Injury Crash","11/12/2025 02:21:00 PM","Maryland (State) Route","UNIVERSITY BLVD W",,,,"Cyclist (non-electric)","Single Vehicle","Clear","Dry","Daylight","Traffic Control Signal","Not Suspect of Alcohol Use, Not Suspect of Drug Use","Not Suspect of Alcohol Use, Not Suspect of Drug Use","358CCD26-A57A-4D6A-BEB2-6DBDB98B4B28","Cyclist (non-electric)","Cross/Enter Not at Intersection","Dart/Dash","Intersection Marked Crosswalk","No","Suspected Minor Injury","None","39.02607318","-77.02027006","    (39.02607318, -77.02027006)"
"MCP3358003T","250050584","MONTGOMERY","Property Damage Crash","11/11/2025 08:26:00 AM","County Route","LELAND ST","WOODMONT AVE",,,"Scooter (electric)","Single Vehicle","Clear","Dry","Daylight","Pedestrian Crossing","Not Suspect of Alcohol Use, Not Suspect of Drug Use","Not Suspect of Alcohol Use, Not Suspect of Drug Use","A2DDCA93-252D-4597-8812-59F48EF56B88","Scooter (electric)","Cross/Enter at Intersection","None (No Improper Action)","Intersection Marked Crosswalk","No","No Apparent Injury","Helmet","38.98008632","-77.09376028","    (38.98008632, -77.09376028)"