"Report Number","Local Case Number","Agency Name","ACRS Report Type","Crash Date/Time","Route Type","Road Name","Cross-Street Name","Off-Road Description","Municipality","Related Non-Motorist","Collision Type","Weather","Surface Condition","Light","Traffic Control","Driver Substance Abuse","Non-Motorist Substance Abuse","Person ID","Pedestrian Type","Pedestrian Movement","Pedestrian Actions","Pedestrian Location","At Fault","Injury Severity","Safety Equipment","Latitude","Longitude","Location"
"MCP291700F5","250033950","MONTGOMERY","Injury Crash","07/30/2025 12:58:00 PM","Maryland (State) Route","GEORGIA AVE (SB/L)","EMORY LA",,,"Cyclist (non-electric)","Single Vehicle","Clear","Dry","Daylight","Traffic Control Signal","Not Suspect of Alcohol Use, Not Suspect of Drug Use","Not Suspect of Alcohol Use, Not Suspect of Drug Use","722BF538-8CCE-488D-8B4D-9ECC5A7BB92D","Cyclist (non-electric)","Walking/Cycling Along Roadway With Traffic (In or Adjacent to Travel Lane)","Other","Intersection Other","No","Suspected Minor Injury","Helmet","39.12615506","-77.07252597","    (39.12615506, -77.07252597)"
"MCP272600DT","250033929","MONTGOMERY","Injury Crash","07/30/2025 11:27:00 AM","Maryland (State) Route","FREDERICK RD",,,,"Scooter (electric)","Single Vehicle","Clear","Dry","Daylight","No Controls","Not Suspect of Alcohol Use, Not Suspect of Drug Use","Not Suspect of Alcohol Use, Not Suspect of Drug Use","837715B0-7132-440D-BDD1-BE810BBFD44F","Scooter (electric)","Walking/Cycling Along Roadway With Traffic (In or Adjacent to Travel Lane)","Other","Travel Lane Other Location","Yes","Suspected Minor Injury","None","39.10778468","-77.15898545","    (39.10778468, -77.15898545)"
"EJ7887005X","250033906","GAITHERSBURG","Injury Crash","07/30/2025 09:50:00 AM",,,,"Parking Lot Way        IN FRONT OR 225 MUDDY BRANCH RD",,"Pedestrian","Single Vehicle","Clear",,"Daylight",,"Not Suspect of Alcohol Use, Not Suspect of Drug Use","Not Suspect of Alcohol Use, Not Suspect of Drug Use","89D94BD8-A5D2-4F0E-B3BA-3EF508DADEF9","Pedestrian","Cross/Enter at Intersection","None (No Improper Action)","Intersection Marked Crosswalk","No","Suspected Minor Injury","None","39.1280205","-77.20596567","    (39.1280205, -77.20596567)"
"MCP2286006Q","250033835","MONTGOMERY","Injury Crash","07/29/2025 06:30:00 PM","Private Route",,,,,"Pedestrian","Single Vehicle","Clear","Dry","Daylight","Pedestrian Crossing Sign","Not Suspect of Alcohol Use, Not Suspect of Drug Use","Not Suspect of Alcohol Use, Unknown","BA71CE7D-2B10-447C-B048-FF4152401341","Pedestrian","Cross/Enter Not at Intersection","In Roadway Improperly (Standing, Lying, Working, Playing)","Travel Lane Other Location","Yes","Possible Injury","None","39.11986319","-77.16505189","    (39.11986319, -77.16505189)"
"MCP1534001H","250033739","MONTGOMERY","Property Damage Crash","07/29/2025 12:20:00 PM","Maryland (State) Route","RIDGE RD (SB/L)",,,,"Occupant Of a Non-Motor Vehicle Transportation Device","Single Vehicle","Clear","Dry","Daylight","No Controls","Not Suspect of Alcohol Use, Not Suspect of Drug Use","Not Suspect of Alcohol Use, Not Suspect of Drug Use","B48E66DA-1B0E-4820-BB2F-58AB3F1D15D3","Occupant Of a Non-Motor Vehicle Transportation Device","Walking/Cycling on Sidewalk","None (No Improper Action)","Driveway Access","No","No Apparent Injury","None","39.2865527","-77.20846614","    (39.2865527, -77.20846614)"
"MCP312900D3","250033551","MONTGOMERY","Injury Crash","07/29/2025 10:26:00 AM",,,,"Parking Stall        PARKING LOT OF 7-ELEVEN LOCATED AT 14101 GEORGIA AVE, SILVER SPRING MD 20906",,"Pedestrian","Front to Rear","Clear",,"Daylight",,"Unknown, Unknown","Not Suspect of Alcohol Use, Not Suspect of Drug Use","F51BDEAD-E6D9-4E18-8B7C-FF876940570F","Pedestrian","Standing","None (No Improper Action)","Other","No","Suspected Minor Injury","None","39.08525203","-77.07805725","    (39.08525203, -77.07805725)"
"MCP22700051","250033704","MONTGOMERY","Injury Crash","07/29/2025 09:45:00 AM","County Route","MACARTHUR BLVD","ERICSSON RD",,,"Cyclist (non-electric)","Single Vehicle","Clear","Dry","Daylight","Stop Sign","Not Suspect of Alcohol Use, Not Suspect of Drug Use","Not Suspect of Alcohol Use, Not Suspect of Drug Use","A79BC201-DD05-4B6A-B325-E5662A969302","Cyclist (non-electric)","Cross/Enter at Intersection","Failure to Yield Right-Of-Way","Intersection Marked Crosswalk","Yes","Suspected Minor Injury","Helmet","38.97280562","-77.1525608","    (38.97280562, -77.1525608)"
"MCP3339005B","250033468","MONTGOMERY","Injury Crash","07/27/2025 05:16:00 PM","County Route","BLUHILL RD","RANDOLPH RD (WB/L)",,,"Cyclist (Electric)","Single Vehicle","Rain","Wet","Daylight","Pedestrian Crossing Sign","Not Suspect of Alcohol Use, Not Suspect of Drug Use","Not Suspect of Alcohol Use, Not Suspect of Drug Use","4B5A7524-CF3B-4A11-B476-F5EAAC441DD6","Cyclist (Electric)","Cross/Enter at Intersection","None (No Improper Action)","Intersection Marked Crosswalk","No","Possible Injury","Helmet","39.05911733","-77.0648725","    (39.05911733, -77.0648725)"
"MCP30850068","250033379","MONTGOMERY","Injury Crash","07/26/2025 08:56:00 PM","Maryland (State) Route",,,,,"Scooter (electric)","Single Vehicle","Clear","Dry","Dark - Not Lighted","No Controls","Not Suspect of Alcohol Use, Not Suspect of Drug Use","Unknown, Unknown","584E2004-8769-434F-83D1-A61D1939910A","Scooter (electric)","Unknown","Unknown","Intersection Marked Crosswalk","No","Suspected Serious Injury","None","38.99546615","-77.04233931","    (38.99546615, -77.04233931)"
"MCP3126006V","250033242","MONTGOMERY","Property Damage Crash","07/25/2025 07:40:00 PM",,,,"Driveway        FRONT YARD OF 26618 RIDGE ROAD",,"Pedestrian","Single Vehicle","Clear",,"Daylight",,"Unknown, Unknown","Not Suspect of Alcohol Use, Not Suspect of Drug Use","2B14638E-FFDA-4592-8B05-32AF9B485132","Pedestrian","None","None (No Improper Action)","Driveway Access","No","No Apparent Injury","None","39.2931775","-77.20495534","    (39.2931775, -77.20495534)"
"MCP292300F3","250033178","MONTGOMERY","Injury Crash","07/25/2025 02:03:00 PM","County Route","HARRIS AVE","IVANHOE ST",,,"Cyclist (non-electric)","Unknown","Clear","Dry","Daylight","Stop Sign","Unknown, Unknown","Not Suspect of Alcohol Use, Not Suspect of Drug Use","E44322C3-E1AF-4B60-988D-E543778DBDDE","Cyclist (non-electric)","Walking/Cycling Along Roadway With Traffic (In or Adjacent to Travel Lane)","None (No Improper Action)","Intersection Other","No","Suspected Minor Injury","Unknown","39.05057131","-77.05674422","    (39.05057131, -77.05674422)"
"MCP3136007M","250033171","MONTGOMERY","Injury Crash","07/25/2025 01:27:00 PM","County Route","SECOND AVE (NB/L)",,,,"Pedestrian","Single Vehicle","Clear","Dry","Daylight","Pedestrian Crossing Sign","Not Suspect of Alcohol Use, Not Suspect of Drug Use","Not Suspect of Alcohol Use, Not Suspect of Drug Use","F597FA52-EC30-4D17-8151-B3DB2476FE5F","Pedestrian","Cross/Enter at Intersection","None (No Improper Action)","Intersection Marked Crosswalk","No","Suspected Minor Injury","None","38.99486117","-77.03063183","    (38.99486117, -77.03063183)"
"MCP32690049","250033093","MONTGOMERY","Injury Crash","07/24/2025 11:11:00 PM","US (State)","COLUMBIA PIKE",,,,"Pedestrian","Single Vehicle","Clear","Dry","Dark - Lighted","Traffic Control Signal","Unknown, Unknown","Not Suspect of Alcohol Use, Not Suspect of Drug Use","9284834A-D907-435B-9F43-3F0EE1D57179","Pedestrian","Cross/Enter at Intersection","None (No Improper Action)","Intersection Marked Crosswalk","No","Suspected Minor Injury","None","39.05790487","-76.9683369","    (39.05790487, -76.9683369)"
"EJ7916000B","250033064","GAITHERSBURG","Injury Crash","07/24/2025 06:37:00 PM","Other Public Roadway","DIAMONDBACK DR",,,,"Unknown Type Of Non-Motorist","Single Vehicle","Clear","Dry","Daylight","Stop Sign","Not Suspect of Alcohol Use, Not Suspect of Drug Use","Not Suspect of Alcohol Use, Not Suspect of Drug Use","9191035A-5ED6-4214-B519-13DECE187E15","Unknown Type Of Non-Motorist","Standing","None (No Improper Action)","Unknown","No","Suspected Minor Injury","None","39.11308741","-77.20743699","    (39.11308741, -77.20743699)"
"MCP285300B9","250033040","MONTGOMERY","Property Damage Crash","07/24/2025 04:12:00 PM",,,,"Parking Lot Way        SIDEWALK OF 10203 NEW HAMPSHIRE AVENUE",,"Cyclist (Electric)","Single Vehicle","Clear",,"Daylight",,"Unknown, Unknown","Not Suspect of Alcohol Use, Not Suspect of Drug Use","38012B19-15F4-4473-98EA-6F0377647606","Cyclist (Electric)","Walking/Cycling on Sidewalk","None (No Improper Action)","Sidewalk","No","No Apparent Injury","None","39.02327833","-76.9779736","    (39.02327833, -76.9779736)"
"MCP2291008W","250033014","MONTGOMERY","Injury Crash","07/24/2025 01:43:00 PM",,,,"Parking Aisle        PARKING LOT OF 7111 DEMOCRACY BOULEVARD (NORDSTROMS)",,"Pedestrian","Single Vehicle","Clear",,"Daylight",,"Not Suspect of Alcohol Use, Not Suspect of Drug Use","Not Suspect of Alcohol Use, Not Suspect of Drug Use","29F63FA0-F2D3-449C-980B-C469F1BD694C","Pedestrian","Other","None (No Improper Action)","Other","No","Suspected Minor Injury","None","39.02362743","-77.14408679","    (39.02362743, -77.14408679)"
"MCP3446000M","250033015","MONTGOMERY","Injury Crash","07/24/2025 01:30:00 PM","Maryland (State) Route","UNIVERSITY BLVD W",,,,"Cyclist (non-electric)","Single Vehicle","Clear","Dry","Daylight","No Controls","Not Suspect of Alcohol Use, Not Suspect of Drug Use","Not Suspect of Alcohol Use, Not Suspect of Drug Use","9B0CC85C-E189-48B8-B1DF-8A54E2EBD70A","Cyclist (non-electric)","Walking/Cycling Along Roadway With Traffic (In or Adjacent to Travel Lane)","Failure to Yield Right-Of-Way","Intersection Marked Crosswalk","Yes","Suspected Minor Injury","None","39.04145897","-77.05153178","    (39.04145897, -77.05153178)"
"MCP3430000K","250032981","MONTGOMERY","Injury Crash","07/24/2025 11:20:00 AM","Maryland (State) Route","COLESVILLE RD","GEORGIA AVE (SB/L)",,,"Pedestrian","Single Vehicle","Clear","Dry","Daylight","Traffic Control Signal","Not Suspect of Alcohol Use, Not Suspect of Drug Use","Not Suspect of Alcohol Use, Not Suspect of Drug Use","5EAD4900-0DA0-4340-A08D-C88DC6FC32B3","Pedestrian","Cross/Enter at Intersection","None (No Improper Action)","Intersection Marked Crosswalk","No","Possible Injury","None","38.99591567","-77.02819433","    (38.99591567, -77.02819433)"
"MCP30660031","250032928","MONTGOMERY","Injury Crash","07/23/2025 09:35:00 PM","County Route","WOODMONT AVE",,,,"Pedestrian","Single Vehicle","Clear","Dry","Dark - Lighted","Traffic Control Signal","Not Suspect of Alcohol Use, Not Suspect of Drug Use","Not Suspect of Alcohol Use, Not Suspect of Drug Use","105A1B46-31C1-48AB-986C-52DF9BBBE081","Pedestrian","Standing","In Roadway Improperly (Standing, Lying, Working, Playing)","Other","No","Suspected Serious Injury","None","38.98407173","-77.09624639","    (38.98407173, -77.09624639)"
"MCP3444000P","250032875","MONTGOMERY","Injury Crash","07/23/2025 03:02:00 PM","Maryland (State) Route",,,,,"Pedestrian","Angle","Clear","Dry","Daylight","Traffic Control Signal","Not Suspect of Alcohol Use, Not Suspect of Drug Use, Not Suspect of Alcohol Use, Not Suspect of Drug Use","Not Suspect of Alcohol Use, Not Suspect of Drug Use","7B41805A-E737-482B-85EB-6D3CED217E67","Pedestrian","Standing","None (No Improper Action)","Sidewalk","No","Possible Injury","None","38.99817821","-77.00371955","    (38.99817821, -77.00371955)"
"MCP3444000P","250032875","MONTGOMERY","Injury Crash","07/23/2025 03:02:00 PM","Maryland (State) Route",,,,,"Pedestrian","Angle","Clear","Dry","Daylight","Traffic Control Signal","Not Suspect of Alcohol Use, Not Suspect of Drug Use, Not Suspect of Alcohol Use, Not Suspect of Drug Use","Not Suspect of Alcohol Use, Not Suspect of Drug Use","2ED238E5-10DB-44C2-9D0D-DB15CF700DF4","Pedestrian","Standing","None (No Improper Action)","Sidewalk","No","Possible Injury","None","38.99817821","-77.00371955","    (38.99817821, -77.00371955)"
"MCP3050006T","250032542","MONTGOMERY","Property Damage Crash","07/21/2025 05:14:00 PM","Maryland (State) Route","GEORGIA AVE (SB/L)","HEATHFIELD RD",,,"Cyclist (non-electric)","Single Vehicle","Clear","Dry","Daylight","Traffic Control Signal","Not Suspect of Alcohol Use, Not Suspect of Drug Use","Not Suspect of Alcohol Use, Not Suspect of Drug Use","5FA76DF2-E135-4D6A-80EF-B34C35D85FB2","Cyclist (non-electric)","Cross/Enter at Intersection","None (No Improper Action)","Intersection Marked Crosswalk","No","No Apparent Injury","None","39.08761658","-77.0797224","    (39.08761658, -77.0797224)"
"MCP3292002N","250032316","MONTGOMERY","Injury Crash","07/19/2025 09:15:00 PM","County Route","WASHINGTON GROVE LA","TOWNE CREST DR",,,"Pedestrian","Single Vehicle","Clear","Dry","Dark - Lighted","No Controls","Unknown, Unknown","Not Suspect of Alcohol Use, Not Suspect of Drug Use","DA2BD773-5AA4-4D25-A83B-91830D776434","Pedestrian","Cross/Enter at Intersection","None (No Improper Action)","Intersection Marked Crosswalk","No","Possible Injury","None","39.14392255","-77.17326456","    (39.14392255, -77.17326456)"
"MCP3407001C","250032308","MONTGOMERY","Injury Crash","07/19/2025 09:00:00 PM","Maryland (State) Route","FREDERICK RD (SB/L)","GERMANTOWN RD",,,"Pedestrian","Unknown","Clear","Dry","Dark - Lighted","Traffic Control Signal","Not Suspect of Alcohol Use, Not Suspect of Drug Use","Not Suspect of Alcohol Use, Not Suspect of Drug Use","56B7C81C-0602-453F-996A-C58791D80F7B","Pedestrian","Cross/Enter at Intersection","None (No Improper Action)","Intersection Marked Crosswalk","No","Suspected Minor Injury","None","39.19208084","-77.24268448","    (39.19208084, -77.24268448)"
"DD56900006","250032304","ROCKVILLE","Injury Crash","07/19/2025 08:44:00 PM","Maryland (State) Route","HUNGERFORD DR (SB/L)",,,,"Pedestrian","Single Vehicle","Clear","Wet","Dark - Lighted","Traffic Control Signal","Not Suspect of Alcohol Use, Not Suspect of Drug Use","Not Suspect of Alcohol Use, Not Suspect of Drug Use","D0C91B19-258D-4A94-B3B0-B5E221FA9418","Pedestrian","None","Failure to Yield Right-Of-Way","Shoulder/Roadside","Yes","Suspected Minor Injury","None","39.09408637","-77.15340161","    (39.09408637, -77.15340161)"
"DM8505002M","250032290","TAKOMA","Injury Crash","07/19/2025 05:58:00 PM",,,,"Parking Lot Way        IN THE PARKING LOT INFRONT OF 1159 UNIVERISTY BLVD E, TAKOMA PARK, MD, 20912",,"Pedestrian","Single Vehicle","Rain",,"Daylight",,"Unknown, Unknown","Unknown, Unknown","A7631801-670E-4629-BEDD-5703059FDFCB","Pedestrian","Cross/Enter Not at Intersection","Unknown","Travel Lane Other Location","No","Suspected Minor Injury","None","38.98892033","-76.9892315","    (38.98892033, -76.9892315)"
"MCP2181005L","250032210","MONTGOMERY","Fatal Crash","07/18/2025 10:34:00 PM","County Route","TECH RD","COLUMBIA PIKE",,,"Pedestrian","Single Vehicle","Clear","Dry","Dark - Lighted","Traffic Control Signal","Not Suspect of Alcohol Use, Not Suspect of Drug Use","Unknown, Unknown","1E55E042-9BD2-4B1E-8016-A1D662B67340","Pedestrian","Cross/Enter at Intersection","Dart/Dash","Intersection Marked Crosswalk","Yes","Fatal Injury","None","39.05785436","-76.9683232","    (39.05785436, -76.9683232)"
"MCP32750032","250032017","MONTGOMERY","Injury Crash","07/17/2025 11:24:00 PM","Private Route",,,,,"Pedestrian","Single Vehicle","Clear","Dry","Dark - Lighted","No Controls","Not Suspect of Alcohol Use, Not Suspect of Drug Use","Not Suspect of Alcohol Use, Not Suspect of Drug Use","774C11F0-D3E5-4B7B-8589-06029EF0D31E","Pedestrian","Cross/Enter at Intersection","None (No Improper Action)","Intersection Unmarked Crosswalk","No","Suspected Minor Injury","Unknown","39.04162735","-76.98591085","    (39.04162735, -76.98591085)"
"MCP3473000B","250031836","MONTGOMERY","Injury Crash","07/16/2025 09:52:00 PM","Maryland (State) Route","UNIVERSITY BLVD E",,,,"Pedestrian","Single Vehicle","Rain","Wet","Dark - Lighted","Traffic Control Signal","Not Suspect of Alcohol Use, Not Suspect of Drug Use","Not Suspect of Alcohol Use, Not Suspect of Drug Use","5513E85C-44E0-431E-B432-41324FDECC00","Pedestrian","Cross/Enter at Intersection","None (No Improper Action)","Intersection Marked Crosswalk","No","Suspected Minor Injury","None","39.01204766","-77.00263386","    (39.01204766, -77.00263386)"
"MCP2723009Q","250031783","MONTGOMERY","Injury Crash","07/16/2025 04:20:00 PM","County Route","BONIFANT RD","ALDERTON RD",,,"Cyclist (non-electric)","Single Vehicle","Clear","Dry","Daylight","No Controls","Not Suspect of Alcohol Use, Not Suspect of Drug Use","Not Suspect of Alcohol Use, Not Suspect of Drug Use","48CD0EA6-DF86-458A-87DE-5FAF885300E0","Cyclist (non-electric)","Walking/Cycling Along Roadway With Traffic (In or Adjacent to Travel Lane)","None (No Improper Action)","Shoulder/Roadside","No","Suspected Minor Injury","None","39.09349827","-77.0358374","    (39.09349827, -77.0358374)"
"MCP26350092","250031694","MONTGOMERY","Fatal Crash","07/16/2025 10:40:00 AM","Maryland (State) Route","CONNECTICUT AVE",,,,"Pedestrian","Single Vehicle","Clear","Dry","Daylight","No Controls","Not Suspect of Alcohol Use, Not Suspect of Drug Use","Unknown, Unknown","EF2DB3A6-CD77-4C6F-9580-F4BC63AD282F","Pedestrian","Walking/Cycling on Sidewalk","Unknown","Driveway Access","No","Fatal Injury","None","39.03030919","-77.07557466","    (39.03030919, -77.07557466)"
"MCP3372003Q","250031691","MONTGOMERY","Property Damage Crash","07/16/2025 10:23:00 AM","Maryland (State) Route","OLNEY SANDY SPRING RD",,,,"Cyclist (non-electric)","Single Vehicle","Clear","Dry","Daylight","No Controls","Not Suspect of Alcohol Use, Not Suspect of Drug Use","Not Suspect of Alcohol Use, Not Suspect of Drug Use","120A4BA0-FC26-4744-A348-B9895E95A989","Cyclist (non-electric)","Other","Improper Passing, Improper Turn/Merge), Other","Travel Lane Other Location","Yes","No Apparent Injury","Helmet, Other, Reflectors","39.14604634","-77.04999823","    (39.14604634, -77.04999823)"
"MCP3463000R","250031478","MONTGOMERY","Injury Crash","07/15/2025 08:00:00 AM",,,,"Driveway        DRIVEWAY OF 8041 SNOUFFER SCHOOL RD",,"Pedestrian","Single Vehicle","Clear",,"Daylight",,"Not Suspect of Alcohol Use, Not Suspect of Drug Use","Not Suspect of Alcohol Use, Not Suspect of Drug Use","275A5D15-D5FC-4306-81DA-32D36ABE691B","Pedestrian","Standing","Other","Driveway Access","Yes","Suspected Minor Injury","None","39.16127691","-77.16340414","    (39.16127691, -77.16340414)"
"MCP263900HB","250031315","MONTGOMERY","Injury Crash","07/14/2025 09:43:00 AM","Maryland (State) Route","KEY WEST AVE (WB/L)",,,,"Cyclist (non-electric)","Single Vehicle","Clear","Dry","Daylight","No Controls","Not Suspect of Alcohol Use, Not Suspect of Drug Use","Not Suspect of Alcohol Use, Not Suspect of Drug Use","03499F59-FD10-4BFD-B88E-9EC5D93724D1","Cyclist (non-electric)","Walking/Cycling on Sidewalk","None (No Improper Action)","Driveway Access","Yes","Possible Injury","Helmet","39.10562749","-77.1990546","    (39.10562749, -77.1990546)"
"MCP24660069","250031122","MONTGOMERY","Injury Crash","07/12/2025 08:02:00 PM","Local Route","GLENSTONE BLDG 6 7 8 ENT","GLEN RD",,,"Cyclist (Electric)","Single Vehicle","Clear","Dry","Daylight","No Controls","Not Suspect of Alcohol Use, Not Suspect of Drug Use","Not Suspect of Alcohol Use, Not Suspect of Drug Use","A08ACFE8-8D65-429C-9D9A-D5A17689C739","Cyclist (Electric)","Walking/Cycling Along Roadway With Traffic (In or Adjacent to Travel Lane)","None (No Improper Action)","Travel Lane Other Location","No","Possible Injury","Helmet","39.06304122","-77.25090093","    (39.06304122, -77.25090093)"
"MCP3387002W","250031067","MONTGOMERY","Injury Crash","07/12/2025 02:00:00 PM","Spur",,"NEW HAMPSHIRE AVE (SB/L)",,,"Cyclist (non-electric)","Single Vehicle","Cloudy","Dry","Daylight","Traffic Control Signal","Not Suspect of Alcohol Use, Not Suspect of Drug Use","Not Suspect of Alcohol Use, Not Suspect of Drug Use","72966FEE-57FC-44B7-9A4A-855C4035A197","Cyclist (non-electric)","Cross/Enter at Intersection","None (No Improper Action)","Intersection Marked Crosswalk","No","Suspected Minor Injury","None","39.0394784","-76.99073258","    (39.0394784, -76.99073258)"
"MCP2863003V","250031100","MONTGOMERY","Injury Crash","07/12/2025 08:30:00 AM","Other Public Roadway","W WATKINS MILL RD (SB/L)","RAMP 2 FR WATKINS MILL RD TO IS 270 NB",,,"Cyclist (non-electric)","Single Vehicle","Unknown",,"Unknown","Traffic Control Signal","Unknown, Unknown","Not Suspect of Alcohol Use, Not Suspect of Drug Use","553BC94C-8715-4D78-A96F-6C62ED7C136B","Cyclist (non-electric)","Cross/Enter at Intersection","Unknown","Intersection Marked Crosswalk","No","Suspected Minor Injury","Unknown","39.15679255","-77.22479893","    (39.15679255, -77.22479893)"
"MCP33010037","250030983","MONTGOMERY","Property Damage Crash","07/11/2025 10:15:00 PM","County Route","NEW HAMPSHIRE AVE SER RD",,,,"Pedestrian","Single Vehicle","Clear","Dry","Dark - Lighted","No Controls","Unknown, Unknown","Not Suspect of Alcohol Use, Not Suspect of Drug Use","5E05F944-8B35-4218-95A6-078EE2F56901","Pedestrian","Getting Off/On Vehicle","Other","OffStreet Trails or Sidepaths","No","No Apparent Injury","None","39.01174409","-76.97866377","    (39.01174409, -76.97866377)"
"MCP34570016","250030925","MONTGOMERY","Injury Crash","07/11/2025 04:20:00 PM","Maryland (State) Route",,,,,"Pedestrian","Single Vehicle","Clear","Dry","Daylight","Traffic Control Signal","Unknown, Unknown","Not Suspect of Alcohol Use, Not Suspect of Drug Use","E55E8A13-6CA4-45E9-8CFA-70B86FC9F31D","Pedestrian","Cross/Enter at Intersection","Failure to Yield Right-Of-Way","Intersection Marked Crosswalk","No","Suspected Minor Injury","None","38.98759107","-77.02679645","    (38.98759107, -77.02679645)"
"MCP3409000S","250030829","MONTGOMERY","Injury Crash","07/10/2025 11:27:00 PM",,,,"Parking Lot Way        THE EXIT OF THE MCDONALDS PARKING LOT. TURNING RIGHT INTO MONTGOMERY VILLAGE AVE.",,"Pedestrian","Single Vehicle","Clear",,"Dark - Lighted",,,"Not Suspect of Alcohol Use, Not Suspect of Drug Use","E1640745-B479-4D35-8695-9B80861FD999","Pedestrian","Walking/Cycling on Sidewalk","Unknown","Sidewalk","No","Suspected Minor Injury","None","39.17341239","-77.20404577","    (39.17341239, -77.20404577)"
"MCP3381002P","250030808","MONTGOMERY","Injury Crash","07/10/2025 09:16:00 PM","Maryland (State) Route",,,,,"Pedestrian","Single Vehicle","Clear","Dry","Dark - Lighted","No Controls","Not Suspect of Alcohol Use, Not Suspect of Drug Use","Not Suspect of Alcohol Use, Not Suspect of Drug Use","CCD74FF4-A5BA-4E83-A0A4-386279475006","Pedestrian","Getting Off/On Vehicle","In Roadway Improperly (Standing, Lying, Working, Playing)","Other","Yes","Suspected Minor Injury","None","39.22978775","-77.26801688","    (39.22978775, -77.26801688)"
"MCP2622004Y","250030600","MONTGOMERY","Injury Crash","07/09/2025 06:39:00 PM",,,,"Parking Lot Way        PARKING LOT OF 10113 NEW HAMPSHIRE AVE",,"Pedestrian","Single Vehicle","Rain",,"Daylight",,"Not Suspect of Alcohol Use, Not Suspect of Drug Use","Not Suspect of Alcohol Use, Not Suspect of Drug Use","C69AF1D4-314B-4C82-B22A-67B672152AE0","Pedestrian","Cross/Enter at Intersection","Unknown","Intersection Marked Crosswalk","No","Possible Injury","None","39.02079749","-76.97548898","    (39.02079749, -76.97548898)"
"MCP31700049","250030375","MONTGOMERY","Injury Crash","07/08/2025 12:40:00 PM",,,,"Parking Lot Way        PARKING LOT OF 20924 FREDERICK RD",,"Pedestrian","Single Vehicle","Clear",,"Daylight",,"Unknown, Unknown","Not Suspect of Alcohol Use, Not Suspect of Drug Use","6CE3572A-718D-4F10-9B66-A97103E82103","Pedestrian","None","None (No Improper Action)","Other","No","Suspected Minor Injury","None","39.20161376","-77.24961592","    (39.20161376, -77.24961592)"
"MCP25630026","250030192","MONTGOMERY","Fatal Crash","07/07/2025 11:39:00 AM","Maryland (State) Route",,,,,"Pedestrian","Single Vehicle","Clear","Dry","Daylight","Curve Ahead Warning Sign","Not Suspect of Alcohol Use, Not Suspect of Drug Use","Not Suspect of Alcohol Use, Not Suspect of Drug Use","C62C459E-F54C-4F25-9CAB-069F672ED7C4","Pedestrian","Walking/Cycling on Sidewalk","None (No Improper Action)","Sidewalk","No","Fatal Injury","None","39.14144708","-77.13803748","    (39.14144708, -77.13803748)"