"Report Number","Local Case Number","Agency Name","ACRS Report Type","Crash Date/Time","Route Type","Road Name","Cross-Street Name","Off-Road Description","Municipality","Related Non-Motorist","Collision Type","Weather","Surface Condition","Light","Traffic Control","Driver Substance Abuse","Non-Motorist Substance Abuse","Person ID","Pedestrian Type","Pedestrian Movement","Pedestrian Actions","Pedestrian Location","At Fault","Injury Severity","Safety Equipment","Latitude","Longitude","Location"
"MCP1227002B","250030119","MONTGOMERY","Fatal Crash","07/06/2025 09:36:00 PM","Maryland (State) Route","VEIRS MILL RD (WB/L)",,,,"Pedestrian","Single Vehicle","Clear","Dry","Dark - Lighted","Intersection Ahead Warning Sign","Not Suspect of Alcohol Use, Not Suspect of Drug Use","Not Suspect of Alcohol Use, Not Suspect of Drug Use","75AEF960-E76D-4EE9-A7F0-B03213E9D728","Pedestrian","Cross/Enter Not at Intersection","Unknown","Travel Lane Other Location","No","Fatal Injury","None","39.04183488","-77.05875871","    (39.04183488, -77.05875871)"
"MCP3387002T","250030033","MONTGOMERY","Injury Crash","07/06/2025 11:36:00 AM",,,,"Parking Lot Way        FORCEY BIBLE CHURCH PARKING LOT",,"Pedestrian","Single Vehicle","Clear",,"Daylight",,"Not Suspect of Alcohol Use, Not Suspect of Drug Use","Not Suspect of Alcohol Use, Not Suspect of Drug Use","FB9697BC-A29F-4223-92F2-55BE1EB1D53B","Pedestrian","Standing","None (No Improper Action)","Other","No","Suspected Minor Injury","None","39.06436898","-76.96644317","    (39.06436898, -76.96644317)"
"MCP3402003T","250030007","MONTGOMERY","Injury Crash","07/06/2025 06:59:00 AM","Ramp","RAMP 7 FR US 29 WB TO MD 650 SB",,,,"Cyclist (non-electric)","Single Vehicle","Clear","Dry","Daylight","No Controls","Not Suspect of Alcohol Use, Not Suspect of Drug Use","Not Suspect of Alcohol Use, Not Suspect of Drug Use","1C93A1E7-373B-4894-B7D3-59270C72949B","Cyclist (non-electric)","Cross/Enter at Intersection","None (No Improper Action)","Intersection Marked Crosswalk","No","Suspected Serious Injury","Helmet","39.04416004","-76.99242322","    (39.04416004, -76.99242322)"
"MCP3051008N","250029851","MONTGOMERY","Injury Crash","07/04/2025 10:50:00 PM","Maryland (State) Route","ROCKVILLE PIKE",,,,"Scooter (electric)","Single Vehicle","Clear","Dry","Dark - Not Lighted","Traffic Control Signal","Not Suspect of Alcohol Use, Not Suspect of Drug Use","Not Suspect of Alcohol Use, Not Suspect of Drug Use","1FD5E0B6-E039-4046-913B-F75E53650ED9","Scooter (electric)","Walking/Cycling Along Roadway With Traffic (In or Adjacent to Travel Lane)","None (No Improper Action)","Other","No","Possible Injury","Helmet, Lighting, Protective Pads (elbows, knees, shins, etc.)","39.02278767","-77.10275583","    (39.02278767, -77.10275583)"
"MCP3050006Q","250029827","MONTGOMERY","Injury Crash","07/04/2025 07:59:00 PM","Maryland (State) Route","GEORGIA AVE",,,,"Pedestrian","Single Vehicle","Clear","Dry","Daylight","Traffic Control Signal","Unknown, Unknown","Not Suspect of Alcohol Use, Not Suspect of Drug Use","0584C933-10C0-4EFF-A967-FF3E85BA0EDC","Pedestrian","Cross/Enter at Intersection","None (No Improper Action)","Intersection Marked Crosswalk","No","Suspected Minor Injury","None","39.07767731","-77.07088914","    (39.07767731, -77.07088914)"
"HA25560006","25001318","MCPARK","Injury Crash","07/03/2025 10:20:00 AM","Bicycle Route",,"CAPITAL CRESCENT TR LITTLE FALLS PKWY (NB/L)",,,"Pedestrian","Single Vehicle","Clear","Dry","Daylight","Pedestrian Crossing Sign","Not Suspect of Alcohol Use, Not Suspect of Drug Use","Not Suspect of Alcohol Use, Not Suspect of Drug Use","014E46E9-8B8A-44A4-BF6D-9CF109BAB83C","Pedestrian","Cross/Enter Not at Intersection","Dart/Dash, Failure to Obey Traffic Signs, Signals, or Officer","Midblock Marked Crosswalk","No","Possible Injury","None","38.9734963","-77.10115123","    (38.9734963, -77.10115123)"
"MCP3430000F","250029428","MONTGOMERY","Injury Crash","07/02/2025 02:19:00 PM","County Route","FENTON ST",,,,"Pedestrian","Single Vehicle","Clear","Dry","Daylight","No Controls","Not Suspect of Alcohol Use, Not Suspect of Drug Use","Not Suspect of Alcohol Use, Not Suspect of Drug Use","DEF0DD11-A0F1-4BD3-8585-8C47E1133CE9","Pedestrian","Cross/Enter Not at Intersection","In Roadway Improperly (Standing, Lying, Working, Playing)","Travel Lane Other Location","No","Suspected Minor Injury","None","38.99191198","-77.02409793","    (38.99191198, -77.02409793)"
"MCP308600BX","250029362","MONTGOMERY","Injury Crash","07/02/2025 08:00:00 AM",,,,"Parking Lot Way        PARKING LOT OF 20926 FREDERICK  RD GERMANTOWN MD 20874",,"Pedestrian","Single Vehicle","Cloudy",,"Daylight",,"Not Suspect of Alcohol Use, Not Suspect of Drug Use","Not Suspect of Alcohol Use, Not Suspect of Drug Use","B0C71B40-686D-4EDE-A8A9-B270544FB132","Pedestrian","None","None (No Improper Action)","NonTrafficway Area","No","Suspected Minor Injury","None","39.20260479","-77.24906207","    (39.20260479, -77.24906207)"
"MCP3414001X","250029254","MONTGOMERY","Injury Crash","07/01/2025 12:27:00 PM","County Route","FENTON ST","PHILADELPHIA AVE",,,"Pedestrian","Single Vehicle","Clear","Dry","Daylight","No Controls","Not Suspect of Alcohol Use, Not Suspect of Drug Use","Not Suspect of Alcohol Use, Not Suspect of Drug Use","3F3828C8-A462-45E9-8B83-BB608BEF0728","Pedestrian","Cross/Enter at Intersection","Unknown","Intersection Marked Crosswalk","No","Suspected Minor Injury","None","38.98885233","-77.023994","    (38.98885233, -77.023994)"
"DD5674001K","250029139","ROCKVILLE","Injury Crash","06/30/2025 05:17:00 PM","Municipality Route",,,,,"Pedestrian","Single Vehicle","Cloudy","Dry","Daylight","No Controls","Not Suspect of Alcohol Use, Not Suspect of Drug Use","Not Suspect of Alcohol Use, Not Suspect of Drug Use","3D4AFB25-4696-4715-A771-353478509F60","Pedestrian","Cross/Enter Not at Intersection","Dart/Dash","Shared Lane Markings)","Yes","Suspected Minor Injury","None","39.0608502","-77.13035406","    (39.0608502, -77.13035406)"
"MCP3455000T","250030230","MONTGOMERY","Property Damage Crash","06/30/2025 04:10:00 PM","Maryland (State) Route","UNIVERSITY BLVD W (WB/L)","SLIGO CREEK PKWY",,,"Cyclist (non-electric)","Single Vehicle","Clear","Dry","Daylight","Traffic Control Signal","Unknown, Unknown","Not Suspect of Alcohol Use, Not Suspect of Drug Use","2E9673CC-A9F2-4053-84E2-6F656C0BE1F6","Cyclist (non-electric)","Cross/Enter at Intersection","None (No Improper Action)","Intersection Marked Crosswalk","No","No Apparent Injury","Helmet","39.03661471","-77.03049065","    (39.03661471, -77.03049065)"
"MCP30310077","250029046","MONTGOMERY","Injury Crash","06/30/2025 08:40:00 AM","Other Public Roadway","HENDERSON CORNER RD","SENECA CROSSING DR",,,"Pedestrian","Single Vehicle","Clear","Dry","Daylight","Flashing Traffic Control Signal","Not Suspect of Alcohol Use, Not Suspect of Drug Use","Not Suspect of Alcohol Use, Not Suspect of Drug Use","EFDB1E21-4C6D-405C-8CCA-7C239306C1D8","Pedestrian","Cross/Enter at Intersection","None (No Improper Action)","Intersection Marked Crosswalk","No","Possible Injury","None","39.20346683","-77.24442317","    (39.20346683, -77.24442317)"
"MCP3090008N","250028837","MONTGOMERY","Injury Crash","06/28/2025 02:41:00 PM","County Route","CAPEHART DR",,,,"Cyclist (non-electric)","Single Vehicle","Clear","Dry","Daylight","No Controls","Not Suspect of Alcohol Use, Not Suspect of Drug Use","Not Suspect of Alcohol Use, Not Suspect of Drug Use","8494996B-A767-4D83-8D33-E12278D8A1B8","Cyclist (non-electric)","Walking/Cycling Along Roadway Against Traffic (In or Adjacent to Travel Lane)","Other","Travel Lane Other Location","Yes","Possible Injury","Unknown","39.16776863","-77.21789662","    (39.16776863, -77.21789662)"
"DD56440046","250028765","ROCKVILLE","Injury Crash","06/27/2025 09:37:00 PM","Municipality Route","WOOTTON PKWY (EB/L)",,,,"Pedestrian","Single Vehicle","Rain","Wet","Dark - Not Lighted","No Controls","Unknown, Unknown","Not Suspect of Alcohol Use, Not Suspect of Drug Use","B3D863FE-E4DD-4220-BCB4-4A9D5A82236A","Pedestrian","Cross/Enter Not at Intersection","In Roadway Improperly (Standing, Lying, Working, Playing)","Travel Lane Other Location","Yes","Possible Injury","None","39.0690078","-77.16899209","    (39.0690078, -77.16899209)"
"MCP93180043","250028717","MONTGOMERY","Property Damage Crash","06/27/2025 04:43:00 PM","Maryland (State) Route",,,,,"Scooter (electric)","Single Vehicle","Clear","Dry","Daylight","No Controls","Not Suspect of Alcohol Use, Not Suspect of Drug Use","Not Suspect of Alcohol Use, Not Suspect of Drug Use","FA9D033D-BB45-4BF9-A534-27B06EDE1545","Scooter (electric)","Other","None (No Improper Action)","Driveway Access","No","No Apparent Injury","Unknown","38.99258765","-76.9929002","    (38.99258765, -76.9929002)"
"EJ79050039","250028695","GAITHERSBURG","Injury Crash","06/27/2025 03:09:00 PM","Other Public Roadway","W WATKINS MILL RD",,,,"Scooter (electric)","Single Vehicle","Cloudy","Dry","Daylight","Traffic Control Signal","Not Suspect of Alcohol Use, Not Suspect of Drug Use","Not Suspect of Alcohol Use, Not Suspect of Drug Use","2BFA19FB-6CB5-428C-B91B-6AC32FC87F68","Scooter (electric)","Cross/Enter at Intersection","Failure to Obey Traffic Signs, Signals, or Officer","Intersection Marked Crosswalk","Yes","Possible Injury","None","39.15916637","-77.21933489","    (39.15916637, -77.21933489)"
"MCP320000GB","250028502","MONTGOMERY","Injury Crash","06/26/2025 12:38:00 PM","County Route","W CEDAR LA","OLD GEORGETOWN RD",,,"Cyclist (non-electric)","Single Vehicle","Clear","Dry","Daylight","Pedestrian Crossing","Not Suspect of Alcohol Use, Not Suspect of Drug Use","Not Suspect of Alcohol Use, Not Suspect of Drug Use","90378BD4-4C3B-4369-AC59-477CBE45A38B","Cyclist (non-electric)","Cross/Enter at Intersection","None (No Improper Action)","Intersection Marked Crosswalk","No","Suspected Minor Injury","None","39.00454138","-77.11057708","    (39.00454138, -77.11057708)"
"DD56630025","250028444","ROCKVILLE","Injury Crash","06/26/2025 07:28:00 AM","Municipality Route","TOWER OAKS BLVD",,,,"Cyclist (non-electric)","Single Vehicle","Clear","Dry","Daylight","No Controls","Not Suspect of Alcohol Use, Not Suspect of Drug Use","Not Suspect of Alcohol Use, Not Suspect of Drug Use","EFC78771-A2A8-43F2-AEFF-85DB0D185776","Cyclist (non-electric)","Walking/Cycling Along Roadway With Traffic (In or Adjacent to Travel Lane)","None (No Improper Action)","OnStreet Buffered Bike Lanes","No","Possible Injury","Helmet","39.0568583","-77.1503252","    (39.0568583, -77.1503252)"
"DD57010003","250028402","ROCKVILLE","Injury Crash","06/25/2025 09:14:00 PM","Municipality Route",,,,,"Pedestrian","Single Vehicle","Clear","Dry","Dark - Lighted","Traffic Control Signal","Not Suspect of Alcohol Use, Not Suspect of Drug Use","Not Suspect of Alcohol Use, Not Suspect of Drug Use","AD70911D-7436-4D40-B2BC-20AD7B06C9E8","Pedestrian","Cross/Enter at Intersection","Unknown","Intersection Marked Crosswalk","No","Suspected Minor Injury","None","39.11550679","-77.16624081","    (39.11550679, -77.16624081)"
"MCP3376002C","250028348","MONTGOMERY","Injury Crash","06/25/2025 02:30:00 PM",,,,"Parking Lot Way        PARKING LOT AROUND 2100  MC MAHON RD",,"Cyclist (non-electric)","Single Vehicle","Clear",,"Daylight",,"Not Suspect of Alcohol Use, Not Suspect of Drug Use","Not Suspect of Alcohol Use, Not Suspect of Drug Use","3C121593-3436-4534-B261-9E02A3B63BDA","Cyclist (non-electric)","Walking/Cycling Along Roadway With Traffic (In or Adjacent to Travel Lane)","Unknown","Unknown","Yes","Possible Injury","Unknown","39.03323854","-77.04179831","    (39.03323854, -77.04179831)"
"MCP3446000G","250028327","MONTGOMERY","Injury Crash","06/25/2025 12:40:00 PM","County Route","MACDUFF AVE",,,,"Pedestrian","Single Vehicle","Clear","Dry","Daylight","No Controls","Not Suspect of Alcohol Use, Not Suspect of Drug Use","Not Suspect of Alcohol Use, Not Suspect of Drug Use","3024B830-7141-4AD4-A590-5B68680D76E8","Pedestrian","Other Working","In Roadway Improperly (Standing, Lying, Working, Playing)","Travel Lane Other Location","Yes","Suspected Minor Injury","None","39.1422912","-77.0888234","    (39.1422912, -77.0888234)"
"MCP32450076","250027971","MONTGOMERY","Property Damage Crash","06/23/2025 04:11:00 PM","County Route","CINNABAR DR",,,,"Pedestrian","Single Vehicle","Clear","Dry","Daylight","No Controls","Not Suspect of Alcohol Use, Not Suspect of Drug Use","Not Suspect of Alcohol Use, Not Suspect of Drug Use","3DEB0CC1-8837-4765-8FAF-6128C78AD984","Pedestrian","Cross/Enter Not at Intersection","Dart/Dash","Travel Lane Other Location","Yes","No Apparent Injury","None","39.18849316","-77.15759436","    (39.18849316, -77.15759436)"
"MCP295200FX","250027938","MONTGOMERY","Injury Crash","06/23/2025 12:58:00 PM","Maryland (State) Route","16TH ST (SB/L)",,,,"Cyclist (Electric)","Single Vehicle","Clear","Dry","Daylight","Traffic Control Signal","Not Suspect of Alcohol Use, Not Suspect of Drug Use","Not Suspect of Alcohol Use, Not Suspect of Drug Use","C687DD27-E46F-4499-B47F-F936268C38E0","Cyclist (Electric)","Walking/Cycling Along Roadway With Traffic (In or Adjacent to Travel Lane)","Failure to Obey Traffic Signs, Signals, or Officer","Unknown","No","Possible Injury","Helmet","38.99464637","-77.03635113","    (38.99464637, -77.03635113)"
"MCP2845009M","250027921","MONTGOMERY","Injury Crash","06/23/2025 10:20:00 AM","County Route","DIXON AVE","WAYNE AVE",,,"Scooter (electric)","Single Vehicle","Clear","Dry","Daylight","Pedestrian Crossing Sign","Unknown, Unknown","Not Suspect of Alcohol Use, Not Suspect of Drug Use","EA0A87E8-4891-4DB8-B2E6-879C46B9EEDD","Scooter (electric)","Cross/Enter at Intersection","None (No Improper Action)","Intersection Marked Crosswalk","No","Suspected Minor Injury","Helmet","38.99434464","-77.0279865","    (38.99434464, -77.0279865)"
"MCP34570014","250027552","MONTGOMERY","Injury Crash","06/20/2025 05:36:00 PM","County Route","DARCY FOREST DR","FOREST GLEN RD",,,"Pedestrian","Single Vehicle","Clear","Dry","Daylight","Stop Sign","Not Suspect of Alcohol Use, Not Suspect of Drug Use","Not Suspect of Alcohol Use, Not Suspect of Drug Use","DAFCC345-27B0-4748-80A7-27BDCE0E88EE","Pedestrian","Cross/Enter at Intersection","None (No Improper Action)","Intersection Marked Crosswalk","No","Suspected Minor Injury","None","39.01538301","-77.04741672","    (39.01538301, -77.04741672)"
"MCP312900CX","250027526","MONTGOMERY","Injury Crash","06/20/2025 04:03:00 PM","Ramp","RAMP 7 FR RANDOLPH RD WB TO MD 97 SB",,,,"Pedestrian","Single Vehicle","Clear","Dry","Daylight","Traffic Control Signal","Not Suspect of Alcohol Use, Not Suspect of Drug Use","Not Suspect of Alcohol Use, Not Suspect of Drug Use","73F8E6B0-A272-4DCD-A42C-BD4DBC4A00C9","Pedestrian","Cross/Enter at Intersection","None (No Improper Action)","Intersection Marked Crosswalk","No","Possible Injury","None","39.05842167","-77.04959783","    (39.05842167, -77.04959783)"
"MCP3355001P","250027484","MONTGOMERY","Injury Crash","06/20/2025 12:18:00 PM","Maryland (State) Route","WAYNE AVE","GEORGIA AVE",,,"Pedestrian","Single Vehicle","Clear","Dry","Daylight","Pedestrian Crossing Sign","Not Suspect of Alcohol Use, Not Suspect of Drug Use","Not Suspect of Alcohol Use, Not Suspect of Drug Use","2ABCC134-FE5A-4B35-A393-955B43E6D6ED","Pedestrian","Cross/Enter at Intersection","None (No Improper Action)","Intersection Marked Crosswalk","No","Suspected Minor Injury","None","38.99446385","-77.02660766","    (38.99446385, -77.02660766)"
"DM8494003Z","250027409","TAKOMA","Injury Crash","06/19/2025 09:11:00 PM","Maryland (State) Route","PINEY BRANCH RD",,,,"Pedestrian","Unknown","Clear","Wet","Dark - Lighted","Flashing Traffic Control Signal","Unknown, Unknown","Not Suspect of Alcohol Use, Not Suspect of Drug Use","3D06753C-52EC-4B4E-8A88-75CAA99B51E8","Pedestrian","Cross/Enter at Intersection","Unknown","Intersection Marked Crosswalk","No","Suspected Minor Injury","None","38.98314894","-77.01551686","    (38.98314894, -77.01551686)"
"DD5567008S","250027376","ROCKVILLE","Injury Crash","06/19/2025 05:11:00 PM","Local Route","KISS AND RIDE TWINBROOK LOT","BOUIC AVE CHAPMAN AVE",,,"Pedestrian","Single Vehicle","Clear","Wet","Daylight","Stop Sign","Unknown, Unknown","Not Suspect of Alcohol Use, Not Suspect of Drug Use","B16D430A-3F02-48A1-9242-F7D143AE774C","Pedestrian","Cross/Enter at Intersection","None (No Improper Action)","Intersection Marked Crosswalk","No","Possible Injury","None","39.06111396","-77.12100136","    (39.06111396, -77.12100136)"
"MCP0617006Z","250027478","MONTGOMERY","Injury Crash","06/19/2025 01:00:00 PM",,,,"Parking Lot Way        PARKING LOT OF 12028 CHERRY HILL RD SILVER SPRING MD (GIANT FOOD)",,"Pedestrian","Single Vehicle","Clear",,"Daylight",,"Unknown, Unknown","Unknown, Unknown","7748D664-D24A-4507-BDEA-1E2481C55957","Pedestrian","None","None (No Improper Action)","Other","No","Possible Injury","None","39.05467611","-76.95587864","    (39.05467611, -76.95587864)"
"MCP0617006Z","250027478","MONTGOMERY","Injury Crash","06/19/2025 01:00:00 PM",,,,"Parking Lot Way        PARKING LOT OF 12028 CHERRY HILL RD SILVER SPRING MD (GIANT FOOD)",,"Pedestrian","Single Vehicle","Clear",,"Daylight",,"Unknown, Unknown","Unknown, Not Suspect of Drug Use","5BC3DFA5-AB9A-43D7-A075-6AD3E78EDD8C","Pedestrian","Standing","None (No Improper Action)","Other","No","Possible Injury","None","39.05467611","-76.95587864","    (39.05467611, -76.95587864)"
"MCP24550084","250027201","MONTGOMERY","Injury Crash","06/18/2025 01:55:00 PM",,,,"Parking Lot Way        PARKING LOT OF 12266 ROCKVILLE PIKE",,"Pedestrian","Single Vehicle","Rain",,"Daylight",,"Not Suspect of Alcohol Use, Not Suspect of Drug Use","Not Suspect of Alcohol Use, Not Suspect of Drug Use","520F63B2-4E0B-4ED8-8D92-347A7D9E4D4B","Pedestrian","Other","Failure to Obey Traffic Signs, Signals, or Officer, Failure to Yield Right-Of-Way","Other","No","Possible Injury","None","39.05726706","-77.12255051","    (39.05726706, -77.12255051)"
"MCP2181005K","250027100","MONTGOMERY","Fatal Crash","06/18/2025 12:54:00 AM","Maryland (State) Route","FREDERICK RD",,,,"Pedestrian","Single Vehicle","Fog, Smog, Smoke","Dry","Dark - Lighted","Flashing Traffic Control Signal","Suspect of Alcohol Use, Unknown","Suspect of Alcohol Use, Unknown","AE5CB8F3-F83D-4482-B847-3D79F80F66A9","Pedestrian","Standing","In Roadway Improperly (Standing, Lying, Working, Playing)","Travel Lane Other Location","No","Fatal Injury","None","39.1127206","-77.16205086","    (39.1127206, -77.16205086)"
"MCP3068006D","250026884","MONTGOMERY","Injury Crash","06/16/2025 04:17:00 PM","County Route","NO NAME","GRUBB RD",,,"Pedestrian","Single Vehicle","Rain","Wet","Daylight","Traffic Control Signal","Not Suspect of Alcohol Use, Not Suspect of Drug Use","Not Suspect of Alcohol Use, Not Suspect of Drug Use","184E02FD-D7B9-42B1-8A87-BE1267D05337","Pedestrian","Cross/Enter at Intersection","Dart/Dash","Intersection Marked Crosswalk","Yes","Suspected Minor Injury","None","38.993744","-77.05184567","    (38.993744, -77.05184567)"
"MCP33580034","250026786","MONTGOMERY","Injury Crash","06/16/2025 09:01:00 AM","Municipality Route","THE HILLS PLAZA","S PARK AVE",,,"Pedestrian","Single Vehicle","Cloudy","Wet","Daylight","Stop Sign","Not Suspect of Alcohol Use, Not Suspect of Drug Use","Not Suspect of Alcohol Use, Not Suspect of Drug Use","481BA9E6-DA5B-413F-9467-A1DC0E0ADA30","Pedestrian","Cross/Enter at Intersection","None (No Improper Action)","Intersection Marked Crosswalk","No","Suspected Minor Injury","None","38.96332483","-77.08817482","    (38.96332483, -77.08817482)"
"MCP3126006N","250026708","MONTGOMERY","Injury Crash","06/15/2025 03:28:00 PM","Local Route","COUNTRY SQUIRE WAY","COUNTRY SQUIRE WAY NEWCUT RD",,,"Scooter (electric)","Single Vehicle","Clear","Dry","Daylight","Stop Sign","Not Suspect of Alcohol Use, Not Suspect of Drug Use","Not Suspect of Alcohol Use, Not Suspect of Drug Use","B98AB4C8-AE5C-49D5-BF00-91055326DE85","Scooter (electric)","Cross/Enter at Intersection","Failure to Yield Right-Of-Way, None (No Improper Action)","Intersection Unmarked Crosswalk","No","Suspected Minor Injury","None","39.22888005","-77.24959561","    (39.22888005, -77.24959561)"
"MCP3126006N","250026708","MONTGOMERY","Injury Crash","06/15/2025 03:28:00 PM","Local Route","COUNTRY SQUIRE WAY","COUNTRY SQUIRE WAY NEWCUT RD",,,"Scooter (electric)","Single Vehicle","Clear","Dry","Daylight","Stop Sign","Not Suspect of Alcohol Use, Not Suspect of Drug Use","Not Suspect of Alcohol Use, Not Suspect of Drug Use","9885A6CA-7FD0-41B7-B402-38DAAF7992DE","Scooter (electric)","Cross/Enter at Intersection","Failure to Yield Right-Of-Way, None (No Improper Action)","Intersection Unmarked Crosswalk","Yes","Suspected Minor Injury","None","39.22888005","-77.24959561","    (39.22888005, -77.24959561)"
"MCP3079007B","250026687","MONTGOMERY","Injury Crash","06/15/2025 11:00:00 AM","County Route","MIDDLEBROOK RD","GERMANTOWN RD (SB/L)",,,"Cyclist (non-electric)","Single Vehicle","Clear","Dry","Daylight","Traffic Control Signal","Not Suspect of Alcohol Use, Not Suspect of Drug Use","Not Suspect of Alcohol Use, Not Suspect of Drug Use","53FD185B-6151-439C-91D7-5EB477FB26E8","Cyclist (non-electric)","Cross/Enter at Intersection","None (No Improper Action)","Intersection Marked Crosswalk","No","Possible Injury","None","39.17882657","-77.26751501","    (39.17882657, -77.26751501)"
"MCP3163008T","250027815","MONTGOMERY","Injury Crash","06/13/2025 07:50:00 PM","Maryland (State) Route","UNIVERSITY BLVD W","DRUMM AVE",,,"Pedestrian","Single Vehicle","Clear","Dry","Daylight","Pedestrian Crossing","Unknown, Unknown","Not Suspect of Alcohol Use, Not Suspect of Drug Use","B2686BDB-A713-4F69-AD57-136D886079F5","Pedestrian","Cross/Enter at Intersection","None (No Improper Action)","Intersection Marked Crosswalk","No","Suspected Minor Injury","None","39.03679314","-77.06147663","    (39.03679314, -77.06147663)"
"MCP3050006P","250026441","MONTGOMERY","Injury Crash","06/13/2025 03:10:00 PM","Private Route",,,,,"Cyclist (non-electric)","Single Vehicle","Clear","Dry","Daylight","Stop Sign","Unknown, Unknown","Not Suspect of Alcohol Use, Not Suspect of Drug Use","D4D68A3D-3E55-4531-B187-8D9E09A76A22","Cyclist (non-electric)","Other","None (No Improper Action)","Midblock Marked Crosswalk","No","Possible Injury","Unknown","39.10118898","-77.07573585","    (39.10118898, -77.07573585)"
"MCP3438000P","250026404","MONTGOMERY","Injury Crash","06/13/2025 01:05:00 PM","County Route","STRATHMORE ST","WOODMONT AVE",,,"Pedestrian","Single Vehicle","Clear","Dry","Daylight","Stop Sign","Not Suspect of Alcohol Use, Not Suspect of Drug Use","Not Suspect of Alcohol Use, Not Suspect of Drug Use","7FC8118C-A3FE-478E-88E3-148F5E1B1E95","Pedestrian","Cross/Enter at Intersection","None (No Improper Action)","Intersection Marked Crosswalk","No","Suspected Minor Injury","None","38.97993183","-77.09324767","    (38.97993183, -77.09324767)"
"EJ7913000K","250026302","GAITHERSBURG","Injury Crash","06/12/2025 09:13:00 PM","Municipality Route","E DIAMOND AVE","N SUMMIT AVE S SUMMIT AVE",,,"Pedestrian","Single Vehicle","Clear","Dry","Dark - Lighted","Traffic Control Signal","Not Suspect of Alcohol Use, Not Suspect of Drug Use","Not Suspect of Alcohol Use, Not Suspect of Drug Use","F39EDF62-83D0-485A-9F4F-B85141A5F4F7","Pedestrian","Cross/Enter at Intersection","Failure to Yield Right-Of-Way","Intersection Marked Crosswalk","Yes","Possible Injury","None","39.14222414","-77.19334541","    (39.14222414, -77.19334541)"
"MCP3411002F","250026292","MONTGOMERY","Injury Crash","06/12/2025 08:30:00 PM","County Route","HILLMEAD RD",,,,"Pedestrian","Single Vehicle","Clear","Dry","Daylight","No Controls",,"Not Suspect of Alcohol Use, Not Suspect of Drug Use","EBE0C050-77D9-42CD-AE62-3FA231C25B28","Pedestrian","Standing","None (No Improper Action)","Shoulder/Roadside","Yes","Possible Injury","None","39.00165483","-77.130653","    (39.00165483, -77.130653)"
"MCP2356004J","250026255","MONTGOMERY","Injury Crash","06/12/2025 05:15:00 PM","Bicycle Route",,"REDLAND RD",,,"Pedestrian","Single Vehicle","Clear","Dry","Daylight","Traffic Control Signal","Not Suspect of Alcohol Use, Not Suspect of Drug Use","Not Suspect of Alcohol Use, Not Suspect of Drug Use","FAA11F06-878B-446A-93E2-0C8B4472CDDF","Pedestrian","Cross/Enter at Intersection","None (No Improper Action)","Intersection Marked Crosswalk","No","Suspected Minor Injury","None","39.11999006","-77.15984766","    (39.11999006, -77.15984766)"