"Report Number","Local Case Number","Agency Name","ACRS Report Type","Crash Date/Time","Route Type","Road Name","Cross-Street Name","Off-Road Description","Municipality","Related Non-Motorist","Collision Type","Weather","Surface Condition","Light","Traffic Control","Driver Substance Abuse","Non-Motorist Substance Abuse","Person ID","Pedestrian Type","Pedestrian Movement","Pedestrian Actions","Pedestrian Location","At Fault","Injury Severity","Safety Equipment","Latitude","Longitude","Location"
"MCP33200033","250005706","MONTGOMERY","Injury Crash","02/07/2025 07:00:00 PM","County Route","INSLEY ST",,,,"Pedestrian","Single Vehicle","Clear","Dry","Dark - Lighted","No Controls",,"Not Suspect of Alcohol Use, Not Suspect of Drug Use","91033611-A01E-4419-88B1-F54B92EA8D75","Pedestrian","Getting Off/On Vehicle","None (No Improper Action)","Shoulder/Roadside","No","Suspected Minor Injury","None","39.02820357","-77.0540187","    (39.02820357, -77.0540187)"
"MCP32900041","250005619","MONTGOMERY","Injury Crash","02/07/2025 12:49:00 PM","County Route","DENNIS AVE","GEORGIA AVE",,,"Pedestrian","Single Vehicle","Clear","Dry","Daylight","Traffic Control Signal","Not Suspect of Alcohol Use, Not Suspect of Drug Use","Not Suspect of Alcohol Use, Not Suspect of Drug Use","75FAF586-C85A-4396-A518-2EA6B06B922A","Pedestrian","Cross/Enter at Intersection","None (No Improper Action)","Intersection Marked Crosswalk","No","Suspected Minor Injury","None","39.02531197","-77.0459823","    (39.02531197, -77.0459823)"
"MCP3213002B","250005398","MONTGOMERY","Injury Crash","02/05/2025 11:55:00 PM",,,,"Parking Lot Way        ALDI PARKING LOT",,"Pedestrian","Single Vehicle","Rain",,"Dark - Lighted",,"Unknown, Unknown","Suspect of Alcohol Use, Unknown","7F12B1F5-F84A-470A-8A7D-E50A8B9EBF9C","Pedestrian","Unknown","Unknown","Unknown","No","Possible Injury","None","39.00987671","-77.04148949","    (39.00987671, -77.04148949)"
"MCP3039007G","250005339","MONTGOMERY","Injury Crash","02/05/2025 03:30:00 PM","County Route","GROVE ST","SLIGO AVE",,,"Pedestrian","Single Vehicle","Clear","Dry","Daylight","Pedestrian Crossing","Not Suspect of Alcohol Use, Not Suspect of Drug Use","Not Suspect of Alcohol Use, Not Suspect of Drug Use","EBB07B05-A989-4E33-AA08-E910810E24B4","Pedestrian","None","None (No Improper Action)","Intersection Marked Crosswalk","No","Possible Injury","None","38.9901908","-77.02193564","    (38.9901908, -77.02193564)"
"MCP3230006J","250005375","MONTGOMERY","Injury Crash","02/05/2025 03:10:00 PM","County Route","BAUER DR",,,,"Pedestrian","Single Vehicle","Clear","Dry","Daylight","Pedestrian Crossing","Unknown, Unknown","Not Suspect of Alcohol Use, Not Suspect of Drug Use","3A5A95D7-E84D-4061-9161-E153A6B7F288","Pedestrian","Cross/Enter at Intersection","None (No Improper Action)","Midblock Marked Crosswalk","No","Suspected Minor Injury","None","39.08972404","-77.10537829","    (39.08972404, -77.10537829)"
"DD5666001Z","250005154","ROCKVILLE","Injury Crash","02/04/2025 04:00:00 PM","Bicycle Route",,"W EDMONSTON DR",,,"Cyclist (non-electric)","Single Vehicle","Clear","Dry","Daylight","Traffic Control Signal","Unknown, Unknown","Not Suspect of Alcohol Use, Not Suspect of Drug Use","C08EE886-6A7A-4110-B43A-F1D42C2F7076","Cyclist (non-electric)","Cross/Enter at Intersection","None (No Improper Action)","Intersection Marked Crosswalk","No","Possible Injury","None","39.0714081","-77.13946324","    (39.0714081, -77.13946324)"
"MCP2592004J","250005059","MONTGOMERY","Injury Crash","02/04/2025 09:23:00 AM","Local Route","CARRIAGE WALK CIR",,,,"Pedestrian","Single Vehicle","Clear","Dry","Daylight","No Controls","Not Suspect of Alcohol Use, Not Suspect of Drug Use","Not Suspect of Alcohol Use, Not Suspect of Drug Use","C72590A2-B3D1-4789-9BA9-A507A187BD74","Pedestrian","Other Working","Inattentive (Talking, Eating, etc.)","Other","Yes","Possible Injury","None","39.16379588","-77.167984","    (39.16379588, -77.167984)"
"MCP3218005P","250004719","MONTGOMERY","Property Damage Crash","02/01/2025 07:05:00 PM","County Route","ALLEY",,,,"Cyclist (non-electric)","Single Vehicle","Clear","Dry","Dark - Lighted","No Controls","Unknown, Unknown","Not Suspect of Alcohol Use, Not Suspect of Drug Use","57704887-3EBB-492A-8C7A-C30C3AC587F0","Cyclist (non-electric)","Walking/Cycling on Sidewalk","None (No Improper Action)","Driveway Access","No","No Apparent Injury","None","39.04049142","-77.05302011","    (39.04049142, -77.05302011)"
"DD56780009","250004588","ROCKVILLE","Injury Crash","01/31/2025 07:07:00 PM","Municipality Route","PLEASANT DR",,,,"Pedestrian","Single Vehicle","Rain","Wet","Dark - Lighted","Stop Sign","Not Suspect of Alcohol Use, Not Suspect of Drug Use","Not Suspect of Alcohol Use, Not Suspect of Drug Use","3821AB8B-BAD8-411C-B1AE-D666886E766C","Pedestrian","Cross/Enter at Intersection","None (No Improper Action)","Intersection Marked Crosswalk","Yes","Suspected Minor Injury","None","39.11402305","-77.17160423","    (39.11402305, -77.17160423)"
"MCP2863003K","250004589","MONTGOMERY","Injury Crash","01/31/2025 07:05:00 PM","Maryland (State) Route","S FREDERICK RD",,,,"Pedestrian","Single Vehicle","Rain","Wet","Dark - Not Lighted","No Controls","Not Suspect of Alcohol Use, Not Suspect of Drug Use","Suspect of Alcohol Use, Not Suspect of Drug Use","3768B155-BDAF-40EA-8548-1167911D168D","Pedestrian","Other","Failure to Yield Right-Of-Way","Travel Lane Other Location","Yes","Suspected Serious Injury","None","39.12888509","-77.18600708","    (39.12888509, -77.18600708)"
"MCP320000F4","250004493","MONTGOMERY","Injury Crash","01/31/2025 11:26:00 AM","Ramp","RAMP 3 FR WESTLAKE TERR TO IS 270Y NB","WESTLAKE TERR (WB/L)",,,"Pedestrian","Single Vehicle","Rain","Wet","Daylight","Traffic Control Signal","Not Suspect of Alcohol Use, Not Suspect of Drug Use, Not Suspect of Alcohol Use, Not Suspect of Drug Use","Not Suspect of Alcohol Use, Not Suspect of Drug Use","1805A99C-4805-4745-BEF5-68C13AE32573","Pedestrian","Cross/Enter at Intersection","None (No Improper Action)","Intersection Marked Crosswalk","No","Possible Injury","None","39.02652393","-77.14164021","    (39.02652393, -77.14164021)"
"EJ7895006W","250004343","GAITHERSBURG","Injury Crash","01/30/2025 12:30:00 PM",,,,"Parking Lot Way        PARKING LOT OF HARRIS TEETER (323 COPLEY PLACE)",,"Pedestrian","Single Vehicle","Clear",,"Daylight",,"Not Suspect of Alcohol Use, Not Suspect of Drug Use","Not Suspect of Alcohol Use, Not Suspect of Drug Use","A25CE104-3939-4C9D-B4C4-D7FEF107F527","Pedestrian","Cross/Enter at Intersection","Unknown","Intersection Unmarked Crosswalk","No","Suspected Serious Injury","None","39.11540154","-77.20763595","    (39.11540154, -77.20763595)"
"MCP3085005T","250004054","MONTGOMERY","Injury Crash","01/28/2025 04:25:00 PM","Maryland (State) Route","UNIVERSITY BLVD W (WB/L)",,,,"Pedestrian","Single Vehicle","Clear","Dry","Daylight","Traffic Control Signal","Not Suspect of Alcohol Use, Not Suspect of Drug Use","Not Suspect of Alcohol Use, Not Suspect of Drug Use","4F68E1F2-B4BF-4A3E-9AA1-A4B3E3B7CF43","Pedestrian","Cross/Enter at Intersection","None (No Improper Action)","Intersection Marked Crosswalk","No","Suspected Minor Injury","None","39.03403362","-77.07236626","    (39.03403362, -77.07236626)"
"MCP30510084","250003901","MONTGOMERY","Injury Crash","01/27/2025 06:00:00 PM","County Route","OLD GEORGETOWN RD",,,,"Pedestrian","Single Vehicle","Clear","Dry","Dark - Lighted","No Controls","Not Suspect of Alcohol Use, Not Suspect of Drug Use","Not Suspect of Alcohol Use, Not Suspect of Drug Use","593A8FAA-8776-465C-9674-AF1C49BCB044","Pedestrian","Walking/Cycling on Sidewalk","None (No Improper Action)","Sidewalk","No","Suspected Minor Injury","None","39.04928745","-77.11504979","    (39.04928745, -77.11504979)"
"MCP2861006K","250003865","MONTGOMERY","Injury Crash","01/27/2025 03:15:00 PM","County Route","MONTROSE RD",,,,"Pedestrian","Single Vehicle","Clear","Dry","Daylight","Pedestrian Crossing","Not Suspect of Alcohol Use, Not Suspect of Drug Use","Not Suspect of Alcohol Use, Not Suspect of Drug Use","A4E39E50-B3F7-441D-9944-21035DCCA90C","Pedestrian","Cross/Enter Not at Intersection","None (No Improper Action)","Midblock Marked Crosswalk","No","Suspected Minor Injury","None","39.05302338","-77.13100971","    (39.05302338, -77.13100971)"
"DM84450027","250003780","TAKOMA","Injury Crash","01/27/2025 09:17:00 AM","Municipality Route","GRANT AVE","MAPLE AVE",,,"Cyclist (non-electric)","Single Vehicle","Clear","Dry","Daylight","Stop Sign","Not Suspect of Alcohol Use, Not Suspect of Drug Use","Not Suspect of Alcohol Use, Not Suspect of Drug Use","1AF4C35D-88CB-457F-8869-20C00E33D092","Cyclist (non-electric)","Cross/Enter at Intersection","Failure to Yield Right-Of-Way","Intersection Other","No","Possible Injury","Helmet","38.98154383","-77.00947151","    (38.98154383, -77.00947151)"
"MCP2583004K","250003570","MONTGOMERY","Injury Crash","01/25/2025 02:32:00 PM","County Route","FINEGAN FARM DR",,,,"Scooter (electric)","Single Vehicle","Clear","Ice/Frost","Daylight","No Controls","Not Suspect of Alcohol Use, Not Suspect of Drug Use","Not Suspect of Alcohol Use, Not Suspect of Drug Use","9A76F68F-8853-4512-BB26-2ABBF5F7BC47","Scooter (electric)","Walking/Cycling Along Roadway Against Traffic (In or Adjacent to Travel Lane)","Unknown","Travel Lane Other Location","No","Suspected Minor Injury","Unknown","39.10148117","-77.32793333","    (39.10148117, -77.32793333)"
"DD56580038","250003552","ROCKVILLE","Injury Crash","01/25/2025 12:08:00 PM","Municipality Route","SHERBROOKE WAY","HURLEY AVE",,,"Pedestrian","Single Vehicle","Clear","Dry","Daylight","No Controls","Unknown, Unknown","Not Suspect of Alcohol Use, Not Suspect of Drug Use","B271683B-03A4-4BE8-B25C-4EF727C974F3","Pedestrian","Walking/Cycling on Sidewalk","Unknown","Sidewalk","No","Possible Injury","None","39.08219505","-77.18338282","    (39.08219505, -77.18338282)"
"DD56580038","250003552","ROCKVILLE","Injury Crash","01/25/2025 12:08:00 PM","Municipality Route","SHERBROOKE WAY","HURLEY AVE",,,"Pedestrian","Single Vehicle","Clear","Dry","Daylight","No Controls","Unknown, Unknown","Not Suspect of Alcohol Use, Not Suspect of Drug Use","C007B468-7C76-4438-858C-C25CB128332B","Pedestrian","Walking/Cycling on Sidewalk","Unknown","Sidewalk","No","Possible Injury","None","39.08219505","-77.18338282","    (39.08219505, -77.18338282)"
"DD5663001S","250003282","ROCKVILLE","Injury Crash","01/23/2025 05:45:00 PM","Maryland (State) Route","ROCKVILLE PIKE","THOMPSON AVE",,,"Pedestrian","Single Vehicle","Clear","Dry","Dark - Lighted","Stop Sign","Not Suspect of Alcohol Use, Not Suspect of Drug Use","Not Suspect of Alcohol Use, Not Suspect of Drug Use","4F57714A-C84E-4D85-BA3B-C0F5193E1712","Pedestrian","Cross/Enter at Intersection","None (No Improper Action)","Intersection Marked Crosswalk","No","Suspected Minor Injury","None","39.05935745","-77.12167285","    (39.05935745, -77.12167285)"
"EJ787300B6","250003116","GAITHERSBURG","Injury Crash","01/22/2025 06:16:00 PM","Maryland (State) Route","S FREDERICK RD","E DEER PARK DR",,,"Pedestrian","Single Vehicle","Clear","Dry","Dark - Lighted","Traffic Control Signal","Unknown, Unknown","Not Suspect of Alcohol Use, Not Suspect of Drug Use","0115956C-98CA-4A87-8B51-35CF9F2B3027","Pedestrian","Cross/Enter at Intersection","None (No Improper Action)","Intersection Marked Crosswalk","No","Suspected Minor Injury","None","39.13224476","-77.18876463","    (39.13224476, -77.18876463)"
"MCP3230006G","250003075","MONTGOMERY","Injury Crash","01/22/2025 02:57:00 PM","Maryland (State) Route","CONNECTICUT AVE",,,,"Pedestrian","Single Vehicle","Clear","Dry","Daylight","No Controls","Not Suspect of Alcohol Use, Not Suspect of Drug Use","Not Suspect of Alcohol Use, Not Suspect of Drug Use","FE23F887-93D0-4586-8CB7-6E3F9D2DB262","Pedestrian","Cross/Enter Not at Intersection","In Roadway Improperly (Standing, Lying, Working, Playing)","Travel Lane Other Location","No","Suspected Minor Injury","None","39.08053011","-77.08035865","    (39.08053011, -77.08035865)"
"MCP3238003B","250003039","MONTGOMERY","Injury Crash","01/22/2025 12:04:00 PM","Maryland (State) Route","GEORGIA AVE",,,,"Pedestrian","Single Vehicle","Clear","Dry","Daylight","Other","Not Suspect of Alcohol Use, Not Suspect of Drug Use","Not Suspect of Alcohol Use, Not Suspect of Drug Use","D949CE0B-1BAB-4990-8059-B80CABAB78E4","Pedestrian","Cross/Enter at Intersection","None (No Improper Action)","Intersection Marked Crosswalk","No","Possible Injury","None","38.99811483","-77.02993294","    (38.99811483, -77.02993294)"
"EJ7894005J","250003034","GAITHERSBURG","Injury Crash","01/22/2025 10:50:00 AM","County Route","SHADY GROVE RD (SB/L)","CHOKE CHERRY RD CHOKE CHERRY RD (WB/L)",,,"Pedestrian","Single Vehicle","Clear","Dry","Daylight","No Controls","Not Suspect of Alcohol Use, Not Suspect of Drug Use","Not Suspect of Alcohol Use, Not Suspect of Drug Use","8138B86E-BA2A-4C16-A6F9-C8D5D8725ED5","Pedestrian","Other","Unknown","Unknown","No","Possible Injury","None","39.11474287","-77.18596296","    (39.11474287, -77.18596296)"
"MCP3262005H","250002944","MONTGOMERY","Injury Crash","01/21/2025 05:00:00 PM","County Route","TECH RD","OLD COLUMBIA PIKE",,,"Pedestrian","Unknown","Clear","Ice/Frost","Dusk","Traffic Control Signal","Unknown, Unknown","Not Suspect of Alcohol Use, Not Suspect of Drug Use","73C213D7-DCA1-4435-9423-EBB247B4501C","Pedestrian","Cross/Enter at Intersection","None (No Improper Action)","Intersection Marked Crosswalk","No","Suspected Minor Injury","None","39.0574562","-76.9680966","    (39.0574562, -76.9680966)"
"MCP32140037","250002703","MONTGOMERY","Property Damage Crash","01/19/2025 09:33:00 PM","Maryland (State) Route","FREDERICK RD",,,,"Occupant Of a Non-Motor Vehicle Transportation Device","Single Vehicle","Snow","Slush","Dark - Lighted","No Controls","Not Suspect of Alcohol Use, Not Suspect of Drug Use","Not Suspect of Alcohol Use, Not Suspect of Drug Use","257C57BB-86D8-42E9-932B-E1E0B5475043","Occupant Of a Non-Motor Vehicle Transportation Device","Other Working","None (No Improper Action)","Travel Lane Other Location","No","No Apparent Injury","None","39.19783683","-77.24470167","    (39.19783683, -77.24470167)"
"MCP33620053","250002637","MONTGOMERY","Injury Crash","01/19/2025 11:16:00 AM","County Route","E RANDOLPH RD (WB/L)","SERPENTINE WAY",,,"Pedestrian","Single Vehicle","Rain","Wet","Daylight","Traffic Control Signal","Not Suspect of Alcohol Use, Not Suspect of Drug Use","Not Suspect of Alcohol Use, Not Suspect of Drug Use","6864B622-2D88-4CCD-A603-1DE3516798DB","Pedestrian","Cross/Enter at Intersection","Failure to Obey Traffic Signs, Signals, or Officer","Intersection Marked Crosswalk","No","Suspected Serious Injury","None","39.06435178","-76.96927712","    (39.06435178, -76.96927712)"
"MCP2674005Q","250002569","MONTGOMERY","Injury Crash","01/18/2025 06:47:00 PM","Maryland (State) Route",,,,,"Pedestrian","Single Vehicle","Clear","Dry","Dark - Not Lighted","No Controls","Not Suspect of Alcohol Use, Not Suspect of Drug Use","Unknown, Unknown","1FE3C196-BB64-4285-8AA7-A39018B2DC3D","Pedestrian","Unknown","Unknown","Travel Lane Other Location","No","Suspected Serious Injury","None","39.18938693","-77.12064713","    (39.18938693, -77.12064713)"
"MCP2921005H","250002583","MONTGOMERY","Injury Crash","01/18/2025 06:40:00 PM","Bicycle Route",,,,,"Pedestrian","Single Vehicle","Clear","Dry","Dark - Lighted","Stop Sign","Not Suspect of Alcohol Use, Not Suspect of Drug Use","Not Suspect of Alcohol Use, Not Suspect of Drug Use","86A22F48-8736-4C68-8611-EF9676A6F904","Pedestrian","Walking/Cycling on Sidewalk","None (No Improper Action)","Intersection Marked Crosswalk","No","Possible Injury","None","39.2009622","-77.24558661","    (39.2009622, -77.24558661)"
"MCP12330069","250002561","MONTGOMERY","Injury Crash","01/18/2025 06:18:00 PM","Maryland (State) Route","CONNECTICUT AVE",,,,"Pedestrian","Angle","Cloudy","Wet","Dark - Not Lighted","No Controls","Unknown, Unknown, Unknown, Unknown","Unknown, Not Suspect of Drug Use","FDD7C866-0AFD-4245-8FB6-5297CFDB0FBD","Pedestrian","Cross/Enter Not at Intersection","Failure to Obey Traffic Signs, Signals, or Officer, In Roadway Improperly (Standing, Lying, Working, Playing), Not Visible (Dark Clothing, No Lighting, etc.)","Travel Lane Other Location","Yes","Suspected Serious Injury","None","39.02989244","-77.0757573","    (39.02989244, -77.0757573)"
"MCP12330069","250002561","MONTGOMERY","Injury Crash","01/18/2025 06:18:00 PM","Maryland (State) Route","CONNECTICUT AVE",,,,"Pedestrian","Angle","Cloudy","Wet","Dark - Not Lighted","Other Pavement Marking (excluding edgelines, centerlines, or lane lines)","Unknown, Unknown, Unknown, Unknown","Unknown, Not Suspect of Drug Use","FDD7C866-0AFD-4245-8FB6-5297CFDB0FBD","Pedestrian","Cross/Enter Not at Intersection","Failure to Obey Traffic Signs, Signals, or Officer, In Roadway Improperly (Standing, Lying, Working, Playing), Not Visible (Dark Clothing, No Lighting, etc.)","Travel Lane Other Location","Yes","Suspected Serious Injury","None","39.02989244","-77.0757573","    (39.02989244, -77.0757573)"
"MCP3426000X","250002513","MONTGOMERY","Injury Crash","01/18/2025 12:03:00 AM","County Route","KENNEDY DR",,,,"Pedestrian","Single Vehicle","Clear","Dry","Dark - Lighted","No Controls","Not Suspect of Alcohol Use, Not Suspect of Drug Use","Not Suspect of Alcohol Use, Not Suspect of Drug Use","595857E4-D214-4AFB-A072-9B22285E8588","Pedestrian","Getting Off/On Vehicle","None (No Improper Action)","Other","No","Suspected Serious Injury","None","38.97124387","-77.10298577","    (38.97124387, -77.10298577)"
"DD5567006Z","250002219","ROCKVILLE","Injury Crash","01/16/2025 06:47:00 PM","Maryland (State) Route","HUNGERFORD DR (SB/L)",,,,"Pedestrian","Single Vehicle","Snow","Wet","Dark - Lighted","No Controls","Not Suspect of Alcohol Use, Not Suspect of Drug Use","Unknown, Unknown","B8CD85D9-85E8-438A-A2FC-F8EC6485D468","Pedestrian","Cross/Enter Not at Intersection","Other","Travel Lane Other Location","No","Suspected Serious Injury","None","39.09430848","-77.1533965","    (39.09430848, -77.1533965)"
"MCP33860025","250000221","MONTGOMERY","Injury Crash","01/16/2025 06:10:00 PM","County Route","CHELTENHAM DR",,,,"Cyclist (non-electric)","Single Vehicle","Snow","Wet","Dark - Not Lighted","No Controls","Not Suspect of Alcohol Use, Not Suspect of Drug Use","Not Suspect of Alcohol Use, Not Suspect of Drug Use","28C3831D-7513-46F6-ABF0-BAC73169CB28","Cyclist (non-electric)","Walking/Cycling Along Roadway Against Traffic (In or Adjacent to Travel Lane)","None (No Improper Action)","Travel Lane Other Location","No","Suspected Minor Injury","Helmet","38.98819517","-77.09462217","    (38.98819517, -77.09462217)"
"MCP33870029","250001836","MONTGOMERY","Injury Crash","01/14/2025 01:51:00 PM","US (State)","COLUMBIA PIKE (SB/L)",,,,"Pedestrian","Front to Rear","Clear","Dry","Daylight","No Controls","Not Suspect of Alcohol Use, Not Suspect of Drug Use, Not Suspect of Alcohol Use, Not Suspect of Drug Use","Not Suspect of Alcohol Use, Not Suspect of Drug Use","17F640ED-E11E-4D5D-B70F-F54BB705F38E","Pedestrian","Standing","None (No Improper Action)","Other","No","Suspected Serious Injury","None","39.09591365","-76.93798931","    (39.09591365, -76.93798931)"
"DD5663001R","250001813","ROCKVILLE","Injury Crash","01/14/2025 11:45:00 AM",,,,"Parking Lot Way        CROSSWALK OF SHOPPING CENTER PARKING LOT (845 ROCKVILLE PIKE, ROCKVILLE, MD)",,"Pedestrian","Single Vehicle","Clear",,"Daylight",,"Not Suspect of Alcohol Use, Not Suspect of Drug Use","Not Suspect of Alcohol Use, Not Suspect of Drug Use","14511863-FCF5-485D-9CF7-49D3B46E9B62","Pedestrian","Cross/Enter Not at Intersection","None (No Improper Action)","Other","No","Suspected Serious Injury","None","39.07407909","-77.13741119","    (39.07407909, -77.13741119)"
"MCP2420005X","250001527","MONTGOMERY","Property Damage Crash","01/13/2025 01:02:00 PM",,,,"Parking Stall        12345 GEORGIA AVE",,"Pedestrian","Single Vehicle","Clear",,"Daylight",,"Not Suspect of Alcohol Use, Not Suspect of Drug Use","Not Suspect of Alcohol Use, Not Suspect of Drug Use","1444DC8F-5829-4FB0-8F6E-FC26A9C5BCB5","Pedestrian","Getting Off/On Vehicle","None (No Improper Action)","Other","No","No Apparent Injury","None","39.06057468","-77.04997793","    (39.06057468, -77.04997793)"
"MCP271700Z9","250001637","MONTGOMERY","Injury Crash","01/13/2025 08:45:00 AM","County Route","SUTHERLAND RD","TIMBERWOOD AVE",,,"Pedestrian","Single Vehicle","Clear","Dry","Daylight","Stop Sign","Not Suspect of Alcohol Use, Not Suspect of Drug Use","Not Suspect of Alcohol Use, Not Suspect of Drug Use","0970613A-8F9A-4DCB-BFC7-E8D9F1AA88EF","Pedestrian","Cross/Enter at Intersection","None (No Improper Action)","Intersection Marked Crosswalk","No","Suspected Minor Injury","None","39.02191","-77.01285167","    (39.02191, -77.01285167)"
"EJ78370089","250001564","GAITHERSBURG","Injury Crash","01/12/2025 03:40:00 PM","Municipality Route","CHRISTOPHER AVE (SB/L)",,,,"Pedestrian","Single Vehicle","Clear","Dry","Daylight","No Controls","Unknown, Unknown","Not Suspect of Alcohol Use, Not Suspect of Drug Use","4AF06637-96E0-4250-A7AC-657F3C7E1D3F","Pedestrian","Cross/Enter at Intersection","Dart/Dash","Travel Lane Other Location","Yes","Suspected Minor Injury","None","39.15636366","-77.21479688","    (39.15636366, -77.21479688)"
"MCP3176002W","250001479","MONTGOMERY","Injury Crash","01/11/2025 11:19:00 PM","US (State)","COLESVILLE RD",,,,"Cyclist (Electric)","Single Vehicle","Clear","Wet","Dark - Lighted","Traffic Control Signal","Unknown, Unknown","Unknown, Unknown","F066AC1A-DC6B-4F2D-A3B6-42AA96DD1A16","Cyclist (Electric)","Walking/Cycling on Sidewalk","None (No Improper Action)","Intersection Marked Crosswalk","No","Suspected Minor Injury","None","39.00771995","-77.02000751","    (39.00771995, -77.02000751)"
"MCP32330059","250001193","MONTGOMERY","Injury Crash","01/09/2025 08:45:00 PM","Maryland (State) Route","UNIVERSITY BLVD E",,,,"Pedestrian","Single Vehicle","Clear","Dry","Dark - Lighted","Traffic Control Signal","Unknown, Unknown","Not Suspect of Alcohol Use, Not Suspect of Drug Use","40C87DC2-F2EB-4300-9954-994ECFFB03C5","Pedestrian","Cross/Enter at Intersection","None (No Improper Action)","Intersection Marked Crosswalk","No","Suspected Minor Injury","None","39.00039511","-76.99567685","    (39.00039511, -76.99567685)"
"MCP31630085","250000880","MONTGOMERY","Injury Crash","01/07/2025 07:00:00 PM","County Route","ARLINGTON RD",,,,"Pedestrian","Single Vehicle","Clear","Wet","Dark - Lighted","Traffic Control Signal","Unknown, Unknown","Not Suspect of Alcohol Use, Not Suspect of Drug Use","F72E5564-0C6F-486A-BF2E-8DFC39678E69","Pedestrian","Cross/Enter at Intersection","None (No Improper Action)","Intersection Marked Crosswalk","No","Suspected Minor Injury","None","38.97802135","-77.09870974","    (38.97802135, -77.09870974)"
"MCP3258004G","250000871","MONTGOMERY","Injury Crash","01/07/2025 06:17:00 PM","Local Route","WHEATON PLZ RING RD CUT",,,,"Pedestrian","Single Vehicle","Snow","Slush","Dark - Lighted","Pedestrian Crossing","Not Suspect of Alcohol Use, Not Suspect of Drug Use","Not Suspect of Alcohol Use, Not Suspect of Drug Use","845F2373-990F-4D68-93BE-DAE911B23C7F","Pedestrian","Cross/Enter Not at Intersection","None (No Improper Action)","Travel Lane Other Location","No","Suspected Minor Injury","None","39.0374745","-77.05735933","    (39.0374745, -77.05735933)"
"MCP3414001D","250000846","MONTGOMERY","Injury Crash","01/07/2025 04:12:00 PM","US (State)","GEORGIA AVE (SB/L)","SILVER SPRING AVE",,,"Pedestrian","Single Vehicle","Cloudy","Snow","Daylight","Traffic Control Signal","Not Suspect of Alcohol Use, Not Suspect of Drug Use","Not Suspect of Alcohol Use, Not Suspect of Drug Use","3CB103E9-050F-4687-9078-36CCB40A336A","Pedestrian","Cross/Enter at Intersection","None (No Improper Action)","Intersection Marked Crosswalk","No","Possible Injury","None","38.99154861","-77.02688084","    (38.99154861, -77.02688084)"
"MCP9318003L","250000746","MONTGOMERY","Injury Crash","01/06/2025 04:56:00 PM","Maryland (State) Route","NEW HAMPSHIRE AVE",,,,"Pedestrian","Single Vehicle","Blowing Snow","Ice/Frost","Dusk","Traffic Control Signal","Suspect of Alcohol Use, Unknown","Not Suspect of Alcohol Use, Not Suspect of Drug Use","17991FC0-C7EE-4FE5-993C-EABCAF82721B","Pedestrian","Walking/Cycling on Sidewalk","None (No Improper Action)","Sidewalk","No","Suspected Serious Injury","None","39.01547538","-76.97754218","    (39.01547538, -76.97754218)"