"Report Number","Local Case Number","Agency Name","ACRS Report Type","Crash Date/Time","Route Type","Road Name","Cross-Street Name","Off-Road Description","Municipality","Related Non-Motorist","Collision Type","Weather","Surface Condition","Light","Traffic Control","Driver Substance Abuse","Non-Motorist Substance Abuse","Person ID","Pedestrian Type","Pedestrian Movement","Pedestrian Actions","Pedestrian Location","At Fault","Injury Severity","Safety Equipment","Latitude","Longitude","Location"
"DD5643004V","240060111","ROCKVILLE","Injury Crash","12/16/2024 05:19:00 PM","Municipality Route","MANNAKEE ST","CARR AVE #2",,,"Pedestrian","Single Vehicle","Rain","Wet","Dark - Lighted","Pedestrian Crossing","Not Suspect of Alcohol Use, Not Suspect of Drug Use","Not Suspect of Alcohol Use, Not Suspect of Drug Use","1CAAED06-F26A-46CE-976D-5AFD5B70D79E","Pedestrian","Unknown","Not Visible (Dark Clothing, No Lighting, etc.)","Intersection Marked Crosswalk","No","Suspected Minor Injury","None","39.0890798","-77.1666223","    (39.0890798, -77.1666223)"
"MCP3085005L","240060109","MONTGOMERY","Injury Crash","12/16/2024 05:04:00 PM","County Route","FINDLEY RD","DRUMM AVE",,,"Pedestrian","Single Vehicle","Clear","Wet","Dark - Lighted","No Controls","Not Suspect of Alcohol Use, Not Suspect of Drug Use","Not Suspect of Alcohol Use, Not Suspect of Drug Use","01A25FD4-47E9-4812-B3ED-173BC70CC9CA","Pedestrian","None","None (No Improper Action)","Intersection Other","No","Suspected Minor Injury","None","39.03608348","-77.06106521","    (39.03608348, -77.06106521)"
"MCP3355001L","240059888","MONTGOMERY","Injury Crash","12/16/2024 07:06:00 AM","County Route","FENTON ST",,,,"Pedestrian","Single Vehicle","Rain","Wet","Daylight","Traffic Control Signal","Unknown, Unknown","Not Suspect of Alcohol Use, Not Suspect of Drug Use","587CB8EA-968B-4593-A3CE-46D696A7AAFF","Pedestrian","None","None (No Improper Action)","Other","No","Suspected Minor Injury","None","38.99277502","-77.02409101","    (38.99277502, -77.02409101)"
"MCP3392001R","240060012","MONTGOMERY","Injury Crash","12/16/2024 06:40:00 AM","County Route","DAYTON ST","WINDHAM LA",,,"Pedestrian","Single Vehicle","Clear",,"Dark - Unknown Lighting","Stop Sign","Not Suspect of Alcohol Use, Not Suspect of Drug Use","Not Suspect of Alcohol Use, Not Suspect of Drug Use","9CEA5D5D-3506-4CFF-A66C-E7D8FF75F23E","Pedestrian","Other","None (No Improper Action)","Shoulder/Roadside","No","Suspected Minor Injury","None","39.03192394","-77.04424162","    (39.03192394, -77.04424162)"
"MCP32270060","240059984","MONTGOMERY","Injury Crash","12/15/2024 09:15:00 PM","Maryland (State) Route","PINEY BRANCH RD","GREENWOOD AVE",,,"Pedestrian","Single Vehicle","Rain","Wet","Dark - Lighted","Traffic Control Signal","Not Suspect of Alcohol Use, Not Suspect of Drug Use","Not Suspect of Alcohol Use, Not Suspect of Drug Use","2E68ED28-667F-44AD-A219-E0E8E6B4B219","Pedestrian","Cross/Enter at Intersection","Failure to Obey Traffic Signs, Signals, or Officer","Intersection Marked Crosswalk","No","Suspected Minor Injury","None","38.99835348","-77.00232227","    (38.99835348, -77.00232227)"
"MCP2399009B","240059940","MONTGOMERY","Injury Crash","12/15/2024 04:11:00 PM","Local Route","CENTERWAY RD","RHYTHM WAY",,,"Pedestrian","Single Vehicle","Rain","Wet","Daylight","Pedestrian Crossing","Not Suspect of Alcohol Use, Not Suspect of Drug Use","Not Suspect of Alcohol Use, Not Suspect of Drug Use","258CD2CD-87B6-46FC-B57A-3EA40F25221E","Pedestrian","Cross/Enter at Intersection","None (No Improper Action)","Intersection Marked Crosswalk","No","Possible Injury","None","39.17265245","-77.2059214","    (39.17265245, -77.2059214)"
"MCP2335002F","240059857","MONTGOMERY","Injury Crash","12/14/2024 10:41:00 PM","Maryland (State) Route","GERMANTOWN RD (SB/L)",,,,"Pedestrian","Single Vehicle","Clear","Dry","Dark - Lighted","No Controls","Not Suspect of Alcohol Use, Not Suspect of Drug Use","Suspect of Alcohol Use, Unknown","32879BFC-3FBB-42DC-828A-5C4EE40AB4D5","Pedestrian","Other","Failure to Yield Right-Of-Way","Other","No","Suspected Minor Injury","None","39.18033303","-77.26419282","    (39.18033303, -77.26419282)"
"MCP32330057","240059802","MONTGOMERY","Injury Crash","12/14/2024 03:32:00 PM","County Route","FLOWER AVE",,,,"Scooter (electric)","Single Vehicle","Clear","Dry","Daylight","Pedestrian Crossing","Unknown, Unknown","Not Suspect of Alcohol Use, Not Suspect of Drug Use","8AE4773A-D201-41CE-B9CB-55F08FDA94A2","Scooter (electric)","Cross/Enter at Intersection","None (No Improper Action)","Intersection Other","No","Suspected Minor Injury","Other","38.99914495","-77.00383815","    (38.99914495, -77.00383815)"
"MCP2395002W","240059767","MONTGOMERY","Injury Crash","12/14/2024 10:20:00 AM","Maryland (State) Route","COLESVILLE RD","GEORGIA AVE (SB/L)",,,"Pedestrian","Single Vehicle","Clear","Dry","Daylight","Traffic Control Signal","Not Suspect of Alcohol Use, Not Suspect of Drug Use","Not Suspect of Alcohol Use, Not Suspect of Drug Use","E556D2F9-CF36-4604-A09B-0297635E015C","Pedestrian","Cross/Enter at Intersection","None (No Improper Action)","Intersection Marked Crosswalk","No","Possible Injury","None","38.99596183","-77.02825132","    (38.99596183, -77.02825132)"
"MCP30300077","240059703","MONTGOMERY","Injury Crash","12/13/2024 06:00:00 PM","Maryland (State) Route","MASSACHUSETTS AVE","CROMWELL DR",,,"Pedestrian","Single Vehicle","Clear","Dry","Dark - Lighted","Pedestrian Crossing","Not Suspect of Alcohol Use, Not Suspect of Drug Use","Not Suspect of Alcohol Use, Not Suspect of Drug Use","97AA88BD-9DD8-4C94-B4A5-477265B0DDDF","Pedestrian","Cross/Enter at Intersection","None (No Improper Action)","Intersection Marked Crosswalk","No","Possible Injury","None","38.96100188","-77.11618646","    (38.96100188, -77.11618646)"
"MCP3352002H","240059477","MONTGOMERY","Injury Crash","12/12/2024 04:50:00 PM","County Route","LOST KNIFE RD (NB/L)",,,,"Cyclist (non-electric)","Single Vehicle","Clear","Dry","Dark - Lighted","Stop Sign","Not Suspect of Alcohol Use, Not Suspect of Drug Use","Not Suspect of Alcohol Use, Not Suspect of Drug Use","7ADC7649-72EE-4A91-8E11-3B9EE223316C","Cyclist (non-electric)","Cross/Enter at Intersection","None (No Improper Action)","Intersection Marked Crosswalk","No","Suspected Minor Injury","None","39.1572178","-77.20324396","    (39.1572178, -77.20324396)"
"MCP2837006N","240059371","MONTGOMERY","Injury Crash","12/12/2024 08:39:00 AM","Maryland (State) Route","DARNESTOWN RD (WB/L)",,,,"Cyclist (non-electric)","Single Vehicle","Clear","Dry","Daylight","No Controls","Not Suspect of Alcohol Use, Not Suspect of Drug Use","Not Suspect of Alcohol Use, Not Suspect of Drug Use","4F288C59-BB40-4B6C-A520-77C6B9599AB2","Cyclist (non-electric)","Walking/Cycling Along Roadway With Traffic (In or Adjacent to Travel Lane)","None (No Improper Action)","Travel Lane Other Location","No","Possible Injury","Helmet, Lighting, Reflectors","39.11810833","-77.25991333","    (39.11810833, -77.25991333)"
"MCP31480079","240059313","MONTGOMERY","Injury Crash","12/11/2024 06:42:00 PM",,,,"Parking Stall        11830 GRAND PARK AVE PARKING GARAGE",,"Pedestrian","Single Vehicle","Clear",,"Dark - Lighted",,"Unknown, Unknown","Not Suspect of Alcohol Use, Not Suspect of Drug Use","9445747E-FBD3-46D1-B930-15ECB1E71F62","Pedestrian","Other","Other","Driveway Access","No","Possible Injury","None","39.04986326","-77.11787598","    (39.04986326, -77.11787598)"
"MCP22700049","240059409","MONTGOMERY","Property Damage Crash","12/11/2024 06:15:00 PM","County Route","RYLAND DR","OLD GEORGETOWN RD PARKING LOT CUT THRU CUT",,,"Cyclist (non-electric)","Single Vehicle","Clear","Dry","Dark - Unknown Lighting","Traffic Control Signal","Not Suspect of Alcohol Use, Not Suspect of Drug Use","Not Suspect of Alcohol Use, Not Suspect of Drug Use","EE015B72-3B53-4C61-8875-4FD76B4D4E34","Cyclist (non-electric)","Cross/Enter at Intersection","Unknown","Intersection Marked Crosswalk","No","No Apparent Injury","Helmet","39.01313635","-77.11712976","    (39.01313635, -77.11712976)"
"MCP33350038","240059266","MONTGOMERY","Injury Crash","12/11/2024 03:52:00 PM","County Route","DOMER AVE","GARLAND AVE",,,"Pedestrian","Single Vehicle","Rain","Wet","Daylight","Stop Sign","Not Suspect of Alcohol Use, Not Suspect of Drug Use","Not Suspect of Alcohol Use, Not Suspect of Drug Use","DA6DC79B-F43B-4164-AF08-1C0AADF58724","Pedestrian","Cross/Enter at Intersection","None (No Improper Action)","Intersection Marked Crosswalk","No","Suspected Minor Injury","None","38.99688195","-76.99868277","    (38.99688195, -76.99868277)"
"MCP22700047","240059219","MONTGOMERY","Injury Crash","12/11/2024 12:40:00 PM","Maryland (State) Route","OLD GEORGETOWN RD","AUBURN AVE",,,"Pedestrian","Single Vehicle","Rain","Wet","Daylight","Traffic Control Signal","Not Suspect of Alcohol Use, Not Suspect of Drug Use","Not Suspect of Alcohol Use, Not Suspect of Drug Use","B3F49B55-0669-4852-86A5-BD30851A0046","Pedestrian","Cross/Enter at Intersection","None (No Improper Action)","Intersection Marked Crosswalk","No","Suspected Minor Injury","None","38.98884118","-77.10101639","    (38.98884118, -77.10101639)"
"MCP3031006B","240058911","MONTGOMERY","Injury Crash","12/09/2024 06:00:00 PM","County Route","BONIFANT RD","CATOCTIN DR",,,"Pedestrian","Single Vehicle","Clear","Wet","Dark - Lighted","No Controls","Not Suspect of Alcohol Use, Not Suspect of Drug Use","Not Suspect of Alcohol Use, Not Suspect of Drug Use","48160F33-015C-4804-9E84-171BC9AA748E","Pedestrian","Cross/Enter Not at Intersection","In Roadway Improperly (Standing, Lying, Working, Playing)","Travel Lane Other Location","Yes","Possible Injury","None","39.09092059","-77.0437445","    (39.09092059, -77.0437445)"
"MCP3037006R","240058721","MONTGOMERY","Injury Crash","12/08/2024 06:10:00 PM","County Route","RIDGE RD","OBSERVATION DR (SB/L)",,,"Pedestrian","Single Vehicle","Clear","Dry","Dark - Lighted","Pedestrian Crossing","Not Suspect of Alcohol Use, Not Suspect of Drug Use","Not Suspect of Alcohol Use, Not Suspect of Drug Use","0CD1A699-B414-4EED-BDF5-D219A10E61FA","Pedestrian","Cross/Enter at Intersection","None (No Improper Action)","Midblock Marked Crosswalk","No","Possible Injury","None","39.2019597","-77.25342628","    (39.2019597, -77.25342628)"
"MCP3271005C","240058691","MONTGOMERY","Injury Crash","12/08/2024 02:00:00 PM",,,,"Parking Lot Way        MONTGOMERY MALL 7101 DEMOCRACY BLVD",,"Pedestrian","Single Vehicle","Clear",,"Daylight",,"Not Suspect of Alcohol Use, Not Suspect of Drug Use","Not Suspect of Alcohol Use, Not Suspect of Drug Use","34DB74EA-514B-4230-AC16-79921908A4F0","Pedestrian","Cross/Enter Not at Intersection","None (No Improper Action)","NonTrafficway Area","No","Suspected Minor Injury","None","39.02533519","-77.14555619","    (39.02533519, -77.14555619)"
"MCP3039007D","240058602","MONTGOMERY","Injury Crash","12/07/2024 09:48:00 PM","County Route","THAYER AVE","GEORGIA AVE",,,"Pedestrian","Unknown","Clear","Dry","Dark - Lighted","No Controls","Unknown, Unknown","Suspect of Alcohol Use, Not Suspect of Drug Use","3A7136E9-B542-434F-A397-FB5F08DB6325","Pedestrian","Unknown","Unknown","Intersection Other","No","Possible Injury","None","38.99299097","-77.02644996","    (38.99299097, -77.02644996)"
"MCP3171002F","240058607","MONTGOMERY","Injury Crash","12/07/2024 09:21:00 PM",,,,"Parking Lot Way        PARKING LOT OF 19550 WATERS ROAD GERMANTOWN MD 20874",,"Pedestrian","Single Vehicle","Clear",,"Dark - Lighted",,"Not Suspect of Alcohol Use, Not Suspect of Drug Use","Not Suspect of Alcohol Use, Not Suspect of Drug Use","6D9BE8BC-EEC5-4AC9-9D60-BD1D7F7CC587","Pedestrian","Other","None (No Improper Action)","Other","No","Suspected Minor Injury","None","39.176853","-77.27440927","    (39.176853, -77.27440927)"
"MCP287100BS","240058712","MONTGOMERY","Injury Crash","12/07/2024 06:00:00 PM",,,,"Parking Aisle        5110 NICHOLSON LA",,"Pedestrian","Single Vehicle","Clear",,"Dark - Lighted",,"Not Suspect of Alcohol Use, Not Suspect of Drug Use","Not Suspect of Alcohol Use, Not Suspect of Drug Use","BFC63F58-4E1C-49A3-9436-6C1BFC814713","Pedestrian","Walking/Cycling Along Roadway Against Traffic (In or Adjacent to Travel Lane)","None (No Improper Action)","Other","No","Possible Injury","None","39.04436613","-77.10522057","    (39.04436613, -77.10522057)"
"MCP29300052","240058566","MONTGOMERY","Injury Crash","12/07/2024 04:05:00 PM",,,,"Parking Lot Way        PARKING LOT IN FRONT OF 13850 GEORGIA AVENUE",,"Pedestrian","Unknown","Clear",,"Daylight",,"Unknown, Unknown","Not Suspect of Alcohol Use, Not Suspect of Drug Use","05833314-BA57-4DDE-8C7E-0FB1A886FF15","Pedestrian","Unknown","Unknown","Other","No","Suspected Minor Injury","None","39.08144894","-77.07855102","    (39.08144894, -77.07855102)"
"MCP295200FM","240058520","MONTGOMERY","Injury Crash","12/07/2024 10:55:00 AM","Maryland (State) Route","PINEY BRANCH RD","SLIGO CREEK PKWY",,,"Pedestrian","Single Vehicle","Clear","Dry","Daylight","Traffic Control Signal","Not Suspect of Alcohol Use, Not Suspect of Drug Use","Not Suspect of Alcohol Use, Not Suspect of Drug Use","92139AE0-FCCC-4F1C-9D0A-6C2E9B47C3A0","Pedestrian","Cross/Enter at Intersection","None (No Improper Action)","Intersection Marked Crosswalk","No","Possible Injury","None","38.99591526","-77.00605353","    (38.99591526, -77.00605353)"
"MCP31480076","240058388","MONTGOMERY","Injury Crash","12/06/2024 03:23:00 PM","Maryland (State) Route","EAST WEST HWY","MEADOWBROOK LA",,,"Cyclist (non-electric)","Single Vehicle","Clear","Dry","Daylight","Traffic Control Signal","Not Suspect of Alcohol Use, Not Suspect of Drug Use","Not Suspect of Alcohol Use, Not Suspect of Drug Use","62D59C31-DF86-4A37-9322-F838D2BA0D97","Cyclist (non-electric)","Cross/Enter at Intersection","None (No Improper Action)","Intersection Marked Crosswalk","No","Suspected Minor Injury","Helmet, Lighting, Protective Pads (elbows, knees, shins, etc.), Reflectors","38.99260154","-77.06031327","    (38.99260154, -77.06031327)"
"MCP32380035","240058345","MONTGOMERY","Injury Crash","12/06/2024 11:37:00 AM","US (State)","GEORGIA AVE (SB/L)",,,,"Scooter (electric)","Single Vehicle","Clear","Dry","Daylight","No Controls","Not Suspect of Alcohol Use, Not Suspect of Drug Use","Not Suspect of Alcohol Use, Not Suspect of Drug Use","CA875B92-8D34-4D80-B02F-A2E0259C9E42","Scooter (electric)","Walking/Cycling on Sidewalk","Unknown","Sidewalk","Yes","Suspected Minor Injury","Helmet","38.99197858","-77.02684686","    (38.99197858, -77.02684686)"
"EJ7907000Z","240058233","GAITHERSBURG","Injury Crash","12/05/2024 05:15:00 PM","Maryland (State) Route",,"PHEASANT RUN DR W WATKINS MILL RD",,,"Pedestrian","Single Vehicle","Clear","Dry","Dark - Lighted","Traffic Control Signal","Not Suspect of Alcohol Use, Not Suspect of Drug Use","Not Suspect of Alcohol Use, Not Suspect of Drug Use","92703A2D-F27A-47E1-B5BA-609068BEFBF2","Pedestrian","Cross/Enter at Intersection","None (No Improper Action)","Intersection Marked Crosswalk","No","Suspected Minor Injury","None","39.14758319","-77.23292448","    (39.14758319, -77.23292448)"
"MCP31480074","240058089","MONTGOMERY","Injury Crash","12/04/2024 08:51:00 PM","Maryland (State) Route","EAST WEST HWY (WB/L)","SUNDALE DR WASHINGTON AVE WASHINGTON AVE (NB/L)",,,"Pedestrian","Single Vehicle","Clear","Dry","Dark - Lighted","Traffic Control Signal","Not Suspect of Alcohol Use, Not Suspect of Drug Use","Not Suspect of Alcohol Use, Not Suspect of Drug Use","35DE1954-A83E-4B51-BDB6-F4FF9203318C","Pedestrian","Cross/Enter at Intersection","Failure to Obey Traffic Signs, Signals, or Officer","Intersection Marked Crosswalk","No","Possible Injury","None","38.99492997","-77.04537518","    (38.99492997, -77.04537518)"
"MCP3431000J","240058081","MONTGOMERY","Injury Crash","12/04/2024 08:11:00 PM","Maryland (State) Route","CLOPPER RD",,,,"Pedestrian","Unknown","Clear","Dry","Dark - Lighted","Traffic Control Signal","Not Suspect of Alcohol Use, Not Suspect of Drug Use","Not Suspect of Alcohol Use, Not Suspect of Drug Use","9A6BF85C-E92A-4800-A954-D41590BE486E","Pedestrian","Walking/Cycling on Sidewalk","Not Visible (Dark Clothing, No Lighting, etc.)","Intersection Marked Crosswalk","No","Suspected Minor Injury","None","39.15901192","-77.27554972","    (39.15901192, -77.27554972)"
"MCP3348003R","240058066","MONTGOMERY","Injury Crash","12/04/2024 07:18:00 PM","County Route","NADINE DR","BAUER DR",,,"Pedestrian","Single Vehicle","Clear","Dry","Dark - Not Lighted","Stop Sign","Not Suspect of Alcohol Use, Not Suspect of Drug Use","Not Suspect of Alcohol Use, Not Suspect of Drug Use","F44B7212-4F60-458F-8C65-D7AD45F80A3F","Pedestrian","Cross/Enter at Intersection","None (No Improper Action)","Intersection Marked Crosswalk","No","Suspected Minor Injury","None","39.09096008","-77.10167646","    (39.09096008, -77.10167646)"
"DD5538004W","240058061","ROCKVILLE","Injury Crash","12/04/2024 06:27:00 PM","Maryland (State) Route","W MONTGOMERY AVE (WB/L)","HURLEY AVE HURLEY AVE (NB/L)",,,"Pedestrian","Single Vehicle","Clear","Dry","Dark - Lighted","Traffic Control Signal","Not Suspect of Alcohol Use, Not Suspect of Drug Use","Unknown, Unknown","72C7E611-C01E-4FED-B7D0-992F104A95D8","Pedestrian","Cross/Enter at Intersection","Dart/Dash, Failure to Obey Traffic Signs, Signals, or Officer, Not Visible (Dark Clothing, No Lighting, etc.), Other","Intersection Other","Yes","Possible Injury","None","39.08923137","-77.17793074","    (39.08923137, -77.17793074)"
"MCP33720036","240057814","MONTGOMERY","Injury Crash","12/03/2024 03:33:00 PM","County Route","VANDALIA DR","INDEPENDENCE ST",,,"Pedestrian","Single Vehicle","Clear","Dry","Daylight","No Controls","Not Suspect of Alcohol Use, Not Suspect of Drug Use","Not Suspect of Alcohol Use, Not Suspect of Drug Use","5D5C8FF7-F6B9-47A6-AD4E-B2DDA0E3E243","Pedestrian","Cross/Enter at Intersection","None (No Improper Action)","Intersection Marked Crosswalk","No","Suspected Minor Injury","None","39.07487871","-77.08342258","    (39.07487871, -77.08342258)"
"MCP3408000P","240057731","MONTGOMERY","Injury Crash","12/03/2024 08:09:00 AM","Maryland (State) Route","GEORGIA AVE (SB/L)",,,,"Pedestrian","Single Vehicle","Clear","Dry","Daylight","No Controls","Not Suspect of Alcohol Use, Not Suspect of Drug Use","Not Suspect of Alcohol Use, Not Suspect of Drug Use","EB1871AC-978A-401A-9B56-D8E0CDC59438","Pedestrian","Cross/Enter Not at Intersection","Failure to Obey Traffic Signs, Signals, or Officer","Travel Lane Other Location","Yes","Suspected Serious Injury","None","38.99679445","-77.02913113","    (38.99679445, -77.02913113)"
"EJ7833008J","240057696","GAITHERSBURG","Injury Crash","12/02/2024 03:30:00 PM","Maryland (State) Route","FREDERICK RD (SB/L)","S WESTLAND DR",,,"Cyclist (non-electric)","Single Vehicle","Clear","Dry","Daylight","Traffic Control Signal","Unknown, Unknown","Not Suspect of Alcohol Use, Not Suspect of Drug Use","B4E8CE29-44CC-4FFA-B51B-7A09D2CA421A","Cyclist (non-electric)","Cross/Enter at Intersection","None (No Improper Action)","Intersection Marked Crosswalk","No","Suspected Minor Injury","Unknown","39.12597168","-77.18289898","    (39.12597168, -77.18289898)"
"MCP2601001P","240057340","MONTGOMERY","Injury Crash","11/30/2024 02:36:00 PM","US (State)",,,,,"Cyclist (Electric)","Single Vehicle","Clear","Dry","Daylight","No Controls","Not Suspect of Alcohol Use, Not Suspect of Drug Use","Not Suspect of Alcohol Use, Not Suspect of Drug Use","0D0B630B-604A-417B-8A61-7169EBF45B4F","Cyclist (Electric)","Walking/Cycling on Sidewalk","None (No Improper Action)","Driveway Access","No","Suspected Minor Injury","None","38.99625798","-77.02781278","    (38.99625798, -77.02781278)"
"MCP3009008F","240057328","MONTGOMERY","Injury Crash","11/30/2024 12:28:00 PM",,,,"Parking Aisle        IN FRONT OF 19204 MONTGOMERY VILLAGE AVE MONTGOMERY VILLAGE, MD 20886",,"Pedestrian","Single Vehicle","Clear",,"Daylight",,"Not Suspect of Alcohol Use, Not Suspect of Drug Use","Not Suspect of Alcohol Use, Not Suspect of Drug Use","39D54407-91B8-496B-B586-7050B62E1E1D","Pedestrian","Standing","In Roadway Improperly (Standing, Lying, Working, Playing)","Travel Lane Other Location","Yes","Possible Injury","None","39.17177164","-77.20502716","    (39.17177164, -77.20502716)"
"MCP3307002J","240057299","MONTGOMERY","Injury Crash","11/30/2024 07:55:00 AM","Maryland (State) Route","NO NAME","NORBECK RD WINTERGATE DR",,,"Cyclist (non-electric)","Single Vehicle","Clear","Dry","Daylight","Traffic Control Signal","Not Suspect of Alcohol Use, Not Suspect of Drug Use","Not Suspect of Alcohol Use, Not Suspect of Drug Use","34B6E259-CB50-4C9A-BEFD-1B4C84E2D49E","Cyclist (non-electric)","Cross/Enter at Intersection","Unknown","Intersection Marked Crosswalk","No","Possible Injury","None","39.11242985","-77.05902146","    (39.11242985, -77.05902146)"
"MCP2948007H","240057235","MONTGOMERY","Injury Crash","11/29/2024 06:17:00 PM","Maryland (State) Route","GEORGIA AVE (SB/L)",,,,"Pedestrian","Single Vehicle","Clear","Dry","Dark - Unknown Lighting","No Controls","Not Suspect of Alcohol Use, Not Suspect of Drug Use","Unknown, Unknown","3C903843-D54B-40C1-AC55-9E15C9CC3A3A","Pedestrian","Cross/Enter Not at Intersection","Dart/Dash","Intersection Unmarked Crosswalk","Yes","Suspected Minor Injury","None","39.04568308","-77.0521781","    (39.04568308, -77.0521781)"
"MCP3352002D","240057206","MONTGOMERY","Injury Crash","11/29/2024 02:20:00 PM",,,,"Parking Aisle        18270 CONTOUR RD",,"Pedestrian","Single Vehicle","Clear",,"Daylight",,"Unknown, Unknown","Not Suspect of Alcohol Use, Not Suspect of Drug Use","95010F9F-765E-46C5-A889-AC68DCA69BA2","Pedestrian","Standing","None (No Improper Action)","Other","No","Suspected Minor Injury","None","39.15472499","-77.19917334","    (39.15472499, -77.19917334)"
"MCP913000K4","240057187","MONTGOMERY","Property Damage Crash","11/29/2024 12:12:00 PM",,,,"Parking Lot Way        GAS LANE AT SHELL STATION 8533 PINEY BRANCH RD SILVER SPRING, MD 20901",,"Occupant of Motor Vehicle Not in Transport","Front to Rear","Cloudy",,"Daylight",,"Not Suspect of Alcohol Use, Not Suspect of Drug Use","Not Suspect of Alcohol Use, Not Suspect of Drug Use","269D0FC0-4F66-493F-B503-45D333491220","Occupant of Motor Vehicle Not in Transport","Standing","None (No Improper Action)","Other","No","No Apparent Injury","None","38.99812645","-77.00202504","    (38.99812645, -77.00202504)"
"MCP3111008R","240057181","MONTGOMERY","Injury Crash","11/29/2024 11:20:00 AM","County Route","ELM ST","WISCONSIN AVE (SB/L)",,,"Pedestrian","Single Vehicle","Cloudy","Dry","Daylight","Traffic Control Signal","Unknown, Unknown","Not Suspect of Alcohol Use, Not Suspect of Drug Use","E3B8A427-CB98-4A69-8EC4-AB96F31397E4","Pedestrian","Cross/Enter at Intersection","None (No Improper Action)","Intersection Marked Crosswalk","No","Suspected Minor Injury","None","38.98222489","-77.0932758","    (38.98222489, -77.0932758)"
"MCP29870090","240057017","MONTGOMERY","Injury Crash","11/27/2024 07:20:00 PM","County Route","FAIRLAND RD",,,,"Pedestrian","Single Vehicle","Clear","Dry","Dark - Lighted","No Controls","Unknown, Unknown","Not Suspect of Alcohol Use, Not Suspect of Drug Use","5189F91E-F5E0-49AC-A797-19B8838779D8","Pedestrian","Cross/Enter Not at Intersection","Failure to Obey Traffic Signs, Signals, or Officer, Not Visible (Dark Clothing, No Lighting, etc.)","Travel Lane Other Location","No","Suspected Minor Injury","None","39.07692278","-76.9585157","    (39.07692278, -76.9585157)"
"MCP3424000V","240056695","MONTGOMERY","Injury Crash","11/25/2024 11:24:00 PM","Maryland (State) Route","S FREDERICK RD",,,,"Pedestrian","Single Vehicle","Clear","Dry","Dark - Lighted","No Controls","Not Suspect of Alcohol Use, Not Suspect of Drug Use","Not Suspect of Alcohol Use, Not Suspect of Drug Use","6041043D-00E9-4396-91FF-29CD996AAE9E","Pedestrian","Standing","None (No Improper Action)","Unknown","No","Possible Injury","None","39.13850018","-77.19492969","    (39.13850018, -77.19492969)"
"MCP3424000V","240056695","MONTGOMERY","Injury Crash","11/25/2024 11:24:00 PM","Maryland (State) Route","S FREDERICK RD",,,,"Pedestrian","Single Vehicle","Clear","Dry","Dark - Lighted","No Controls","Not Suspect of Alcohol Use, Not Suspect of Drug Use","Not Suspect of Alcohol Use, Not Suspect of Drug Use","14B0FD4E-1D7B-45C3-A499-BA48B04B7BA7","Pedestrian","None","None (No Improper Action)","Unknown","No","Possible Injury","None","39.13850018","-77.19492969","    (39.13850018, -77.19492969)"