"Report Number","Local Case Number","Agency Name","ACRS Report Type","Crash Date/Time","Route Type","Road Name","Cross-Street Name","Off-Road Description","Municipality","Related Non-Motorist","Collision Type","Weather","Surface Condition","Light","Traffic Control","Driver Substance Abuse","Non-Motorist Substance Abuse","Person ID","Pedestrian Type","Pedestrian Movement","Pedestrian Actions","Pedestrian Location","At Fault","Injury Severity","Safety Equipment","Latitude","Longitude","Location"
"MCP2760005X","240044180","MONTGOMERY","Injury Crash","09/16/2024 06:30:00 PM","County Route","CONTOUR RD",,,,"Occupant of Motor Vehicle Not in Transport, Pedestrian","Front to Rear","Clear","Dry","Daylight","No Controls","Not Suspect of Alcohol Use, Not Suspect of Drug Use","Not Suspect of Alcohol Use, Not Suspect of Drug Use","D3DADE9B-5838-4ADC-8089-10D2697C6975","Pedestrian","Walking/Cycling on Sidewalk","None (No Improper Action)","Sidewalk","No","Possible Injury","None","39.15404","-77.19673333","    (39.15404, -77.19673333)"
"MCP3422000G","240044521","MONTGOMERY","Injury Crash","09/16/2024 03:28:00 PM","Other Public Roadway","CROYDON CT",,,,"Pedestrian","Single Vehicle","Unknown","Dry","Unknown","No Controls","Not Suspect of Alcohol Use, Not Suspect of Drug Use","Not Suspect of Alcohol Use, Not Suspect of Drug Use","3581DED2-F4D7-4C52-843A-D4793B2BCD8B","Pedestrian","Walking/Cycling on Sidewalk","Unknown","Travel Lane Other Location","No","Suspected Minor Injury","None","39.00363152","-77.01238494","    (39.00363152, -77.01238494)"
"MCP31680073","240044128","MONTGOMERY","Injury Crash","09/16/2024 02:58:00 PM",,,,"Parking Lot Way        IN THE PARKING LOT OF 15501 A FREDERICK ROAD",,"Pedestrian","Single Vehicle","Clear",,"Daylight",,"Not Suspect of Alcohol Use, Not Suspect of Drug Use","Not Suspect of Alcohol Use, Not Suspect of Drug Use","E0E5AA24-A74C-44C2-8C2E-44245C733976","Pedestrian","Cross/Enter at Intersection","None (No Improper Action)","Intersection Marked Crosswalk","No","Suspected Minor Injury","None","39.10955539","-77.15996091","    (39.10955539, -77.15996091)"
"MCP3432000N","240044034","MONTGOMERY","Injury Crash","09/16/2024 07:39:00 AM","County Route","DALEWOOD DR",,,,"Pedestrian","Single Vehicle","Clear","Dry","Daylight","No Controls","Not Suspect of Alcohol Use, Not Suspect of Drug Use","Not Suspect of Alcohol Use, Not Suspect of Drug Use","7BEE2CBA-97EF-473A-BC56-705C999ADE11","Pedestrian","Cross/Enter Not at Intersection","Dart/Dash, In Roadway Improperly (Standing, Lying, Working, Playing)","Travel Lane Other Location","No","Suspected Minor Injury","None","39.06223785","-77.06695588","    (39.06223785, -77.06695588)"
"MCP2395002J","240043978","MONTGOMERY","Injury Crash","09/15/2024 06:40:00 PM",,,,"Parking Lot Way        CROSSWALK FROM 14939 SHADY GROVE RD",,"Pedestrian","Single Vehicle","Clear",,"Dusk",,"Not Suspect of Alcohol Use, Not Suspect of Drug Use","Not Suspect of Alcohol Use, Not Suspect of Drug Use","DE1F85FE-74A2-404E-8D12-CCE98725A689","Pedestrian","Other","None (No Improper Action)","Intersection Marked Crosswalk","No","Suspected Serious Injury","None","39.09766523","-77.19236342","    (39.09766523, -77.19236342)"
"MCP28980057","240043967","MONTGOMERY","Injury Crash","09/15/2024 05:23:00 PM","Other Public Roadway","EMERALD GREEN DR",,,,"Cyclist (non-electric)","Single Vehicle","Clear","Dry","Daylight","Stop Sign","Not Suspect of Alcohol Use, Not Suspect of Drug Use","Not Suspect of Alcohol Use, Not Suspect of Drug Use","E31D9E54-5758-4432-8A5E-E7596186AF49","Cyclist (non-electric)","Cross/Enter at Intersection","Failure to Yield Right-Of-Way","Intersection Unmarked Crosswalk","Yes","Possible Injury","Helmet","39.22235691","-77.24708679","    (39.22235691, -77.24708679)"
"MCP24500057","240043458","MONTGOMERY","Injury Crash","09/12/2024 07:44:00 PM","Maryland (State) Route","FREDERICK RD (SB/L)",,,,"Scooter (electric)","Single Vehicle","Clear","Dry","Dark - Lighted","Stop Sign","Not Suspect of Alcohol Use, Not Suspect of Drug Use","Not Suspect of Alcohol Use, Not Suspect of Drug Use","7AC01ABC-4C45-44AA-8F97-E2EED08590BA","Scooter (electric)","Unknown","Failure to Yield Right-Of-Way, Improper Passing","Intersection Marked Crosswalk","Yes","Suspected Minor Injury","None","39.15474883","-77.21498816","    (39.15474883, -77.21498816)"
"DM8502001G","240043449","TAKOMA","Injury Crash","09/12/2024 06:51:00 PM","Municipality Route","MAPLE AVE",,,,"Cyclist (non-electric)","Single Vehicle","Clear","Dry","Daylight","No Controls","Not Suspect of Alcohol Use, Not Suspect of Drug Use","Not Suspect of Alcohol Use, Not Suspect of Drug Use","F525B48E-0EB0-4878-BDB3-1B25AB46C6B8","Cyclist (non-electric)","Walking/Cycling Along Roadway With Traffic (In or Adjacent to Travel Lane)","Unknown","Shared Lane Markings)","Yes","Suspected Minor Injury","Unknown","38.98329967","-77.00537099","    (38.98329967, -77.00537099)"
"MCP3148006W","240043406","MONTGOMERY","Injury Crash","09/12/2024 03:44:00 PM","Maryland (State) Route","WISCONSIN AVE","WESTERN AVE",,,"Pedestrian","Single Vehicle","Clear","Dry","Daylight","Traffic Control Signal","Not Suspect of Alcohol Use, Not Suspect of Drug Use","Not Suspect of Alcohol Use, Not Suspect of Drug Use","7D9074D3-7FA8-41EB-AE87-366D42169C04","Pedestrian","Cross/Enter at Intersection","Inattentive (Talking, Eating, etc.)","Intersection Marked Crosswalk","No","Possible Injury","None","38.96086302","-77.08582751","    (38.96086302, -77.08582751)"
"MCP3052003Y","240043312","MONTGOMERY","Injury Crash","09/12/2024 04:04:00 AM","County Route","BRASSIE WAY",,,,"Pedestrian","Single Vehicle","Clear","Dry","Dark - Lighted","No Controls","Not Suspect of Alcohol Use, Not Suspect of Drug Use","Not Suspect of Alcohol Use, Not Suspect of Drug Use","C04A6176-AFA4-4B3C-800B-9B7E2EA16DB9","Pedestrian","None","In Roadway Improperly (Standing, Lying, Working, Playing)","Travel Lane Other Location","No","Suspected Minor Injury","None","39.17540261","-77.20233654","    (39.17540261, -77.20233654)"
"MCP3422000D","240043220","MONTGOMERY","Injury Crash","09/11/2024 03:15:00 PM","County Route",,"DAMERON DR",,,"Pedestrian","Single Vehicle","Clear","Dry","Daylight","Traffic Control Signal","Not Suspect of Alcohol Use, Not Suspect of Drug Use","Not Suspect of Alcohol Use, Not Suspect of Drug Use","A5FB7FE6-6EA5-4A5B-8DC6-9637D59D8027","Pedestrian","Cross/Enter at Intersection","None (No Improper Action)","Intersection Marked Crosswalk","No","Suspected Minor Injury","None","39.01595783","-77.03662176","    (39.01595783, -77.03662176)"
"MCP2678004X","240042955","MONTGOMERY","Injury Crash","09/10/2024 10:29:00 AM","County Route","RANDOLPH RD","DALEWOOD DR (EB/L)",,,"Pedestrian","Single Vehicle","Clear","Dry","Daylight","Traffic Control Signal","Not Suspect of Alcohol Use, Not Suspect of Drug Use","Not Suspect of Alcohol Use, Not Suspect of Drug Use","D029E254-B4FF-479D-A240-D40BB57E2457","Pedestrian","Cross/Enter at Intersection","None (No Improper Action)","Intersection Marked Crosswalk","No","Suspected Minor Injury","None","39.05906953","-77.06885197","    (39.05906953, -77.06885197)"
"MCP209400NS","240042953","MONTGOMERY","Injury Crash","09/10/2024 10:03:00 AM","County Route","HAMILTON SPRING RD",,,,"Pedestrian","Single Vehicle","Clear","Dry","Daylight","No Controls","Not Suspect of Alcohol Use, Not Suspect of Drug Use","Not Suspect of Alcohol Use, Not Suspect of Drug Use","DC94A828-0C6B-413E-BF3E-AA474326FB9A","Pedestrian","Other Working","Other","Other","Yes","Possible Injury","Reflectors","38.98861496","-77.16815297","    (38.98861496, -77.16815297)"
"EJ7879004D","240042885","GAITHERSBURG","Injury Crash","09/09/2024 09:13:00 PM","County Route","FIELDS RD","ELLINGTON BLVD RIO BLVD",,,"Pedestrian","Single Vehicle","Clear","Dry","Dark - Lighted","Traffic Control Signal","Not Suspect of Alcohol Use, Not Suspect of Drug Use","Not Suspect of Alcohol Use, Not Suspect of Drug Use","1ABF9F17-3210-44F7-8082-3E820B05CA93","Pedestrian","Cross/Enter at Intersection","None (No Improper Action)","Intersection Marked Crosswalk","No","Suspected Minor Injury","None","39.11583623","-77.20382941","    (39.11583623, -77.20382941)"
"MCP209400NR","240042790","MONTGOMERY","Injury Crash","09/09/2024 02:44:00 PM","County Route","ROCK SPRING DR",,,,"Pedestrian","Single Vehicle","Clear","Dry","Daylight","No Controls","Not Suspect of Alcohol Use, Not Suspect of Drug Use","Not Suspect of Alcohol Use, Not Suspect of Drug Use","FA5302CF-3030-4217-A507-B8CD5E3B154A","Pedestrian","Cross/Enter at Intersection","Dart/Dash","Intersection Marked Crosswalk","Yes","Suspected Minor Injury","None","39.02675978","-77.12771321","    (39.02675978, -77.12771321)"
"MCP2001002B","240042560","MONTGOMERY","Fatal Crash","09/08/2024 04:40:00 AM","Maryland (State) Route","NEW HAMPSHIRE AVE (SB/L)","RODNEY RD",,,"Pedestrian","Single Vehicle","Clear","Dry","Dark - Unknown Lighting","Stop Sign","Suspect of Alcohol Use, Unknown","Not Suspect of Alcohol Use, Not Suspect of Drug Use","E7478DA5-AC66-4571-A76F-25F05C80855A","Pedestrian","Cross/Enter at Intersection","Unknown","Intersection Other","Yes","Fatal Injury","None","39.02867395","-76.98327452","    (39.02867395, -76.98327452)"
"MCP3295004G","240042507","MONTGOMERY","Property Damage Crash","09/07/2024 07:47:00 PM",,,,"Parking Aisle        INFRONT OF 12028 CHERRY HILL RD",,"Pedestrian","Single Vehicle","Clear",,"Dark - Lighted",,"Unknown, Unknown","Not Suspect of Alcohol Use, Not Suspect of Drug Use","83B7AA0B-9DB6-4E4D-8A49-E7AD12B3E12F","Pedestrian","Cross/Enter at Intersection","None (No Improper Action)","Intersection Marked Crosswalk","No","No Apparent Injury","None","39.05462575","-76.95611885","    (39.05462575, -76.95611885)"
"EJ79060011","240042354","GAITHERSBURG","Injury Crash","09/06/2024 06:55:00 PM","Maryland (State) Route","W DIAMOND AVE (WB/L)","PERRY PKWY",,,"Cyclist (non-electric)","Unknown","Clear","Dry","Daylight","Traffic Control Signal","Not Suspect of Alcohol Use, Not Suspect of Drug Use","Not Suspect of Alcohol Use, Not Suspect of Drug Use","C420F328-9A19-48F8-9DE7-242B60A20548","Cyclist (non-electric)","Cross/Enter at Intersection","None (No Improper Action)","Intersection Marked Crosswalk","No","Suspected Minor Injury","None","39.14053567","-77.20945223","    (39.14053567, -77.20945223)"
"MCP3376001Y","240042272","MONTGOMERY","Property Damage Crash","09/06/2024 01:01:00 PM","County Route","KARA LA","E RANDOLPH RD",,,"Cyclist (non-electric)","Single Vehicle","Cloudy","Dry","Daylight","Stop Sign","Not Suspect of Alcohol Use, Not Suspect of Drug Use","Not Suspect of Alcohol Use, Not Suspect of Drug Use","FCDE40FF-5CA3-4995-AFDA-D37BABEF8B70","Cyclist (non-electric)","Cross/Enter at Intersection","None (No Improper Action)","Intersection Unmarked Crosswalk","No","No Apparent Injury","Unknown","39.0755665","-77.00053517","    (39.0755665, -77.00053517)"
"MCP3129009X","240042227","MONTGOMERY","Injury Crash","09/06/2024 08:41:00 AM","County Route","DALEWOOD DR","RANDOLPH RD (WB/L)",,,"Cyclist (Electric)","Single Vehicle","Clear","Dry","Daylight","Pedestrian Crossing Sign","Not Suspect of Alcohol Use, Not Suspect of Drug Use","Not Suspect of Alcohol Use, Not Suspect of Drug Use","09C2678B-B110-442E-9FDB-8AC7A2928688","Cyclist (Electric)","Cross/Enter at Intersection","None (No Improper Action)","Intersection Marked Crosswalk","No","Suspected Minor Injury","Unknown","39.05921025","-77.06917922","    (39.05921025, -77.06917922)"
"MCP2905006H","240042261","MONTGOMERY","Injury Crash","09/05/2024 01:15:00 PM","Maryland (State) Route","VEIRS MILL RD (WB/L)",,,,"Pedestrian","Single Vehicle","Clear","Dry","Daylight","Traffic Control Signal","Unknown, Unknown","Unknown, Unknown","5D71DD50-C29F-406B-9DBD-8D31C0B4354C","Pedestrian","Cross/Enter Not at Intersection","Other","Shoulder/Roadside","Yes","Suspected Minor Injury","None","39.03701011","-77.05100781","    (39.03701011, -77.05100781)"
"MCP27990082","240041930","MONTGOMERY","Property Damage Crash","09/04/2024 03:20:00 PM","US (State)",,,,,"Pedestrian","Single Vehicle","Clear","Dry","Daylight","Traffic Control Signal","Not Suspect of Alcohol Use, Not Suspect of Drug Use","Not Suspect of Alcohol Use, Not Suspect of Drug Use","3D111883-3E6E-4E13-88C7-7EDFF983A9F0","Pedestrian","Cross/Enter at Intersection","Failure to Obey Traffic Signs, Signals, or Officer","Intersection Marked Crosswalk","Yes","No Apparent Injury","None","39.00538358","-77.02277701","    (39.00538358, -77.02277701)"
"MCP32420022","240041652","MONTGOMERY","Injury Crash","09/03/2024 08:08:00 AM",,,,"Parking Lot Way        PARENT LOOP AT ROBERTO CLEMENTE MIDDLE SCHOOL",,"Pedestrian","Single Vehicle","Clear",,"Daylight",,"Not Suspect of Alcohol Use, Not Suspect of Drug Use","Not Suspect of Alcohol Use, Not Suspect of Drug Use","733C003A-0FD4-4D9B-BC5E-0BD0783E529B","Pedestrian","Cross/Enter Not at Intersection","Failure to Yield Right-Of-Way","Other","No","Possible Injury","None","39.16635011","-77.24670117","    (39.16635011, -77.24670117)"
"MCP2788003M","240041626","MONTGOMERY","Injury Crash","09/02/2024 09:21:00 PM","Maryland (State) Route","GEORGIA AVE (SB/L)",,,,"Pedestrian","Single Vehicle","Clear","Dry","Dark - Lighted","Traffic Control Signal","Not Suspect of Alcohol Use, Not Suspect of Drug Use","Suspect of Alcohol Use, Not Suspect of Drug Use","63CCC9F2-64C0-4972-AAB0-F82B486C8ABB","Pedestrian","Getting Off/On Vehicle","Entering/Exiting Parked/Standing Vehicle","Other","Yes","Possible Injury","None","39.03211558","-77.04851317","    (39.03211558, -77.04851317)"
"MCP3348003D","240041593","MONTGOMERY","Injury Crash","09/02/2024 06:22:00 PM","County Route","ASPEN HILL RD","PARKLAND DR",,,"Pedestrian","Single Vehicle","Clear","Dry","Daylight","Traffic Control Signal","Not Suspect of Alcohol Use, Not Suspect of Drug Use","Not Suspect of Alcohol Use, Not Suspect of Drug Use","8DF4A5C5-1E7B-45BC-86BC-8A7719E4A4BB","Pedestrian","Cross/Enter at Intersection","Dart/Dash","Intersection Marked Crosswalk","No","Suspected Serious Injury","None","39.07915718","-77.08712813","    (39.07915718, -77.08712813)"
"EJ7873009S","240042127","GAITHERSBURG","Injury Crash","09/02/2024 03:00:00 PM","Municipality Route","TULIP DR",,,,"Pedestrian","Single Vehicle","Clear","Dry","Daylight","No Controls","Unknown, Unknown","Unknown, Unknown","3F047DF4-1C47-41F2-9DDB-F039F3252FFE","Pedestrian","Other","Other","Shoulder/Roadside","No","Possible Injury","None","39.13759112","-77.19061836","    (39.13759112, -77.19061836)"
"MCP23990095","240041558","MONTGOMERY","Injury Crash","09/02/2024 02:54:00 PM","County Route","WIGHTMAN RD","ASPENWOOD LA",,,"Cyclist (Electric)","Single Vehicle","Clear","Dry","Daylight","Stop Sign","Not Suspect of Alcohol Use, Not Suspect of Drug Use","Not Suspect of Alcohol Use, Not Suspect of Drug Use","B852944F-F3EB-4F17-9F7F-FB8FEC03F721","Cyclist (Electric)","Walking/Cycling Along Roadway With Traffic (In or Adjacent to Travel Lane)","None (No Improper Action)","Shoulder/Roadside","No","Possible Injury","Unknown","39.19406525","-77.19494219","    (39.19406525, -77.19494219)"
"MCP3427000C","240041511","MONTGOMERY","Injury Crash","09/02/2024 08:11:00 AM",,,,"Parking Stall        9846 BROOKRIDGE CT",,"Other Pedestrian (person in a building, skater, personal conveyance, etc.)","Single Vehicle","Clear",,"Daylight",,"Not Suspect of Alcohol Use, Not Suspect of Drug Use","Not Suspect of Alcohol Use, Not Suspect of Drug Use","4973336B-57E0-4506-921C-A82B9E5F443D","Other Pedestrian (person in a building, skater, personal conveyance, etc.)","Other","None (No Improper Action)","Other","No","Suspected Minor Injury","None","39.18837347","-77.20186459","    (39.18837347, -77.20186459)"
"DD56330093","240041253","ROCKVILLE","Property Damage Crash","08/31/2024 01:06:00 PM","Municipality Route",,,,,"Cyclist (non-electric)","Single Vehicle","Cloudy","Dry","Daylight","No Controls","Not Suspect of Alcohol Use, Not Suspect of Drug Use","Not Suspect of Alcohol Use, Not Suspect of Drug Use","CB231B9F-1134-493C-9D97-927C39B37169","Cyclist (non-electric)","None","None (No Improper Action)","Separated Bike Lanes","No","No Apparent Injury","Helmet","39.09041919","-77.15369751","    (39.09041919, -77.15369751)"
"MCP3261001G","240041201","MONTGOMERY","Injury Crash","08/31/2024 02:58:00 AM",,,,"Parking Lot Way        IN PARKING LOT OF 8367 SNOUFFER SCHOOL RD",,"Pedestrian","Front to Rear","Clear",,"Dark - Lighted",,"Unknown, Unknown","Suspect of Alcohol Use, Not Suspect of Drug Use","7E2BD8C2-2F70-409E-9ABC-0FBAA1B376CC","Pedestrian","Standing","None (No Improper Action)","Other","No","Possible Injury","None","39.16694259","-77.17132507","    (39.16694259, -77.17132507)"
"MCP33520023","240041163","MONTGOMERY","Property Damage Crash","08/30/2024 08:18:00 PM",,,,"Parking Lot Way        PARKING LOT OF MONTGOMERY VILLAGE SHOPPING CENTER",,"Pedestrian","Single Vehicle","Clear",,"Dark - Lighted",,"Unknown, Unknown","Not Suspect of Alcohol Use, Not Suspect of Drug Use","AD72E5B7-3CC0-4E27-9EFC-86E61A0FD485","Pedestrian","Cross/Enter at Intersection","None (No Improper Action)","Intersection Marked Crosswalk","No","No Apparent Injury","None","39.17096881","-77.20523324","    (39.17096881, -77.20523324)"
"DD5631005N","240041161","ROCKVILLE","Injury Crash","08/30/2024 08:00:00 PM","Municipality Route","PARK RD (WB/L)","N STONESTREET AVE",,,"Pedestrian","Single Vehicle","Clear","Dry","Dark - Not Lighted","Traffic Control Signal","Not Suspect of Alcohol Use, Not Suspect of Drug Use","Not Suspect of Alcohol Use, Not Suspect of Drug Use","A5E4CF61-E64F-4E61-BEA1-FCB3CC2E752C","Pedestrian","Cross/Enter at Intersection","None (No Improper Action)","Intersection Marked Crosswalk","No","Possible Injury","None","39.08552556","-77.14668688","    (39.08552556, -77.14668688)"
"MCP3400001L","240041121","MONTGOMERY","Injury Crash","08/30/2024 04:04:00 PM","US (State)","COLESVILLE RD","CRESTMOOR DR",,,"Scooter (electric)","Single Vehicle","Cloudy","Dry","Daylight","Stop Sign","Not Suspect of Alcohol Use, Not Suspect of Drug Use","Not Suspect of Alcohol Use, Not Suspect of Drug Use","2D88A823-CEC3-46AF-968B-3FFB6E9E0D11","Scooter (electric)","Cross/Enter at Intersection","None (No Improper Action)","Intersection Unmarked Crosswalk","No","Suspected Minor Injury","None","39.02793225","-77.00900529","    (39.02793225, -77.00900529)"
"MCP3339004B","240041112","MONTGOMERY","Injury Crash","08/30/2024 03:35:00 PM",,,,"Parking Lot Way        ASPEN HILL SHOPPING CENTER 
13601 CONNECTICUT AVENUE",,"Pedestrian","Single Vehicle","Cloudy",,"Daylight",,"Not Suspect of Alcohol Use, Not Suspect of Drug Use","Not Suspect of Alcohol Use, Not Suspect of Drug Use","3CFC7110-C6C3-48B0-810E-F8FB643BB74E","Pedestrian","Cross/Enter Not at Intersection","None (No Improper Action)","Intersection Marked Crosswalk","No","Possible Injury","None","39.0788641","-77.07960701","    (39.0788641, -77.07960701)"
"DD56630018","240041093","ROCKVILLE","Injury Crash","08/30/2024 01:42:00 PM",,,,"Parking Lot Way        FIRST FLOOR OF GARAGE PARKING AREA",,"Pedestrian","Single Vehicle","Cloudy",,"Daylight",,"Not Suspect of Alcohol Use, Not Suspect of Drug Use","Not Suspect of Alcohol Use, Not Suspect of Drug Use","F40485A1-E7B9-4016-A743-053BD51019BA","Pedestrian","Standing","Unknown","NonTrafficway Area","Yes","Suspected Minor Injury","None","39.08077603","-77.14607822","    (39.08077603, -77.14607822)"
"MCP3292002G","240041477","MONTGOMERY","Injury Crash","08/29/2024 10:31:00 PM","Municipality Route","W DEER PARK RD (WB/L)","MUDDY BRANCH RD (SB/L)",,,"Pedestrian","Single Vehicle","Clear","Dry","Dark - Lighted","Traffic Control Signal","Not Suspect of Alcohol Use, Not Suspect of Drug Use","Not Suspect of Alcohol Use, Not Suspect of Drug Use","0D60B89F-22B3-4D8D-AFB1-BDBEB27506AF","Pedestrian","Cross/Enter at Intersection","None (No Improper Action)","Intersection Marked Crosswalk","No","Suspected Minor Injury","None","39.13477125","-77.20578609","    (39.13477125, -77.20578609)"
"MCP3138006Z","240040952","MONTGOMERY","Injury Crash","08/29/2024 03:51:00 PM","County Route",,"BRIARS RD HERITAGE HILLS DR",,,"Pedestrian","Single Vehicle","Clear","Dry","Daylight","No Controls","Not Suspect of Alcohol Use, Not Suspect of Drug Use","Not Suspect of Alcohol Use, Not Suspect of Drug Use","2F3B4857-59D3-4431-A02C-C4FDBA8EBFE2","Pedestrian","Cross/Enter at Intersection","Dart/Dash, Failure to Obey Traffic Signs, Signals, or Officer, In Roadway Improperly (Standing, Lying, Working, Playing)","Intersection Other","Yes","Possible Injury","None","39.16749165","-77.06793965","    (39.16749165, -77.06793965)"
"MCP32280067","240040945","MONTGOMERY","Injury Crash","08/29/2024 03:43:00 PM","County Route","KENNETT ST","13TH ST",,,"Scooter (electric)","Single Vehicle","Clear","Dry","Daylight","Pedestrian Crossing Sign","Not Suspect of Alcohol Use, Not Suspect of Drug Use","Not Suspect of Alcohol Use, Not Suspect of Drug Use","091FFBBB-67C9-49BD-A62E-922FAEF65F4C","Scooter (electric)","Cross/Enter at Intersection","None (No Improper Action)","Intersection Marked Crosswalk","No","Suspected Minor Injury","None","38.98728559","-77.02777053","    (38.98728559, -77.02777053)"
"MCP3208005X","240040825","MONTGOMERY","Injury Crash","08/28/2024 09:37:00 PM","County Route","THAYER AVE",,,,"Pedestrian","Single Vehicle","Clear","Dry","Dark - Lighted","No Controls","Unknown, Unknown","Suspect of Alcohol Use, Not Suspect of Drug Use","1008F599-E9A3-4A01-9549-D52B19D0116B","Pedestrian","Other","In Roadway Improperly (Standing, Lying, Working, Playing)","Shoulder/Roadside","No","Suspected Serious Injury","None","38.99307087","-77.02342134","    (38.99307087, -77.02342134)"
"MCP2723008H","240040763","MONTGOMERY","Injury Crash","08/28/2024 03:00:00 PM",,,,"Parking Lot Way        PARKING LOT OF 4301 RANDOLPH ROAD (RODMAN'S)",,"Pedestrian","Single Vehicle","Clear",,"Daylight",,"Unknown, Unknown","Not Suspect of Alcohol Use, Not Suspect of Drug Use","FA79A0D4-20A3-4CE1-86CE-B226AC354428","Pedestrian","Cross/Enter Not at Intersection","None (No Improper Action)","NonTrafficway Area","No","Possible Injury","None","39.05612513","-77.08337787","    (39.05612513, -77.08337787)"
"MCP3051007Q","240040599","MONTGOMERY","Injury Crash","08/27/2024 05:35:00 PM","County Route","COLFAX ST","PARKWOOD DR",,,"Cyclist (non-electric)","Single Vehicle","Clear","Dry","Daylight","No Controls","Not Suspect of Alcohol Use, Not Suspect of Drug Use","Not Suspect of Alcohol Use, Not Suspect of Drug Use","7B989822-175A-48AD-906E-E53E6C68C345","Cyclist (non-electric)","Other","None (No Improper Action)","Intersection Other","No","Possible Injury","Helmet","39.02827167","-77.08720667","    (39.02827167, -77.08720667)"
"MCP2270003F","240040696","MONTGOMERY","Injury Crash","08/27/2024 12:00:00 PM","Local Route","GROSVENOR PL",,,,"Cyclist (non-electric)","Single Vehicle","Clear","Dry","Daylight","No Controls","Not Suspect of Alcohol Use, Not Suspect of Drug Use","Not Suspect of Alcohol Use, Not Suspect of Drug Use","81A87CC7-C4AF-4CDF-8E09-5EA22786831E","Cyclist (non-electric)","Walking/Cycling Along Roadway With Traffic (In or Adjacent to Travel Lane)","None (No Improper Action)","Shoulder/Roadside","No","Suspected Minor Injury","Helmet","39.02763539","-77.1071842","    (39.02763539, -77.1071842)"
"MCP3312005B","240040465","MONTGOMERY","Property Damage Crash","08/27/2024 06:55:00 AM","County Route","BOURNEFIELD WAY","BROADBIRCH DR",,,"Cyclist (Electric)","Single Vehicle","Clear","Dry","Daylight","Stop Sign","Not Suspect of Alcohol Use, Not Suspect of Drug Use","Not Suspect of Alcohol Use, Not Suspect of Drug Use","54292CF5-EF13-41CA-B688-53DE6C4D19BC","Cyclist (Electric)","Cross/Enter at Intersection","Unknown","Intersection Marked Crosswalk","No","No Apparent Injury","None","39.05556281","-76.96164673","    (39.05556281, -76.96164673)"
"MCP3231001D","240040443","MONTGOMERY","Injury Crash","08/26/2024 05:00:00 PM","County Route","CORDELL AVE","WISCONSIN AVE (SB/L)",,,"Pedestrian","Single Vehicle","Clear","Dry","Daylight","Traffic Control Signal","Unknown, Unknown","Not Suspect of Alcohol Use, Not Suspect of Drug Use","6FE00530-615F-412B-B8D2-F1E7449EA3B1","Pedestrian","Cross/Enter at Intersection","Dart/Dash","Intersection Marked Crosswalk","No","Suspected Minor Injury","None","38.99083185","-77.09561066","    (38.99083185, -77.09561066)"