"Report Number","Local Case Number","Agency Name","ACRS Report Type","Crash Date/Time","Route Type","Road Name","Cross-Street Name","Off-Road Description","Municipality","Related Non-Motorist","Collision Type","Weather","Surface Condition","Light","Traffic Control","Driver Substance Abuse","Non-Motorist Substance Abuse","Person ID","Pedestrian Type","Pedestrian Movement","Pedestrian Actions","Pedestrian Location","At Fault","Injury Severity","Safety Equipment","Latitude","Longitude","Location"
"MCP3255005V","240031418","MONTGOMERY","Injury Crash","07/03/2024 04:50:00 AM","County Route","NEW HAMPSHIRE AVE SER RD",,,,"Pedestrian","Single Vehicle","Clear",,"Dawn","No Controls","Unknown, Unknown","Not Suspect of Alcohol Use, Not Suspect of Drug Use","6651DC0D-4A59-4419-BFAB-E6899B5A06D7","Pedestrian","Other Working","None (No Improper Action)","Intersection Marked Crosswalk","No","Suspected Minor Injury","None","39.01542333","-76.97791332","    (39.01542333, -76.97791332)"
"MCP24500053","240031266","MONTGOMERY","Injury Crash","07/02/2024 04:35:00 PM",,,,"Parking Lot Way        PARKING LOT OF 527 QUINCE ORCHARD RD.",,"Pedestrian","Single Vehicle","Clear",,"Daylight",,"Not Suspect of Alcohol Use, Not Suspect of Drug Use","Not Suspect of Alcohol Use, Not Suspect of Drug Use","2495BC81-C3F7-425B-9C30-E493B10671EB","Pedestrian","Other","Other","Other","Yes","Suspected Minor Injury","None","39.14455605","-77.21957523","    (39.14455605, -77.21957523)"
"MCP3377001N","240031248","MONTGOMERY","Injury Crash","07/02/2024 03:29:00 PM",,,,"Parking Lot Way        MEGAMART PARKING LOT 
11790 PARKLAWN DR ROCKVILLE, MD 20852",,"Pedestrian","Single Vehicle","Clear",,"Daylight",,"Not Suspect of Alcohol Use, Not Suspect of Drug Use","Not Suspect of Alcohol Use, Not Suspect of Drug Use","A47A2C3C-9FAE-46D0-A09A-88C92C900130","Pedestrian","Other","None (No Improper Action)","Driveway Access","No","Suspected Minor Injury","None","39.04848233","-77.102242","    (39.04848233, -77.102242)"
"MCP289200GD","240031111","MONTGOMERY","Injury Crash","07/01/2024 07:02:00 PM","County Route",,,,,"Pedestrian","Single Vehicle","Clear","Dry","Daylight","No Controls","Unknown, Unknown","Not Suspect of Alcohol Use, Not Suspect of Drug Use","3240E49F-E1EF-4E79-9380-5905C3E32FD9","Pedestrian","Walking/Cycling Along Roadway Against Traffic (In or Adjacent to Travel Lane)","None (No Improper Action)","OnStreet Bike Lanes","No","Possible Injury","None","39.01581641","-77.03994642","    (39.01581641, -77.03994642)"
"DD5538004G","240031080","ROCKVILLE","Injury Crash","07/01/2024 04:35:00 PM","Maryland (State) Route","HUNGERFORD DR",,,,"Wheelchair (electric)","Single Vehicle","Clear","Dry","Daylight","No Controls","Not Suspect of Alcohol Use, Not Suspect of Drug Use","Not Suspect of Alcohol Use, Not Suspect of Drug Use","FDCE8986-3841-4B07-B2E0-3BD2DCCE188F","Wheelchair (electric)","Walking/Cycling on Sidewalk","None (No Improper Action)","Driveway Access","No","Possible Injury","None","39.09476779","-77.15319541","    (39.09476779, -77.15319541)"
"MCP33910011","240031033","MONTGOMERY","Injury Crash","07/01/2024 12:40:00 PM",,,,"Parking Lot Way        SIDEWALK",,"Other Pedestrian (person in a building, skater, personal conveyance, etc.)","Single Vehicle","Clear",,"Daylight",,"Not Suspect of Alcohol Use, Not Suspect of Drug Use","Not Suspect of Alcohol Use, Not Suspect of Drug Use","4737B2FF-5EF0-46DC-A847-D750AA15AE22","Other Pedestrian (person in a building, skater, personal conveyance, etc.)","Standing","None (No Improper Action)","Other","No","Suspected Minor Injury","None","39.04179573","-77.04923866","    (39.04179573, -77.04923866)"
"MCP3264004B","240030898","MONTGOMERY","Property Damage Crash","06/30/2024 01:29:00 PM","US (State)","GEORGIA AVE (SB/L)",,,,"Cyclist (non-electric)","Single Vehicle","Clear","Dry","Daylight","No Controls","Not Suspect of Alcohol Use, Not Suspect of Drug Use","Not Suspect of Alcohol Use, Not Suspect of Drug Use","4EAF2783-C9CC-4C17-B069-C7A2618847EE","Cyclist (non-electric)","Walking/Cycling on Sidewalk","None (No Improper Action)","Driveway Access","No","No Apparent Injury","Helmet","38.99129379","-77.0267533","    (38.99129379, -77.0267533)"
"MCP31960043","240030493","MONTGOMERY","Injury Crash","06/30/2024 01:00:00 AM","County Route","MIDDLEBROOK RD (WB/L)",,,,"Pedestrian","Single Vehicle","Unknown",,"Unknown","No Controls","Unknown, Unknown","Suspect of Alcohol Use, Not Suspect of Drug Use","F81817F9-D0B4-4D22-9E69-35C36274981F","Pedestrian","Walking/Cycling Along Roadway Against Traffic (In or Adjacent to Travel Lane)","Unknown","Other","No","Suspected Minor Injury","None","39.17576684","-77.246446","    (39.17576684, -77.246446)"
"MCP3078005L","240030725","MONTGOMERY","Injury Crash","06/29/2024 11:22:00 AM",,,,"Parking Aisle        13701 GEORGIA AVENUE SILVER SPRING MD",,"Pedestrian","Single Vehicle","Clear",,"Daylight",,"Unknown, Unknown","Not Suspect of Alcohol Use, Not Suspect of Drug Use","1818E51F-CC7E-4717-AF85-AA1794768377","Pedestrian","Cross/Enter Not at Intersection","None (No Improper Action)","Travel Lane Other Location","No","Suspected Minor Injury","None","39.08025277","-77.07335497","    (39.08025277, -77.07335497)"
"MCP3404001B","240030530","MONTGOMERY","Injury Crash","06/28/2024 09:02:00 AM","County Route","LOCKWOOD DR","OAK LEAF DR",,,"Pedestrian","Rear To Side","Clear","Dry","Daylight","No Controls","Not Suspect of Alcohol Use, Not Suspect of Drug Use, Not Suspect of Alcohol Use, Not Suspect of Drug Use","Not Suspect of Alcohol Use, Not Suspect of Drug Use","4686FF24-06CD-4E83-9818-46F6BABCF4BC","Pedestrian","Standing","None (No Improper Action)","Shoulder/Roadside","No","Suspected Minor Injury","None","39.0379242","-76.99440642","    (39.0379242, -76.99440642)"
"MCP3404001B","240030530","MONTGOMERY","Injury Crash","06/28/2024 09:02:00 AM","County Route","LOCKWOOD DR","OAK LEAF DR",,,"Pedestrian","Rear To Side","Clear","Dry","Daylight","Stop Sign","Not Suspect of Alcohol Use, Not Suspect of Drug Use, Not Suspect of Alcohol Use, Not Suspect of Drug Use","Not Suspect of Alcohol Use, Not Suspect of Drug Use","4686FF24-06CD-4E83-9818-46F6BABCF4BC","Pedestrian","Standing","None (No Improper Action)","Shoulder/Roadside","No","Suspected Minor Injury","None","39.0379242","-76.99440642","    (39.0379242, -76.99440642)"
"MCP33800015","240030460","MONTGOMERY","Injury Crash","06/27/2024 07:47:00 PM","County Route","ELKIN ST",,,,"Cyclist (non-electric)","Single Vehicle","Clear","Dry","Daylight","No Controls","Not Suspect of Alcohol Use, Not Suspect of Drug Use","Not Suspect of Alcohol Use, Not Suspect of Drug Use","294665C8-057E-4604-842A-7D13F7D65203","Cyclist (non-electric)","Cross/Enter at Intersection","Failure to Yield Right-Of-Way","Intersection Unmarked Crosswalk","Yes","Suspected Minor Injury","None","39.04447922","-77.0490021","    (39.04447922, -77.0490021)"
"MCP2298015X","240030409","MONTGOMERY","Injury Crash","06/27/2024 02:45:00 PM",,,,"Parking Lot Way        20910 FREDERICK ROAD  PARKING LOT OF WALMART",,"Pedestrian","Single Vehicle","Clear",,"Daylight",,"Not Suspect of Alcohol Use, Not Suspect of Drug Use","Not Suspect of Alcohol Use, Not Suspect of Drug Use","91D4E293-03EB-466C-B8BE-D578D85B872D","Pedestrian","Other","None (No Improper Action)","Other","No","Suspected Serious Injury","None","39.19829218","-77.25145092","    (39.19829218, -77.25145092)"
"MCP31230079","240030394","MONTGOMERY","Injury Crash","06/27/2024 01:42:00 PM","County Route","WALTON RD",,,,"Pedestrian","Single Vehicle","Clear","Dry","Daylight","No Controls","Not Suspect of Alcohol Use, Not Suspect of Drug Use","Not Suspect of Alcohol Use, Not Suspect of Drug Use","2D90E0AB-E9AB-426E-A4A5-DBFEDC786C79","Pedestrian","Standing","Unknown","Travel Lane Other Location","No","Suspected Minor Injury","None","39.00986683","-77.11743058","    (39.00986683, -77.11743058)"
"MCP3261001B","240030308","MONTGOMERY","Injury Crash","06/26/2024 09:58:00 PM","County Route","WASHINGTON GROVE LA",,,,"Pedestrian","Single Vehicle","Rain","Wet","Dark - Not Lighted","No Controls","Not Suspect of Alcohol Use, Not Suspect of Drug Use","Suspect of Alcohol Use, Not Suspect of Drug Use","26C76565-808A-4ED7-9533-F99238D1CE96","Pedestrian","Cross/Enter Not at Intersection","Dart/Dash, Inattentive (Talking, Eating, etc.), Not Visible (Dark Clothing, No Lighting, etc.)","Travel Lane Other Location","Yes","Suspected Serious Injury","None","39.1522949","-77.16479472","    (39.1522949, -77.16479472)"
"MCP3094004J","240030113","MONTGOMERY","Injury Crash","06/25/2024 06:37:00 PM","County Route","STRAWBERRY KNOLL RD",,,,"Cyclist (Electric)","Single Vehicle","Clear","Dry","Daylight","No Controls","Unknown, Unknown","Not Suspect of Alcohol Use, Not Suspect of Drug Use","146CFE85-F50C-49DC-B729-34B3665A3A04","Cyclist (Electric)","Walking/Cycling Along Roadway With Traffic (In or Adjacent to Travel Lane)","None (No Improper Action)","Shoulder/Roadside","No","Suspected Minor Injury","Helmet","39.16819578","-77.17985375","    (39.16819578, -77.17985375)"
"MCP22310080","240030045","MONTGOMERY","Injury Crash","06/25/2024 12:46:00 PM","Local Route","NO NAME",,,,"Pedestrian","Single Vehicle","Cloudy","Dry","Daylight","No Controls","Not Suspect of Alcohol Use, Not Suspect of Drug Use","Not Suspect of Alcohol Use, Not Suspect of Drug Use","71052BB0-9FE8-45EB-9319-76703E0C2773","Pedestrian","Walking/Cycling Along Roadway Against Traffic (In or Adjacent to Travel Lane)","In Roadway Improperly (Standing, Lying, Working, Playing)","Travel Lane Other Location","Yes","Suspected Minor Injury","None","39.122285","-77.23392333","    (39.122285, -77.23392333)"
"MCP320000CH","240030019","MONTGOMERY","Injury Crash","06/25/2024 09:46:00 AM","Maryland (State) Route",,,,,"Pedestrian","Single Vehicle","Clear","Dry","Daylight","No Controls","Not Suspect of Alcohol Use, Not Suspect of Drug Use","Not Suspect of Alcohol Use, Not Suspect of Drug Use","82E2CBA9-DDF9-4897-AD4E-31F24D8CAE4A","Pedestrian","Cross/Enter Not at Intersection","Dart/Dash","Travel Lane Other Location","Yes","Suspected Minor Injury","None","38.96121317","-77.09816067","    (38.96121317, -77.09816067)"
"MCP2800006C","240029977","MONTGOMERY","Injury Crash","06/24/2024 09:55:00 PM","County Route","NICHOLSON LA",,,,"Pedestrian","Single Vehicle","Clear","Dry","Dark - Lighted","No Controls","Not Suspect of Alcohol Use, Not Suspect of Drug Use","Not Suspect of Alcohol Use, Not Suspect of Drug Use","CB9821A9-0A60-4B81-AEEF-FF3ECABFDFD7","Pedestrian","Cross/Enter Not at Intersection","In Roadway Improperly (Standing, Lying, Working, Playing), Not Visible (Dark Clothing, No Lighting, etc.), Other","Travel Lane Other Location","Yes","Suspected Minor Injury","None","39.04744423","-77.10214177","    (39.04744423, -77.10214177)"
"MCP28640050","240029942","MONTGOMERY","Injury Crash","06/24/2024 05:41:00 PM",,,,"Parking Stall        PARKING LOT OF 6831 WISCONSIN AVENUE",,"Pedestrian","Single Vehicle","Clear",,"Daylight",,"Not Suspect of Alcohol Use, Not Suspect of Drug Use","Not Suspect of Alcohol Use, Not Suspect of Drug Use","146A36C0-9DE2-44FE-BD39-B0C86EC4C366","Pedestrian","Other","None (No Improper Action)","Other","No","Possible Injury","None","38.97832867","-77.08997755","    (38.97832867, -77.08997755)"
"MCP9406003C","240029888","MONTGOMERY","Injury Crash","06/24/2024 02:10:00 PM",,,,"Driveway        OCCURRED AT 11200 BLOCK OF GRANDVIEW AVE, FROM EXIT FROM THE GARAGE OF 2425 REEDIE DRIVE",,"Cyclist (non-electric)","Single Vehicle","Clear",,"Daylight",,"Not Suspect of Alcohol Use, Not Suspect of Drug Use","Not Suspect of Alcohol Use, Not Suspect of Drug Use","36B5CDD5-01A8-4F96-B238-7E4FC90598ED","Cyclist (non-electric)","Walking/Cycling on Sidewalk","None (No Improper Action)","Driveway Access","No","Possible Injury","Unknown","39.03926731","-77.05235801","    (39.03926731, -77.05235801)"
"MCP29400079","240029707","MONTGOMERY","Injury Crash","06/23/2024 11:00:00 AM","Maryland (State) Route","RIVER RD",,,,"Cyclist (non-electric)","Single Vehicle","Cloudy","Dry","Daylight","No Controls","Not Suspect of Alcohol Use, Not Suspect of Drug Use","Not Suspect of Alcohol Use, Not Suspect of Drug Use","D96404B2-71A3-4777-8CA3-0E984011389C","Cyclist (non-electric)","Walking/Cycling Along Roadway With Traffic (In or Adjacent to Travel Lane)","Inattentive (Talking, Eating, etc.)","Travel Lane Other Location","Yes","Suspected Minor Injury","Helmet","39.02959499","-77.22828614","    (39.02959499, -77.22828614)"
"MCP32940029","240029645","MONTGOMERY","Injury Crash","06/22/2024 07:34:00 PM","County Route",,"SNOUFFERS SCHOOL RD WIGHTMAN RD",,,"Cyclist (non-electric)","Single Vehicle","Clear","Dry","Daylight","Traffic Control Signal","Not Suspect of Alcohol Use, Not Suspect of Drug Use","Not Suspect of Alcohol Use, Not Suspect of Drug Use","38E55ADC-3B1D-4C89-B720-4EDA037B3B10","Cyclist (non-electric)","Cross/Enter at Intersection","Other","Intersection Other","Yes","Suspected Minor Injury","None","39.18783438","-77.18696789","    (39.18783438, -77.18696789)"
"MCP3245005W","240029630","MONTGOMERY","Injury Crash","06/22/2024 05:41:00 PM",,,,"Parking Lot Way        IN FRONT OF DOLLAR TREE",,"Pedestrian","Single Vehicle","Clear",,"Daylight",,"Not Suspect of Alcohol Use, Not Suspect of Drug Use","Not Suspect of Alcohol Use, Not Suspect of Drug Use","9318597D-E123-4B7E-BCED-020958F7B7F6","Pedestrian","Cross/Enter Not at Intersection","Dart/Dash","Travel Lane Other Location","Yes","Suspected Minor Injury","None","39.17157726","-77.20507312","    (39.17157726, -77.20507312)"
"DD56570021","240029615","ROCKVILLE","Injury Crash","06/22/2024 04:34:00 PM","Maryland (State) Route","FREDERICK RD",,,,"Pedestrian","Single Vehicle","Clear","Dry","Daylight","Traffic Control Signal","Not Suspect of Alcohol Use, Not Suspect of Drug Use","Not Suspect of Alcohol Use, Not Suspect of Drug Use","F461BF72-700C-4AFA-936D-3236FE43CDA9","Pedestrian","Cross/Enter at Intersection","None (No Improper Action)","Intersection Marked Crosswalk","No","Suspected Minor Injury","None","39.11742428","-77.16901823","    (39.11742428, -77.16901823)"
"MCP3280005J","240029440","MONTGOMERY","Injury Crash","06/21/2024 12:05:00 PM","Maryland (State) Route","NEW HAMPSHIRE AVE (SB/L)","LOCKWOOD DR (SB/L)",,,"Scooter (electric)","Single Vehicle","Clear","Dry","Daylight","Traffic Control Signal","Not Suspect of Alcohol Use, Not Suspect of Drug Use","Not Suspect of Alcohol Use, Not Suspect of Drug Use","77C55758-BBF4-4AF4-8D7F-5DB222221E03","Scooter (electric)","Cross/Enter at Intersection","Failure to Obey Traffic Signs, Signals, or Officer","Intersection Marked Crosswalk","No","Suspected Minor Injury","None","39.03979415","-76.99075001","    (39.03979415, -76.99075001)"
"MCP320000CF","240029430","MONTGOMERY","Injury Crash","06/21/2024 10:00:00 AM","County Route","E JEFFERSON ST","MONTROSE PKWY (WB/L)",,,"Pedestrian","Single Vehicle","Clear","Dry","Daylight","Person (including flagger, law enforcement, crossing guard, etc.","Not Suspect of Alcohol Use, Not Suspect of Drug Use","Not Suspect of Alcohol Use, Not Suspect of Drug Use","11AE6B93-8B88-4304-ADD7-6347FAA35746","Pedestrian","Other Working","None (No Improper Action)","Intersection Other","No","Suspected Minor Injury","Reflective Wear (backpack, triangles, etc.)","39.05090634","-77.12610338","    (39.05090634, -77.12610338)"
"MCP3094004G","240029336","MONTGOMERY","Injury Crash","06/20/2024 05:15:00 PM",,,,"Parking Aisle        PARKING LOT OF 880 RUSSEL  AVE, GAITHERSBURG, MD 20879",,"Pedestrian","Single Vehicle","Clear",,"Daylight",,"Not Suspect of Alcohol Use, Not Suspect of Drug Use","Not Suspect of Alcohol Use, Not Suspect of Drug Use","0CFE4111-29C2-45F4-AE63-25456601BDF2","Pedestrian","Walking/Cycling Along Roadway Against Traffic (In or Adjacent to Travel Lane)","None (No Improper Action)","Other","No","Suspected Minor Injury","None","39.15644589","-77.21386805","    (39.15644589, -77.21386805)"
"MCP3094004G","240029336","MONTGOMERY","Injury Crash","06/20/2024 05:15:00 PM",,,,"Parking Aisle        PARKING LOT OF 880 RUSSEL  AVE, GAITHERSBURG, MD 20879",,"Pedestrian","Single Vehicle","Clear",,"Daylight",,"Not Suspect of Alcohol Use, Not Suspect of Drug Use","Not Suspect of Alcohol Use, Not Suspect of Drug Use","55154D60-9021-4801-8AC3-513F55331845","Pedestrian","Walking/Cycling Along Roadway Against Traffic (In or Adjacent to Travel Lane)","None (No Improper Action)","Other","No","No Apparent Injury","None","39.15644589","-77.21386805","    (39.15644589, -77.21386805)"
"EJ7873009F","240029325","GAITHERSBURG","Injury Crash","06/20/2024 05:11:00 PM","Maryland (State) Route","QUINCE ORCHARD RD (SB/L)","FIRSTFIELD RD (EB/L)",,,"Pedestrian","Single Vehicle","Clear","Dry","Daylight","Traffic Control Signal","Not Suspect of Alcohol Use, Not Suspect of Drug Use","Not Suspect of Alcohol Use, Not Suspect of Drug Use","9F4A0D6D-EC93-4027-8287-9243DCCAD5C4","Pedestrian","Cross/Enter at Intersection","Failure to Yield Right-Of-Way","Intersection Marked Crosswalk","No","Suspected Minor Injury","None","39.14510035","-77.21997238","    (39.14510035, -77.21997238)"
"MCP2752006F","240029321","MONTGOMERY","Injury Crash","06/20/2024 04:41:00 PM","Private Route",,"MOTOR CITY DR WESTLAKE TERR WESTLAKE TERR (WB/L)",,,"Pedestrian","Single Vehicle","Clear","Dry","Daylight","Traffic Control Signal","Not Suspect of Alcohol Use, Not Suspect of Drug Use","Not Suspect of Alcohol Use, Not Suspect of Drug Use","0707EC6A-6FDE-465D-9623-6E1A7F1A563F","Pedestrian","Cross/Enter at Intersection","Unknown","Intersection Marked Crosswalk","No","Suspected Minor Injury","None","39.02641051","-77.14402384","    (39.02641051, -77.14402384)"
"MCP320000CC","240029248","MONTGOMERY","Injury Crash","06/20/2024 09:59:00 AM","Maryland (State) Route","WILSON LA (WB/L)",,,,"Cyclist (non-electric)","Single Vehicle","Clear","Dry","Daylight","Traffic Control Signal","Not Suspect of Alcohol Use, Not Suspect of Drug Use","Not Suspect of Alcohol Use, Not Suspect of Drug Use","3B30BF08-0517-4EC7-AF0D-D2427BAC9AEA","Cyclist (non-electric)","Standing","None (No Improper Action)","Travel Lane Other Location","No","Possible Injury","Helmet","38.98399202","-77.13715592","    (38.98399202, -77.13715592)"
"MCP3400001K","240029193","MONTGOMERY","Injury Crash","06/19/2024 06:58:00 PM",,,,"Driveway        AT THE DRIVEWAY THAT LEADS FROM THE BP GAS STATION TO UNIVERSITY BLVD WEST.",,"Scooter (electric)","Single Vehicle","Clear",,"Daylight",,"Unknown, Unknown","Not Suspect of Alcohol Use, Not Suspect of Drug Use","69455651-8BAC-4EEA-8F5E-F4BDBAC19FA9","Scooter (electric)","Walking/Cycling on Sidewalk","None (No Improper Action)","Sidewalk","No","Suspected Minor Injury","None","39.02066497","-77.01440095","    (39.02066497, -77.01440095)"
"MCP2968005L","240029076","MONTGOMERY","Injury Crash","06/19/2024 07:45:00 AM","County Route","MOLECULAR DR (SB/L)","NOLAN DR TRAVILAH RD",,,"Pedestrian","Single Vehicle","Clear","Dry","Daylight","Pedestrian Crossing Sign","Not Suspect of Alcohol Use, Not Suspect of Drug Use","Not Suspect of Alcohol Use, Not Suspect of Drug Use","03858A30-2AF7-4F34-B657-F8B9D35E0970","Pedestrian","Cross/Enter at Intersection","None (No Improper Action)","Intersection Marked Crosswalk","No","Possible Injury","None","39.09265667","-77.21064667","    (39.09265667, -77.21064667)"
"MCP2968005L","240029076","MONTGOMERY","Injury Crash","06/19/2024 07:45:00 AM","County Route","MOLECULAR DR (SB/L)","NOLAN DR TRAVILAH RD",,,"Pedestrian","Single Vehicle","Clear","Dry","Daylight","Pedestrian Crossing Sign","Not Suspect of Alcohol Use, Not Suspect of Drug Use","Not Suspect of Alcohol Use, Not Suspect of Drug Use","46688B79-4F96-4E4F-8EAB-AC94B1F1A888","Pedestrian","Cross/Enter at Intersection","None (No Improper Action)","Intersection Marked Crosswalk","No","Possible Injury","None","39.09265667","-77.21064667","    (39.09265667, -77.21064667)"
"MCP3199006D","240028629","MONTGOMERY","Injury Crash","06/16/2024 10:58:00 AM",,,,"Driveway        13623 GEORGIA AVE",,"Scooter (electric)","Single Vehicle","Clear",,"Daylight",,"Not Suspect of Alcohol Use, Not Suspect of Drug Use","Not Suspect of Alcohol Use, Not Suspect of Drug Use","CD6DFDAA-CB40-43A5-9D30-2B927AA018CB","Scooter (electric)","Walking/Cycling on Sidewalk","None (No Improper Action)","Driveway Access","No","Possible Injury","None","39.07920182","-77.07283351","    (39.07920182, -77.07283351)"
"MCP25820054","240028594","MONTGOMERY","Injury Crash","06/16/2024 01:39:00 AM",,,,"Driveway        DRIVEWAY / SIDEWALK IN FRONT OF 12313 GEORGIA AVE (MCDONALDS DRIVE-THRU)",,"Cyclist (non-electric)","Single Vehicle","Clear",,"Dark - Lighted",,"Unknown, Unknown","Not Suspect of Alcohol Use, Not Suspect of Drug Use","02776FED-0BA3-416F-87F0-4556A8237411","Cyclist (non-electric)","Walking/Cycling on Sidewalk","None (No Improper Action)","Driveway Access","No","Suspected Minor Injury","None","39.05907262","-77.05004018","    (39.05907262, -77.05004018)"
"MCP3231001C","240028574","MONTGOMERY","Injury Crash","06/15/2024 10:45:00 PM","County Route","ELM ST","ARLINGTON RD",,,"Pedestrian","Single Vehicle","Clear","Dry","Dark - Lighted","Traffic Control Signal","Not Suspect of Alcohol Use, Not Suspect of Drug Use, Not Suspect of Alcohol Use, Not Suspect of Drug Use, Unknown, Unknown","Not Suspect of Alcohol Use, Not Suspect of Drug Use","23035987-73EC-4478-B2D5-00A48AC29C85","Pedestrian","Other","Entering/Exiting Parked/Standing Vehicle","Shoulder/Roadside","No","Suspected Minor Injury","None","38.98208602","-77.09833455","    (38.98208602, -77.09833455)"
"MCP3231001C","240028574","MONTGOMERY","Injury Crash","06/15/2024 10:45:00 PM","County Route","ELM ST","ARLINGTON RD",,,"Pedestrian","Single Vehicle","Clear","Dry","Dark - Lighted","No Controls","Not Suspect of Alcohol Use, Not Suspect of Drug Use, Not Suspect of Alcohol Use, Not Suspect of Drug Use, Unknown, Unknown","Not Suspect of Alcohol Use, Not Suspect of Drug Use","23035987-73EC-4478-B2D5-00A48AC29C85","Pedestrian","Other","Entering/Exiting Parked/Standing Vehicle","Shoulder/Roadside","No","Suspected Minor Injury","None","38.98208602","-77.09833455","    (38.98208602, -77.09833455)"
"MCP2853009W","240028528","MONTGOMERY","Injury Crash","06/15/2024 05:30:00 PM","Private Route",,,,,"Cyclist (Electric)","Unknown","Clear","Dry","Daylight","No Controls","Not Suspect of Alcohol Use, Not Suspect of Drug Use","Not Suspect of Alcohol Use, Not Suspect of Drug Use","A8A19EDD-6E89-4631-9BEF-373A931AE601","Cyclist (Electric)","Other","Improper Passing","Other","Yes","Possible Injury","None","39.01480934","-76.9750047","    (39.01480934, -76.9750047)"
"MCP2693004H","240028480","MONTGOMERY","Injury Crash","06/15/2024 11:58:00 AM",,,,"Driveway        DRIVEWAY OF 12405 GEORGIA AVE.",,"Pedestrian","Single Vehicle","Clear",,"Daylight",,"Not Suspect of Alcohol Use, Not Suspect of Drug Use","Not Suspect of Alcohol Use, Not Suspect of Drug Use","C24BAE15-A45D-4606-8D1A-12C42CB748E9","Pedestrian","Walking/Cycling on Sidewalk","None (No Improper Action)","Driveway Access","No","Suspected Minor Injury","None","39.06083701","-77.05172456","    (39.06083701, -77.05172456)"
"MCP3377001F","240028400","MONTGOMERY","Injury Crash","06/14/2024 07:09:00 PM","Municipality Route","ROSEMARY ST #2",,,,"Cyclist (non-electric)","Single Vehicle","Clear","Dry","Daylight","No Controls","Not Suspect of Alcohol Use, Not Suspect of Drug Use","Not Suspect of Alcohol Use, Not Suspect of Drug Use","E0BAAE9B-BB73-424C-904E-6E9D45897776","Cyclist (non-electric)","None","Other","Other","No","Suspected Minor Injury","None","38.97782517","-77.07825833","    (38.97782517, -77.07825833)"
"MCP2991009H","240028307","MONTGOMERY","Injury Crash","06/14/2024 10:45:00 AM","County Route","GOOD HOPE RD",,,,"Cyclist (non-electric)","Single Vehicle","Clear","Dry","Daylight","No Controls","Not Suspect of Alcohol Use, Not Suspect of Drug Use","Not Suspect of Alcohol Use, Not Suspect of Drug Use","22A6AF6A-21CA-4239-B3B7-35CABCCB0BAC","Cyclist (non-electric)","Walking/Cycling Along Roadway With Traffic (In or Adjacent to Travel Lane)","None (No Improper Action)","Other","No","Suspected Minor Injury","Helmet","39.09892295","-76.98443781","    (39.09892295, -76.98443781)"