"Report Number","Local Case Number","Agency Name","ACRS Report Type","Crash Date/Time","Route Type","Road Name","Cross-Street Name","Off-Road Description","Municipality","Related Non-Motorist","Collision Type","Weather","Surface Condition","Light","Traffic Control","Driver Substance Abuse","Non-Motorist Substance Abuse","Person ID","Pedestrian Type","Pedestrian Movement","Pedestrian Actions","Pedestrian Location","At Fault","Injury Severity","Safety Equipment","Latitude","Longitude","Location"
"MCP235800CS","240028268","MONTGOMERY","Injury Crash","06/14/2024 06:44:00 AM","Government Route","CONNECTOR RD",,,,"Cyclist (non-electric)","Single Vehicle","Clear","Dry","Daylight","Traffic Control Signal","Not Suspect of Alcohol Use, Not Suspect of Drug Use","Not Suspect of Alcohol Use, Not Suspect of Drug Use","D942B889-DBDD-423E-97A5-2CDB8C923DBF","Cyclist (non-electric)","Cross/Enter at Intersection","None (No Improper Action)","Intersection Marked Crosswalk","No","Suspected Minor Injury","Helmet","38.96457655","-77.13603545","    (38.96457655, -77.13603545)"
"MCP3387001C","240028091","MONTGOMERY","Injury Crash","06/13/2024 09:10:00 AM","County Route",,,,,"Pedestrian","Single Vehicle","Clear","Dry","Daylight","No Controls","Not Suspect of Alcohol Use, Not Suspect of Drug Use","Not Suspect of Alcohol Use, Not Suspect of Drug Use","C5696441-5386-4380-8CD7-07D487F4B478","Pedestrian","Cross/Enter Not at Intersection","Dart/Dash","Shoulder/Roadside","Yes","Suspected Minor Injury","None","39.03809458","-76.99413381","    (39.03809458, -76.99413381)"
"MCP292300CC","240028081","MONTGOMERY","Injury Crash","06/13/2024 08:08:00 AM","Maryland (State) Route",,,,,"Occupant of Motor Vehicle Not in Transport","Unknown","Clear","Dry","Daylight","No Controls","Not Suspect of Alcohol Use, Not Suspect of Drug Use, Not Suspect of Alcohol Use, Not Suspect of Drug Use","Not Suspect of Alcohol Use, Not Suspect of Drug Use","38516C5A-775B-473C-B88E-D40263DCC6D2","Occupant of Motor Vehicle Not in Transport","Other Working","None (No Improper Action)","Other","No","Suspected Serious Injury","Reflectors","39.11804553","-76.97834633","    (39.11804553, -76.97834633)"
"MCP1378018K","240028019","MONTGOMERY","Injury Crash","06/12/2024 05:47:00 PM","Maryland (State) Route","COLESVILLE RD (WB/L)","EAST WEST HWY",,,"Cyclist (non-electric)","Single Vehicle","Cloudy","Dry","Daylight","Traffic Control Signal","Not Suspect of Alcohol Use, Not Suspect of Drug Use","Not Suspect of Alcohol Use, Not Suspect of Drug Use","48F906CD-F38C-4C26-B3C5-4F1364279F4C","Cyclist (non-electric)","Cross/Enter at Intersection","None (No Improper Action)","Intersection Marked Crosswalk","No","Possible Injury","Helmet","38.99368589","-77.03235792","    (38.99368589, -77.03235792)"
"MCP3080004S","240026966","MONTGOMERY","Injury Crash","06/12/2024 04:21:00 PM","Maryland (State) Route","GREAT SENECA HWY (SB/L)",,,,"Cyclist (non-electric)","Single Vehicle","Clear","Dry","Daylight","Pedestrian Crossing","Unknown, Unknown","Not Suspect of Alcohol Use, Not Suspect of Drug Use","7462710D-10E2-42BD-8D3C-52C48F33C231","Cyclist (non-electric)","Cross/Enter at Intersection","None (No Improper Action)","Intersection Marked Crosswalk","No","Suspected Minor Injury","None","39.15708253","-77.27609527","    (39.15708253, -77.27609527)"
"MCP23720066","240027904","MONTGOMERY","Injury Crash","06/12/2024 08:07:00 AM","County Route",,"GREENTREE RD",,,"Pedestrian","Single Vehicle","Clear","Dry","Daylight","No Controls","Not Suspect of Alcohol Use, Not Suspect of Drug Use","Not Suspect of Alcohol Use, Not Suspect of Drug Use","4CD1DDAF-86A5-4667-BDAC-96369ADC5608","Pedestrian","Cross/Enter at Intersection","None (No Improper Action)","Intersection Marked Crosswalk","No","Suspected Serious Injury","None","39.00126456","-77.12319671","    (39.00126456, -77.12319671)"
"MCP3230005K","240027847","MONTGOMERY","Injury Crash","06/11/2024 06:30:00 PM","County Route","WELLER RD",,,,"Cyclist (non-electric)","Single Vehicle","Clear","Dry","Daylight","No Controls","Not Suspect of Alcohol Use, Not Suspect of Drug Use","Not Suspect of Alcohol Use, Not Suspect of Drug Use","4A1C621E-A153-40D9-9812-16E70DD56523","Cyclist (non-electric)","Cross/Enter at Intersection","Failure to Yield Right-Of-Way","Intersection Unmarked Crosswalk","No","Suspected Minor Injury","None","39.0640855","-77.06972183","    (39.0640855, -77.06972183)"
"MCP295200FC","240027736","MONTGOMERY","Injury Crash","06/11/2024 09:52:00 AM","County Route","WAYNE AVE","DIXON AVE",,,"Scooter (electric)","Single Vehicle","Cloudy","Dry","Daylight","Traffic Control Signal","Not Suspect of Alcohol Use, Not Suspect of Drug Use","Not Suspect of Alcohol Use, Not Suspect of Drug Use","5A87AB95-5CC5-4CB0-BCDF-E9DFFB06BEEB","Scooter (electric)","Cross/Enter at Intersection","None (No Improper Action)","Intersection Marked Crosswalk","No","Suspected Minor Injury","Helmet, Reflective Wear (backpack, triangles, etc.)","38.99445555","-77.02798297","    (38.99445555, -77.02798297)"
"MCP3227005D","240027742","MONTGOMERY","Property Damage Crash","06/11/2024 09:22:00 AM","County Route","PRELUDE DR","COLUMBIA PIKE (SB/L)",,,"Pedestrian","Single Vehicle","Clear","Dry","Daylight","Traffic Control Signal","Not Suspect of Alcohol Use, Not Suspect of Drug Use","Not Suspect of Alcohol Use, Not Suspect of Drug Use","FA7C1C5D-86B3-4B45-B7A3-E8D747BCA804","Pedestrian","Cross/Enter at Intersection","None (No Improper Action)","Intersection Marked Crosswalk","No","No Apparent Injury","None","39.03945034","-76.99790002","    (39.03945034, -76.99790002)"
"DD5666001B","240027631","ROCKVILLE","Injury Crash","06/10/2024 04:13:00 PM",,,,"Parking Lot Way        PARKING LOT OF 1501 ROCKVILLE PIKE.",,"Pedestrian","Single Vehicle","Clear",,"Daylight",,"Not Suspect of Alcohol Use, Not Suspect of Drug Use","Not Suspect of Alcohol Use, Not Suspect of Drug Use","2C02C176-2DC5-4203-82B9-B3468B5194CF","Pedestrian","Other","None (No Improper Action)","NonTrafficway Area","No","Suspected Minor Injury","None","39.06484179","-77.12803409","    (39.06484179, -77.12803409)"
"MCP2967005R","240027621","MONTGOMERY","Injury Crash","06/10/2024 03:20:00 PM","Maryland (State) Route","OLD GEORGETOWN RD",,,,"Scooter (electric)","Single Vehicle","Clear","Dry","Daylight","Bicycle Crossing Sign","Not Suspect of Alcohol Use, Not Suspect of Drug Use","Not Suspect of Alcohol Use, Not Suspect of Drug Use","5705DC2D-5EB0-4313-A386-A0D44892D4C5","Scooter (electric)","Walking/Cycling Along Roadway With Traffic (In or Adjacent to Travel Lane)","None (No Improper Action)","OnStreet Buffered Bike Lanes","No","Possible Injury","None","39.02312364","-77.12386055","    (39.02312364, -77.12386055)"
"MCP2961004D","240027354","MONTGOMERY","Injury Crash","06/09/2024 12:03:00 AM","Maryland (State) Route","GEORGIA AVE (SB/L)","WELLER RD",,,"Cyclist (Electric)","Single Vehicle","Clear","Dry","Dark - Lighted","No Controls","Not Suspect of Alcohol Use, Not Suspect of Drug Use","Not Suspect of Alcohol Use, Not Suspect of Drug Use","6EFE081D-67F0-490F-84FF-BFFA91F1D5A8","Cyclist (Electric)","Cross/Enter at Intersection","None (No Improper Action)","Intersection Unmarked Crosswalk","Yes","Suspected Minor Injury","None","39.06657696","-77.05971898","    (39.06657696, -77.05971898)"
"DM8503001M","240027178","TAKOMA","Property Damage Crash","06/07/2024 06:24:00 PM","Municipality Route","GRANT AVE",,,,"Scooter (electric)","Single Vehicle","Clear","Dry","Daylight","No Controls","Not Suspect of Alcohol Use, Not Suspect of Drug Use","Not Suspect of Alcohol Use, Not Suspect of Drug Use","282B7D05-662A-4B29-877F-FA84F5E07AAF","Scooter (electric)","Walking/Cycling Along Roadway Against Traffic (In or Adjacent to Travel Lane)","Other","Other","No","No Apparent Injury","Helmet","38.97809118","-77.00623602","    (38.97809118, -77.00623602)"
"MCP2351005P","240027078","MONTGOMERY","Injury Crash","06/07/2024 10:10:00 AM","County Route","SHADY GROVE RD",,,,"Occupant Of a Non-Motor Vehicle Transportation Device","Single Vehicle","Clear","Dry","Daylight","No Controls","Not Suspect of Alcohol Use, Not Suspect of Drug Use","Not Suspect of Alcohol Use, Not Suspect of Drug Use","3ECBE1DD-346D-47F8-A07A-2742797BD468","Occupant Of a Non-Motor Vehicle Transportation Device","Other Working","None (No Improper Action)","Other","No","Suspected Minor Injury","None","39.12839914","-77.16881396","    (39.12839914, -77.16881396)"
"MCP3387001B","240027052","MONTGOMERY","Injury Crash","06/07/2024 05:37:00 AM","County Route","TAMARACK RD","E RANDOLPH RD E RANDOLPH RD (WB/L)",,,"Pedestrian","Single Vehicle","Clear","Wet","Dawn","Traffic Control Signal","Not Suspect of Alcohol Use, Not Suspect of Drug Use","Not Suspect of Alcohol Use, Not Suspect of Drug Use","729346F6-F89E-4620-B7B9-C467FF838551","Pedestrian","Cross/Enter at Intersection","None (No Improper Action)","Intersection Marked Crosswalk","No","Suspected Minor Injury","None","39.0677689","-76.98574508","    (39.0677689, -76.98574508)"
"MCP29500033","240027023","MONTGOMERY","Injury Crash","06/06/2024 09:07:00 PM",,,,"Parking Lot Way        20910 FREDERICK RD, GERMANTOWN MD 20876
PARKING LOT OF WALMART",,"Pedestrian","Single Vehicle","Clear",,"Dark - Lighted",,"Not Suspect of Alcohol Use, Not Suspect of Drug Use","Not Suspect of Alcohol Use, Not Suspect of Drug Use","66E4E26D-60DB-45D0-B3EE-ECC1906A1421","Pedestrian","Other","None (No Improper Action)","Other","No","Suspected Minor Injury","None","39.19832197","-77.25103668","    (39.19832197, -77.25103668)"
"MCP3341003R","240026896","MONTGOMERY","Injury Crash","06/06/2024 09:38:00 AM","County Route",,"RIPPLING BROOK DR",,,"Scooter (non-Electric)","Single Vehicle","Clear","Dry","Daylight","Stop Sign","Unknown, Unknown","Not Suspect of Alcohol Use, Not Suspect of Drug Use","490C4354-A677-4D03-83D2-18C5C9607572","Scooter (non-Electric)","Cross/Enter at Intersection","None (No Improper Action)","Intersection Marked Crosswalk","No","Suspected Minor Injury","None","39.09035726","-77.05366061","    (39.09035726, -77.05366061)"
"DM85140016","240026879","TAKOMA","Injury Crash","06/06/2024 05:22:00 AM",,,,"Parking Lot Way        UNIT ONE STRUCK PED WHEN EXITING PARKING LOT",,"Pedestrian","Unknown","Clear",,"Dark - Not Lighted",,"Not Suspect of Alcohol Use, Not Suspect of Drug Use","Not Suspect of Alcohol Use, Not Suspect of Drug Use","04F1FA07-C45E-47CB-852D-5CB5C2F3479D","Pedestrian","Walking/Cycling on Sidewalk","Not Visible (Dark Clothing, No Lighting, etc.)","Sidewalk","No","Suspected Minor Injury","None","38.97583083","-76.99340711","    (38.97583083, -76.99340711)"
"MCP3372002M","240026811","MONTGOMERY","Property Damage Crash","06/05/2024 04:15:00 PM",,,,"Parking Stall        3860 INTERNATIONAL DRIVE SILVER SPRING, MD 20906.",,"Pedestrian","Single Vehicle","Rain",,"Daylight",,"Not Suspect of Alcohol Use, Not Suspect of Drug Use","Not Suspect of Alcohol Use, Not Suspect of Drug Use","4427E55B-7BFD-4874-8533-FA97E6F62783","Pedestrian","Unknown","Unknown","Other","No","No Apparent Injury","None","39.10186971","-77.07568447","    (39.10186971, -77.07568447)"
"MCP9318003C","240026802","MONTGOMERY","Injury Crash","06/05/2024 03:36:00 PM","County Route","OAKVIEW DR",,,,"Pedestrian","Single Vehicle","Rain","Wet","Daylight","Traffic Control Signal","Not Suspect of Alcohol Use, Not Suspect of Drug Use","Unknown, Unknown","977BD45C-8D83-4709-9C38-ED7F2C2E5C22","Pedestrian","Cross/Enter at Intersection","None (No Improper Action)","Intersection Marked Crosswalk","No","Suspected Serious Injury","Unknown","39.01534218","-76.97805876","    (39.01534218, -76.97805876)"
"MCP26670098","240026244","MONTGOMERY","Injury Crash","06/05/2024 06:57:00 AM","County Route","FLOWER HILL WAY",,,,"Scooter (electric)","Single Vehicle","Clear","Dry","Daylight","No Controls","Not Suspect of Alcohol Use, Not Suspect of Drug Use","Not Suspect of Alcohol Use, Not Suspect of Drug Use","ABFDAF3E-777B-4D01-A5D6-1C18C3EA8513","Scooter (electric)","Other","None (No Improper Action)","Travel Lane Other Location","No","Suspected Minor Injury","None","39.16329101","-77.17414479","    (39.16329101, -77.17414479)"
"MCP3208005L","240026690","MONTGOMERY","Injury Crash","06/05/2024 05:13:00 AM","Maryland (State) Route",,,,,"Pedestrian","Single Vehicle","Clear","Dry","Dark - Lighted","Pedestrian Crossing","Unknown, Unknown","Not Suspect of Alcohol Use, Not Suspect of Drug Use","B307A39E-4470-4B94-A934-850FECA691E2","Pedestrian","Cross/Enter at Intersection","None (No Improper Action)","Intersection Marked Crosswalk","No","Suspected Minor Injury","None","38.99282056","-77.03154602","    (38.99282056, -77.03154602)"
"MCP3068005J","240026627","MONTGOMERY","Injury Crash","06/04/2024 07:30:00 PM","County Route","CHASE AVE",,,,"Pedestrian","Single Vehicle","Clear","Dry","Daylight","No Controls","Not Suspect of Alcohol Use, Not Suspect of Drug Use","Not Suspect of Alcohol Use, Not Suspect of Drug Use","177FEFC8-C71A-42CE-A87D-C9161CF8479C","Pedestrian","Cross/Enter Not at Intersection","Dart/Dash","Travel Lane Other Location","No","Suspected Minor Injury","None","38.9897745","-77.0934855","    (38.9897745, -77.0934855)"
"DD56650027","240026636","ROCKVILLE","Injury Crash","06/04/2024 06:00:00 PM",,,,"Parking Lot Way        IN LINE OF THE CARWASH",,"Pedestrian","Single Vehicle","Cloudy",,"Daylight",,"Unknown, Unknown","Not Suspect of Alcohol Use, Not Suspect of Drug Use","F8C572AE-309C-454A-828C-262501972743","Pedestrian","Other","None (No Improper Action)","Other","No","Possible Injury","Reflective Wear (backpack, triangles, etc.)","39.05757651","-77.11733708","    (39.05757651, -77.11733708)"
"MCP33550016","240026468","MONTGOMERY","Injury Crash","06/04/2024 08:48:00 AM","County Route","RIPLEY ST","GEORGIA AVE",,,"Pedestrian","Single Vehicle","Clear","Dry","Daylight","No Controls","Not Suspect of Alcohol Use, Not Suspect of Drug Use","Not Suspect of Alcohol Use, Not Suspect of Drug Use","DBB30A74-DBDC-46CB-9B84-C03DDC811A9E","Pedestrian","Cross/Enter at Intersection","None (No Improper Action)","Intersection Other","Yes","Suspected Serious Injury","None","38.99249509","-77.02663011","    (38.99249509, -77.02663011)"
"MCP3129009G","240026455","MONTGOMERY","Injury Crash","06/04/2024 06:39:00 AM","Maryland (State) Route","GEORGIA AVE","NORBECK RD",,,"Pedestrian","Single Vehicle","Clear","Dry","Daylight","Traffic Control Signal","Not Suspect of Alcohol Use, Not Suspect of Drug Use","Not Suspect of Alcohol Use, Not Suspect of Drug Use","99DD1951-7BCB-4764-A991-287A03A67FFF","Pedestrian","Unknown","Unknown","Unknown","No","Suspected Serious Injury","None","39.10939844","-77.07577749","    (39.10939844, -77.07577749)"
"MCP12270023","240026236","MONTGOMERY","Fatal Crash","06/03/2024 01:17:00 AM","Municipality Route","ANNE AVE","UNIVERSITY BLVD",,,"Pedestrian","Single Vehicle","Clear","Dry","Dark - Lighted","No Controls","Unknown, Unknown","Suspect of Alcohol Use, Unknown","BA381716-889B-48F0-97C9-73347B116913","Pedestrian","Standing","In Roadway Improperly (Standing, Lying, Working, Playing), Not Visible (Dark Clothing, No Lighting, etc.)","Travel Lane Other Location","Yes","Fatal Injury","None","38.99090245","-76.98979047","    (38.99090245, -76.98979047)"
"MCP2799007V","240026054","MONTGOMERY","Injury Crash","06/01/2024 06:27:00 PM","Maryland (State) Route","16TH ST",,,,"Pedestrian","Single Vehicle","Clear","Dry","Daylight","Traffic Control Signal","Not Suspect of Alcohol Use, Not Suspect of Drug Use","Not Suspect of Alcohol Use, Not Suspect of Drug Use","A71C05C7-0217-45C7-9CD4-BECA0203FCF7","Pedestrian","Cross/Enter at Intersection","None (No Improper Action)","Intersection Marked Crosswalk","No","Suspected Minor Injury","None","38.99466641","-77.03614579","    (38.99466641, -77.03614579)"
"MCP31970045","240025999","MONTGOMERY","Injury Crash","06/01/2024 12:25:00 PM",,,,"Parking Lot Way        14101 GEORGIA AVENUE",,"Cyclist (Electric)","Single Vehicle","Clear",,"Daylight",,"Not Suspect of Alcohol Use, Not Suspect of Drug Use","Not Suspect of Alcohol Use, Not Suspect of Drug Use","7B8AAEA5-353F-4D23-AB84-A207A487FBC5","Cyclist (Electric)","Walking/Cycling on Sidewalk","Unknown","Intersection Unmarked Crosswalk","No","Possible Injury","None","39.08537506","-77.07840224","    (39.08537506, -77.07840224)"
"MCP26860079","240025890","MONTGOMERY","Property Damage Crash","05/31/2024 05:11:00 PM","County Route","BROADWAY AVE",,,,"Cyclist (non-electric)","Single Vehicle","Clear","Dry","Daylight","Pedestrian Crossing Sign","Not Suspect of Alcohol Use, Not Suspect of Drug Use","Not Suspect of Alcohol Use, Not Suspect of Drug Use","F78244FE-BBD1-496A-BBC2-CDB75E26D378","Cyclist (non-electric)","Cross/Enter at Intersection","Dart/Dash, Failure to Yield Right-Of-Way, In Roadway Improperly (Standing, Lying, Working, Playing)","Intersection Unmarked Crosswalk","Yes","No Apparent Injury","None","39.21944333","-77.2862065","    (39.21944333, -77.2862065)"
"MCP3129009F","240025812","MONTGOMERY","Injury Crash","05/31/2024 11:57:00 AM","County Route","ASPEN HILL RD",,,,"Other Pedestrian (person in a building, skater, personal conveyance, etc.)","Single Vehicle","Clear","Dry","Daylight","No Controls","Not Suspect of Alcohol Use, Not Suspect of Drug Use","Not Suspect of Alcohol Use, Not Suspect of Drug Use","F15B7010-B1A6-4AEB-8622-E6A29175564A","Other Pedestrian (person in a building, skater, personal conveyance, etc.)","Standing","None (No Improper Action)","Other","No","Suspected Minor Injury","None","39.08023358","-77.08100069","    (39.08023358, -77.08100069)"
"MCP31270039","240025697","MONTGOMERY","Injury Crash","05/30/2024 07:21:00 PM","Maryland (State) Route","EAST WEST HWY",,,,"Pedestrian","Sideswipe, Same Direction","Clear","Dry","Daylight","No Controls","Not Suspect of Alcohol Use, Not Suspect of Drug Use, Unknown, Unknown","Not Suspect of Alcohol Use, Not Suspect of Drug Use","0EDDC619-5F95-46C4-889E-1D07EAF778AB","Pedestrian","Walking/Cycling on Sidewalk","None (No Improper Action)","Sidewalk","No","Possible Injury","None","38.98797057","-77.08202809","    (38.98797057, -77.08202809)"
"DD55670045","240025636","ROCKVILLE","Injury Crash","05/30/2024 02:14:00 PM","Municipality Route","MAPLE AVE","BALTIMORE RD",,,"Cyclist (non-electric)","Single Vehicle","Clear","Dry","Daylight","No Controls","Unknown, Unknown","Not Suspect of Alcohol Use, Not Suspect of Drug Use","754CBF79-DA36-42F6-BA8C-B515B8E84C9F","Cyclist (non-electric)","Walking/Cycling Along Roadway With Traffic (In or Adjacent to Travel Lane)","Improper Turn/Merge)","Intersection Other","Yes","Suspected Minor Injury","None","39.08397212","-77.14064733","    (39.08397212, -77.14064733)"
"MCP3068005G","240025467","MONTGOMERY","Injury Crash","05/29/2024 04:40:00 PM","Maryland (State) Route","OLD GEORGETOWN RD (SB/L)","BEECH AVE",,,"Cyclist (non-electric)","Single Vehicle","Rain","Wet","Daylight","Traffic Control Signal","Not Suspect of Alcohol Use, Not Suspect of Drug Use","Not Suspect of Alcohol Use, Not Suspect of Drug Use","AF40CF13-0715-48BE-932D-DFBDE549F157","Cyclist (non-electric)","Cross/Enter at Intersection","None (No Improper Action)","Intersection Marked Crosswalk","No","Suspected Minor Injury","Helmet","39.01002945","-77.11487758","    (39.01002945, -77.11487758)"
"MCP304800CG","240025379","MONTGOMERY","Property Damage Crash","05/29/2024 10:30:00 AM","Municipality Route","ST PAUL ST",,,,"Other Pedestrian (person in a building, skater, personal conveyance, etc.)","Single Vehicle","Clear","Dry","Daylight","No Controls","Unknown, Unknown","Not Suspect of Alcohol Use, Not Suspect of Drug Use","27565BDC-BFBE-456A-BD33-82ACCE4DC991","Other Pedestrian (person in a building, skater, personal conveyance, etc.)","Walking/Cycling Along Roadway With Traffic (In or Adjacent to Travel Lane)","None (No Improper Action)","Travel Lane Other Location","No","No Apparent Injury","Helmet","39.02934967","-77.071074","    (39.02934967, -77.071074)"
"MCP31360071","240025357","MONTGOMERY","Injury Crash","05/29/2024 08:48:00 AM","Maryland (State) Route","NEW HAMPSHIRE AVE",,,,"Pedestrian","Single Vehicle","Clear","Dry","Daylight","No Controls","Not Suspect of Alcohol Use, Not Suspect of Drug Use, Not Suspect of Alcohol Use, Not Suspect of Drug Use","Not Suspect of Alcohol Use, Unknown","4E1A8C35-0E8B-410D-9905-C748AC0F6786","Pedestrian","Other","In Roadway Improperly (Standing, Lying, Working, Playing)","Other","Yes","Possible Injury","None","39.02071117","-76.97671633","    (39.02071117, -76.97671633)"
"MCP30970039","240024980","MONTGOMERY","Injury Crash","05/26/2024 09:25:00 PM","US (State)","COLESVILLE RD",,,,"Pedestrian","Single Vehicle","Clear","Dry","Dark - Lighted","No Controls","Not Suspect of Alcohol Use, Not Suspect of Drug Use","Not Suspect of Alcohol Use, Not Suspect of Drug Use","445CB442-1657-4D84-9E2A-B5BEF23CC755","Pedestrian","Cross/Enter Not at Intersection","In Roadway Improperly (Standing, Lying, Working, Playing)","Travel Lane Other Location","Yes","Possible Injury","None","38.99774665","-77.02691171","    (38.99774665, -77.02691171)"
"MCP27980066","240024974","MONTGOMERY","Property Damage Crash","05/26/2024 08:30:00 PM","Private Route",,,,,"Other Pedestrian (person in a building, skater, personal conveyance, etc.)","Single Vehicle","Clear","Dry","Dusk","No Controls",,"Not Suspect of Alcohol Use, Not Suspect of Drug Use","938F75CF-3776-4A8E-9293-6890069167E4","Other Pedestrian (person in a building, skater, personal conveyance, etc.)","None","None (No Improper Action)","Other","No","No Apparent Injury","None","39.1652883","-77.25132735","    (39.1652883, -77.25132735)"
"MCP3356001W","240024947","MONTGOMERY","Injury Crash","05/26/2024 04:10:00 PM",,,,"Parking Aisle        PARKING LOT OF BUBBLES SALON",,"Pedestrian","Single Vehicle","Clear",,"Daylight",,"Unknown, Unknown","Not Suspect of Alcohol Use, Not Suspect of Drug Use","E03A8470-C4FF-4216-8B15-A334874FC01D","Pedestrian","Other","Unknown","Other","No","Suspected Minor Injury","None","39.19912508","-77.25506564","    (39.19912508, -77.25506564)"
"MCP2656007B","240024940","MONTGOMERY","Property Damage Crash","05/26/2024 03:40:00 PM","County Route","WISTERIA DR","FATHER HURLEY BLVD",,,"Pedestrian","Single Vehicle","Clear","Dry","Daylight","Traffic Control Signal","Not Suspect of Alcohol Use, Not Suspect of Drug Use","Unknown, Not Suspect of Drug Use","53727E77-8B68-41F6-B420-8B0E599A5194","Pedestrian","Cross/Enter at Intersection","Unknown","Intersection Marked Crosswalk","No","No Apparent Injury","None","39.18155678","-77.27635162","    (39.18155678, -77.27635162)"
"MCP2966007J","240024847","MONTGOMERY","Property Damage Crash","05/25/2024 08:01:00 PM","Bicycle Route",,"STARDRIFT DR",,,"Cyclist (Electric)","Single Vehicle","Rain","Wet","Dark - Not Lighted","Pedestrian Crossing Sign","Not Suspect of Alcohol Use, Not Suspect of Drug Use","Not Suspect of Alcohol Use, Not Suspect of Drug Use","31CDC2F4-3F04-49EF-BA3B-F35737775068","Cyclist (Electric)","Cross/Enter at Intersection","None (No Improper Action)","Intersection Marked Crosswalk","No","No Apparent Injury","Helmet, Lighting, Reflectors","39.20659944","-77.24652014","    (39.20659944, -77.24652014)"
"MCP33770019","240024798","MONTGOMERY","Injury Crash","05/25/2024 03:33:00 PM",,,,"Parking Aisle        PARKING LOT OF SUNOCO 10550 CONNECTICUT AVE KENSINGTON, MD 20895",,"Pedestrian","Single Vehicle","Clear",,"Daylight",,"Not Suspect of Alcohol Use, Not Suspect of Drug Use","Not Suspect of Alcohol Use, Not Suspect of Drug Use","C405CA71-9B26-4066-820B-6C795156F8DF","Pedestrian","Other","None (No Improper Action)","Driveway Access","No","Suspected Minor Injury","None","39.02865661","-77.07665438","    (39.02865661, -77.07665438)"