"Report Number","Local Case Number","Agency Name","ACRS Report Type","Crash Date/Time","Route Type","Road Name","Cross-Street Name","Off-Road Description","Municipality","Related Non-Motorist","Collision Type","Weather","Surface Condition","Light","Traffic Control","Driver Substance Abuse","Non-Motorist Substance Abuse","Person ID","Pedestrian Type","Pedestrian Movement","Pedestrian Actions","Pedestrian Location","At Fault","Injury Severity","Safety Equipment","Latitude","Longitude","Location"
"DD5633008M","240007186","ROCKVILLE","Property Damage Crash","02/13/2024 03:30:00 PM",,,,"Parking Lot Way        PARKING LOT 451 HUNGERFORD DRIVE.",,"Wheelchair (electric)","Single Vehicle","Clear",,"Daylight",,"Not Suspect of Alcohol Use, Not Suspect of Drug Use","Not Suspect of Alcohol Use, Not Suspect of Drug Use","BD3B5C72-D3BD-4A33-B90F-7B6A91A59B59","Wheelchair (electric)","Walking/Cycling Along Roadway With Traffic (In or Adjacent to Travel Lane)","In Roadway Improperly (Standing, Lying, Working, Playing)","NonTrafficway Area","Yes","No Apparent Injury","None","39.08983882","-77.15176414","    (39.08983882, -77.15176414)"
"EJ7894003W","240007132","GAITHERSBURG","Injury Crash","02/13/2024 10:45:00 AM","Local Route","ELLINGTON BLVD",,,,"Pedestrian","Single Vehicle","Rain","Wet","Daylight","No Controls","Not Suspect of Alcohol Use, Not Suspect of Drug Use","Not Suspect of Alcohol Use, Not Suspect of Drug Use","2BDC1453-F132-4293-B753-B99E0E440607","Pedestrian","Cross/Enter Not at Intersection","None (No Improper Action)","Other","No","Possible Injury","None","39.11489385","-77.20476717","    (39.11489385, -77.20476717)"
"MCP3111007W","240007142","MONTGOMERY","Injury Crash","02/13/2024 09:15:00 AM","County Route","PEARL ST","EAST WEST HWY (WB/L)",,,"Pedestrian","Single Vehicle","Snow","Slush","Daylight","Traffic Control Signal","Not Suspect of Alcohol Use, Not Suspect of Drug Use","Not Suspect of Alcohol Use, Not Suspect of Drug Use","7CF881FA-2FB0-4F09-8BBD-17A2A3F819C7","Pedestrian","Cross/Enter at Intersection","None (No Improper Action)","Intersection Marked Crosswalk","No","Possible Injury","None","38.98499677","-77.09115335","    (38.98499677, -77.09115335)"
"MCP3238002Y","240007101","MONTGOMERY","Injury Crash","02/13/2024 06:42:00 AM","Local Route","WMATA ENT","COLESVILLE RD",,,"Pedestrian","Single Vehicle","Rain","Wet","Daylight","Pedestrian Crossing Sign","Not Suspect of Alcohol Use, Not Suspect of Drug Use","Not Suspect of Alcohol Use, Not Suspect of Drug Use","601834F4-A4DA-4ECE-8448-44068B1FD1FD","Pedestrian","Cross/Enter at Intersection","None (No Improper Action)","Intersection Marked Crosswalk","No","Suspected Serious Injury","None","38.99420124","-77.03096797","    (38.99420124, -77.03096797)"
"MCP3329002F","240007076","MONTGOMERY","Injury Crash","02/12/2024 08:36:00 PM","County Route","MUSGROVE RD",,,,"Pedestrian","Single Vehicle","Rain","Wet","Dark - Lighted","Lane Use Control Signal","Not Suspect of Alcohol Use, Not Suspect of Drug Use","Not Suspect of Alcohol Use, Not Suspect of Drug Use","A9ACF596-232B-4A7A-9037-26AC95ADD3B6","Pedestrian","Unknown","Unknown","Intersection Marked Crosswalk","No","Suspected Minor Injury","None","39.06768364","-76.95952942","    (39.06768364, -76.95952942)"
"DM8498000X","240007070","TAKOMA","Injury Crash","02/12/2024 07:33:00 PM","Maryland (State) Route","PHILADELPHIA AVE",,,,"Pedestrian","Single Vehicle","Rain","Wet","Dark - Lighted","No Controls","Not Suspect of Alcohol Use, Not Suspect of Drug Use","Not Suspect of Alcohol Use, Not Suspect of Drug Use","2A341FE1-30D2-4FD8-9C80-9E3BB3D79C1C","Pedestrian","Cross/Enter at Intersection","None (No Improper Action)","Intersection Marked Crosswalk","No","Suspected Minor Injury","None","38.98333776","-77.01572177","    (38.98333776, -77.01572177)"
"MCP3334002D","240007066","MONTGOMERY","Injury Crash","02/12/2024 07:33:00 PM",,,,"Parking Lot Way        8541 GEORGIA AVENUE PARKING LOT.",,"Pedestrian","Single Vehicle","Rain",,"Dark - Lighted","No Controls","Not Suspect of Alcohol Use, Not Suspect of Drug Use","Not Suspect of Alcohol Use, Not Suspect of Drug Use","4DA12B6A-747C-498C-A5E5-915CFE8EB9DC","Pedestrian","Walking/Cycling on Sidewalk","None (No Improper Action)","Other","No","Possible Injury","None","38.99614787","-77.02767684","    (38.99614787, -77.02767684)"
"MCP3225004M","240006567","MONTGOMERY","Injury Crash","02/09/2024 05:30:00 PM",,,,"Parking Stall        PARKING LOT OF 2201 RANDOLPH RD UNIT A, WHEATON, MD 20902",,"Occupant of Motor Vehicle Not in Transport","Front to Front","Clear",,"Dusk",,"Unknown, Unknown","Not Suspect of Alcohol Use, Not Suspect of Drug Use","52A4D7BF-E38A-4792-ACB8-D33B9B032A3C","Occupant of Motor Vehicle Not in Transport","Standing","None (No Improper Action)","Other","No","Suspected Minor Injury","None","39.05992043","-77.04762788","    (39.05992043, -77.04762788)"
"MCP27830057","240006558","MONTGOMERY","Injury Crash","02/09/2024 04:00:00 PM",,,,"Driveway        SIDEWALK IN FRONT OF 125 RANDOLPH ROAD",,"Scooter (electric)","Single Vehicle","Clear",,"Daylight","No Controls","Not Suspect of Alcohol Use, Not Suspect of Drug Use","Not Suspect of Alcohol Use, Not Suspect of Drug Use","832979EA-909A-420C-86FA-044BEE0AE73E","Scooter (electric)","Walking/Cycling on Sidewalk","Unknown","Sidewalk","No","Suspected Minor Injury","None","39.07218788","-77.01051342","    (39.07218788, -77.01051342)"
"MCP3229001Y","240006253","MONTGOMERY","Injury Crash","02/08/2024 06:11:00 AM","County Route","FRIENDSHIP BLVD",,,,"Scooter (electric)","Single Vehicle","Clear","Dry","Dark - Lighted","No Controls","Not Suspect of Alcohol Use, Not Suspect of Drug Use","Not Suspect of Alcohol Use, Not Suspect of Drug Use","D1404CC7-C67F-4281-A0A5-913480789725","Scooter (electric)","Other","None (No Improper Action)","Shoulder/Roadside","No","Suspected Minor Injury","None","38.96065304","-77.08796601","    (38.96065304, -77.08796601)"
"MCP3111007T","240006093","MONTGOMERY","Injury Crash","02/07/2024 09:30:00 AM","County Route","WOODMONT AVE","BETHESDA AVE",,,"Pedestrian","Single Vehicle","Clear","Dry","Daylight","Traffic Control Signal","Not Suspect of Alcohol Use, Not Suspect of Drug Use","Not Suspect of Alcohol Use, Not Suspect of Drug Use","A8131224-91A5-4E97-8DDC-4A5C6D1C88EC","Pedestrian","Cross/Enter at Intersection","Failure to Obey Traffic Signs, Signals, or Officer, Inattentive (Talking, Eating, etc.)","Intersection Marked Crosswalk","Yes","Suspected Minor Injury","None","38.98099904","-77.0953276","    (38.98099904, -77.0953276)"
"MCP22980154","240006066","MONTGOMERY","Injury Crash","02/07/2024 06:50:00 AM","County Route","ARLINGTON RD","BRADLEY BLVD",,,"Pedestrian","Single Vehicle","Clear","Dry","Daylight","Traffic Control Signal","Not Suspect of Alcohol Use, Not Suspect of Drug Use","Not Suspect of Alcohol Use, Not Suspect of Drug Use","1C31241A-BAB5-4FBE-8B91-7FDB97358021","Pedestrian","Cross/Enter at Intersection","Failure to Yield Right-Of-Way, Other","Intersection Unmarked Crosswalk","Yes","Suspected Serious Injury","None","38.97798609","-77.09864215","    (38.97798609, -77.09864215)"
"DD5668000S","240006008","ROCKVILLE","Injury Crash","02/06/2024 06:10:00 PM","Municipality Route",,,,,"Pedestrian","Front to Rear","Clear","Dry","Dark - Lighted","No Controls","Not Suspect of Alcohol Use, Not Suspect of Drug Use, Not Suspect of Alcohol Use, Not Suspect of Drug Use","Not Suspect of Alcohol Use, Not Suspect of Drug Use","B6F6C801-CDD9-47A4-8FA2-B32DE85A4097","Pedestrian","Standing","None (No Improper Action)","Sidewalk","No","Suspected Minor Injury","None","39.07846387","-77.11221092","    (39.07846387, -77.11221092)"
"MCP31610068","240005545","MONTGOMERY","Injury Crash","02/03/2024 08:38:00 PM","Maryland (State) Route","CONNECTICUT AVE",,,,"Pedestrian","Single Vehicle","Clear","Dry","Dark - Lighted","No Controls","Not Suspect of Alcohol Use, Not Suspect of Drug Use","Not Suspect of Alcohol Use, Not Suspect of Drug Use","9DAF3DE1-B4C7-4BFB-9717-3289D75E7DDD","Pedestrian","Standing","In Roadway Improperly (Standing, Lying, Working, Playing)","Travel Lane Other Location","No","Suspected Minor Injury","None","39.02926367","-77.075944","    (39.02926367, -77.075944)"
"MCP1519004P","240005474","MONTGOMERY","Injury Crash","02/03/2024 10:31:00 AM","Maryland (State) Route","GREAT SENECA HWY",,,,"Pedestrian","Single Vehicle","Clear","Dry","Daylight","Pedestrian Crossing Sign","Not Suspect of Alcohol Use, Not Suspect of Drug Use","Not Suspect of Alcohol Use, Not Suspect of Drug Use","4061AF81-2C71-499C-82E6-B96F6D026E68","Pedestrian","Cross/Enter at Intersection","Unknown","Intersection Marked Crosswalk","No","Suspected Serious Injury","None","39.14623737","-77.27467884","    (39.14623737, -77.27467884)"
"MCP3381000L","240005434","MONTGOMERY","Injury Crash","02/02/2024 11:41:00 PM","Municipality Route","W EDMONSTON DR","EDMONSTON DR EDMONSTON DR (SB/L)",,,"Cyclist (non-electric)","Single Vehicle","Clear","Dry","Dark - Lighted","Traffic Control Signal","Not Suspect of Alcohol Use, Not Suspect of Drug Use","Not Suspect of Alcohol Use, Not Suspect of Drug Use","3D15DE0F-D62D-4914-998D-71E4F782CC6C","Cyclist (non-electric)","Cross/Enter at Intersection","None (No Improper Action)","Intersection Marked Crosswalk","No","Suspected Minor Injury","None","39.07451754","-77.13566528","    (39.07451754, -77.13566528)"
"MCP3396000H","240005414","MONTGOMERY","Injury Crash","02/02/2024 08:32:00 PM","Maryland (State) Route","OLNEY SANDY SPRING RD (WB/L)",,,,"Pedestrian","Single Vehicle","Clear","Dry","Dark - Lighted","No Controls","Not Suspect of Alcohol Use, Not Suspect of Drug Use","Not Suspect of Alcohol Use, Unknown","57E4111C-834E-4B45-BDC1-346210B2F197","Pedestrian","Cross/Enter Not at Intersection","None (No Improper Action)","Travel Lane Other Location","Yes","Suspected Serious Injury","None","39.15296583","-77.0662905","    (39.15296583, -77.0662905)"
"MCP3145004Q","240005352","MONTGOMERY","Injury Crash","02/02/2024 02:45:00 PM","Maryland (State) Route","NEW HAMPSHIRE AVE (SB/L)",,,,"Pedestrian","Single Vehicle","Clear","Dry","Daylight","Traffic Control Signal","Not Suspect of Alcohol Use, Not Suspect of Drug Use","Suspect of Alcohol Use, Suspect of Drug Use","01777F13-C9D5-410D-AC88-C4049743D8D7","Pedestrian","Walking/Cycling on Sidewalk","In Roadway Improperly (Standing, Lying, Working, Playing)","Sidewalk","No","Suspected Minor Injury","None","39.0206038","-76.97690901","    (39.0206038, -76.97690901)"
"MCP20450009","240005184","MONTGOMERY","Injury Crash","02/01/2024 11:50:00 AM","Local Route","QUINCE ORCHARD HS ENT",,,,"Pedestrian","Single Vehicle","Clear","Dry","Daylight","Person (including flagger, law enforcement, crossing guard, etc.","Not Suspect of Alcohol Use, Unknown","Not Suspect of Alcohol Use, Not Suspect of Drug Use","658F2CC5-71FA-46E3-A5EE-9F1462DB622F","Pedestrian","Standing","None (No Improper Action)","Driveway Access","No","Suspected Minor Injury","Other","39.11757882","-77.25384597","    (39.11757882, -77.25384597)"
"DD5649003N","240005047","ROCKVILLE","Injury Crash","01/31/2024 07:39:00 PM","Municipality Route","N STONESTREET AVE","PARK RD (WB/L)",,,"Pedestrian","Single Vehicle","Clear","Dry","Dark - Lighted","Flashing Traffic Control Signal","Not Suspect of Alcohol Use, Not Suspect of Drug Use","Not Suspect of Alcohol Use, Not Suspect of Drug Use","8DD1D459-191D-4EBD-9EDE-18DD214523D4","Pedestrian","Cross/Enter at Intersection","Failure to Yield Right-Of-Way","Intersection Other","No","Suspected Minor Injury","None","39.0855119","-77.1466818","    (39.0855119, -77.1466818)"
"DD5649003N","240005047","ROCKVILLE","Injury Crash","01/31/2024 07:39:00 PM","Municipality Route","N STONESTREET AVE","PARK RD (WB/L)",,,"Pedestrian","Single Vehicle","Clear","Dry","Dark - Lighted","Flashing Traffic Control Signal","Not Suspect of Alcohol Use, Not Suspect of Drug Use","Not Suspect of Alcohol Use, Not Suspect of Drug Use","6FF0A241-CC2E-4FCB-AD48-B1264082C438","Pedestrian","Cross/Enter at Intersection","Failure to Yield Right-Of-Way","Intersection Other","No","Suspected Minor Injury","None","39.0855119","-77.1466818","    (39.0855119, -77.1466818)"
"DM83860025","240004368","TAKOMA","Property Damage Crash","01/27/2024 08:30:00 PM","Municipality Route","GRANT AVE","MAPLE AVE",,,"Pedestrian","Single Vehicle","Clear","Dry","Dark - Lighted","No Controls","Not Suspect of Alcohol Use, Not Suspect of Drug Use","Not Suspect of Alcohol Use, Not Suspect of Drug Use","2BA099E2-FCF1-4858-9555-11A290D1B6F5","Pedestrian","Cross/Enter at Intersection","None (No Improper Action)","Intersection Marked Crosswalk","No","No Apparent Injury","None","38.98149561","-77.00943623","    (38.98149561, -77.00943623)"
"DD5658001V","240004325","ROCKVILLE","Injury Crash","01/27/2024 02:07:00 PM",,,,"Parking Lot Way        2009 CHAPMAN AVE/PARKING LOT",,"Pedestrian","Single Vehicle","Cloudy",,"Daylight",,"Unknown, Unknown","Not Suspect of Alcohol Use, Not Suspect of Drug Use","D5724F3F-21FB-42FF-89B2-BB8F5DC4DF1C","Pedestrian","None","Other","Sidewalk","No","Suspected Minor Injury","None","39.0585491","-77.1189759","    (39.0585491, -77.1189759)"
"MCP3030005V","240004178","MONTGOMERY","Injury Crash","01/26/2024 03:05:00 PM","Maryland (State) Route","RIVER RD","GOLDSBORO RD (SB/L)",,,"Cyclist (non-electric)","Single Vehicle","Clear","Dry","Daylight","Traffic Control Signal","Not Suspect of Alcohol Use, Not Suspect of Drug Use","Not Suspect of Alcohol Use, Not Suspect of Drug Use","1DA2342E-6494-4715-A290-B73C3BF00A88","Cyclist (non-electric)","Walking/Cycling Along Roadway With Traffic (In or Adjacent to Travel Lane)","None (No Improper Action)","Intersection Other","No","Suspected Serious Injury","Helmet","38.97303657","-77.12209734","    (38.97303657, -77.12209734)"
"MCP2771003B","240003512","MONTGOMERY","Injury Crash","01/26/2024 12:34:00 PM",,,,"Driveway        PARKING LOT OF GIANT AT AT 13781 CONNECTICUT AVENUE, SILVER SPRING, MD.",,"Pedestrian","Single Vehicle","Clear",,"Daylight",,"Not Suspect of Alcohol Use, Not Suspect of Drug Use","Not Suspect of Alcohol Use, Not Suspect of Drug Use","41F81C25-1C1D-4566-A527-8C3BF0BAD3B6","Pedestrian","Other","Other","Other","Yes","Possible Injury","None","39.07979336","-77.07961771","    (39.07979336, -77.07961771)"
"MCP3392000C","240004076","MONTGOMERY","Injury Crash","01/26/2024 08:17:00 AM","County Route","PARK VISTA DR","MASSANUTTEN DR",,,"Pedestrian","Single Vehicle","Cloudy","Wet","Daylight","Stop Sign","Not Suspect of Alcohol Use, Not Suspect of Drug Use","Not Suspect of Alcohol Use, Not Suspect of Drug Use","78672CB3-3FBA-4F46-809B-F86BF2530F1A","Pedestrian","Cross/Enter at Intersection","In Roadway Improperly (Standing, Lying, Working, Playing)","Intersection Unmarked Crosswalk","No","Possible Injury","None","39.10663583","-77.05214172","    (39.10663583, -77.05214172)"
"EJ77860002","240004121","GAITHERSBURG","Injury Crash","01/26/2024 07:54:00 AM",,,,"Parking Lot Way        PARKING LOT OF 101 EDUCATION BOULEVARD",,"Pedestrian","Single Vehicle","Clear",,"Daylight",,"Not Suspect of Alcohol Use, Not Suspect of Drug Use","Not Suspect of Alcohol Use, Not Suspect of Drug Use","37C028F4-DD04-471A-B99A-75962903766D","Pedestrian","Cross/Enter at Intersection","None (No Improper Action)","Intersection Marked Crosswalk","No","Possible Injury","None","39.13589548","-77.19316343","    (39.13589548, -77.19316343)"
"EJ77860002","240004121","GAITHERSBURG","Injury Crash","01/26/2024 07:54:00 AM",,,,"Parking Lot Way        PARKING LOT OF 101 EDUCATION BOULEVARD",,"Pedestrian","Single Vehicle","Clear",,"Daylight",,"Not Suspect of Alcohol Use, Not Suspect of Drug Use","Not Suspect of Alcohol Use, Not Suspect of Drug Use","AA34D698-BA15-4F06-9F6C-81DA1F679D84","Pedestrian","Cross/Enter at Intersection","None (No Improper Action)","Intersection Marked Crosswalk","Yes","Possible Injury","None","39.13589548","-77.19316343","    (39.13589548, -77.19316343)"
"EJ77860002","240004121","GAITHERSBURG","Injury Crash","01/26/2024 07:54:00 AM",,,,"Parking Lot Way        PARKING LOT OF 101 EDUCATION BOULEVARD",,"Pedestrian","Single Vehicle","Clear",,"Daylight",,"Not Suspect of Alcohol Use, Not Suspect of Drug Use","Not Suspect of Alcohol Use, Not Suspect of Drug Use","A3BE14BE-F61F-4897-ADF7-A2DC465814A8","Pedestrian","Cross/Enter at Intersection","None (No Improper Action)","Intersection Marked Crosswalk","No","Possible Injury","None","39.13589548","-77.19316343","    (39.13589548, -77.19316343)"
"MCP3111007R","240004060","MONTGOMERY","Injury Crash","01/26/2024 07:33:00 AM","County Route","ARLINGTON RD","EDGEMOOR LA",,,"Pedestrian","Single Vehicle","Cloudy","Wet","Dawn","Traffic Control Signal","Not Suspect of Alcohol Use, Not Suspect of Drug Use","Not Suspect of Alcohol Use, Not Suspect of Drug Use","1B4F44DB-CF17-4D3F-A705-03F6742F9FD2","Pedestrian","Cross/Enter at Intersection","None (No Improper Action)","Intersection Marked Crosswalk","No","Suspected Minor Injury","None","38.98465601","-77.09870588","    (38.98465601, -77.09870588)"
"MCP3111007R","240004060","MONTGOMERY","Injury Crash","01/26/2024 07:33:00 AM","County Route","ARLINGTON RD","EDGEMOOR LA",,,"Pedestrian","Single Vehicle","Cloudy","Wet","Dawn","Traffic Control Signal","Not Suspect of Alcohol Use, Not Suspect of Drug Use","Not Suspect of Alcohol Use, Not Suspect of Drug Use","83E8317F-CB3D-4A03-9AA8-B4AD6BEE1F8B","Pedestrian","Cross/Enter at Intersection","None (No Improper Action)","Intersection Marked Crosswalk","No","Possible Injury","None","38.98465601","-77.09870588","    (38.98465601, -77.09870588)"
"MCP3330001W","240004023","MONTGOMERY","Injury Crash","01/25/2024 09:27:00 PM","County Route","ASPEN HILL RD","IRIS ST",,,"Pedestrian","Single Vehicle","Rain","Wet","Dark - Not Lighted","No Controls","Not Suspect of Alcohol Use, Not Suspect of Drug Use, Not Suspect of Alcohol Use, Not Suspect of Drug Use","Suspect of Alcohol Use, Unknown","FEBFC173-B900-4490-9513-2EDA45128A18","Pedestrian","Cross/Enter Not at Intersection","In Roadway Improperly (Standing, Lying, Working, Playing), Inattentive (Talking, Eating, etc.), Not Visible (Dark Clothing, No Lighting, etc.), Other, Wrong-Way Riding or Walking","Travel Lane Other Location","Yes","Suspected Minor Injury","None","39.0753445","-77.09380633","    (39.0753445, -77.09380633)"
"MCP3050005L","240003997","MONTGOMERY","Injury Crash","01/25/2024 06:44:00 PM","County Route","RIPPLING BROOK DR",,,,"Pedestrian","Single Vehicle","Rain","Wet","Dark - Not Lighted","Stop Sign","Not Suspect of Alcohol Use, Not Suspect of Drug Use","Not Suspect of Alcohol Use, Not Suspect of Drug Use","EF9F526A-6F23-4F33-9377-50A0E74A0E23","Pedestrian","Cross/Enter at Intersection","Not Visible (Dark Clothing, No Lighting, etc.)","Intersection Marked Crosswalk","No","Possible Injury","None","39.09014707","-77.05357651","    (39.09014707, -77.05357651)"
"MCP2678004L","240003850","MONTGOMERY","Injury Crash","01/25/2024 06:21:00 AM","County Route","REEDIE DR","GEORGIA AVE (SB/L)",,,"Pedestrian","Single Vehicle","Rain","Wet","Dark - Lighted","Pedestrian Crossing Sign","Not Suspect of Alcohol Use, Not Suspect of Drug Use","Not Suspect of Alcohol Use, Not Suspect of Drug Use","DDEC71A5-7E60-4C0D-9AA6-C9FCD6CB9634","Pedestrian","Cross/Enter at Intersection","None (No Improper Action)","Intersection Marked Crosswalk","No","Suspected Serious Injury","None","39.03861435","-77.05094","    (39.03861435, -77.05094)"
"MCP32300054","240003813","MONTGOMERY","Injury Crash","01/24/2024 08:40:00 PM","County Route","RANDOLPH RD (WB/L)","VEIRS MILL RD (WB/L)",,,"Pedestrian","Single Vehicle","Cloudy","Wet","Dark - Lighted","Traffic Control Signal","Not Suspect of Alcohol Use, Not Suspect of Drug Use","Not Suspect of Alcohol Use, Not Suspect of Drug Use","758D70AE-B512-4B36-B3E6-CD24D5BAF629","Pedestrian","Cross/Enter at Intersection","None (No Improper Action)","Intersection Marked Crosswalk","No","Suspected Minor Injury","None","39.05627232","-77.08254668","    (39.05627232, -77.08254668)"
"MCP2726008M","240003654","MONTGOMERY","Injury Crash","01/24/2024 06:25:00 AM","County Route","CRABBS BRANCH WAY",,,,"Pedestrian","Single Vehicle","Rain","Wet","Dark - Lighted","No Controls","Not Suspect of Alcohol Use, Not Suspect of Drug Use","Not Suspect of Alcohol Use, Not Suspect of Drug Use","68887B60-20AE-44C2-AFF6-D332C50BEB89","Pedestrian","Cross/Enter at Intersection","None (No Improper Action)","Median/Crossing Island","No","Suspected Minor Injury","None","39.11931225","-77.15678466","    (39.11931225, -77.15678466)"
"MCP3394000B","240003543","MONTGOMERY","Injury Crash","01/23/2024 02:47:00 PM","Maryland (State) Route","WISCONSIN AVE (SB/L)","WILLARD AVE",,,"Pedestrian","Single Vehicle","Clear","Dry","Daylight","Traffic Control Signal","Not Suspect of Alcohol Use, Not Suspect of Drug Use","Not Suspect of Alcohol Use, Not Suspect of Drug Use","27F44D8D-A31F-4D74-A1D3-A1582F2EF634","Pedestrian","Cross/Enter at Intersection","Unknown","Intersection Marked Crosswalk","No","Suspected Minor Injury","Unknown","38.96178017","-77.08618317","    (38.96178017, -77.08618317)"
"MCP28810064","240003452","MONTGOMERY","Injury Crash","01/23/2024 07:00:00 AM","County Route","BRANDERMILL DR",,,,"Pedestrian","Single Vehicle","Clear","Dry","Dawn","No Controls","Not Suspect of Alcohol Use, Not Suspect of Drug Use","Not Suspect of Alcohol Use, Not Suspect of Drug Use","3618F4EF-75AB-49D3-AD8E-4C7217333F4B","Pedestrian","Getting Off/On Vehicle","None (No Improper Action)","Shoulder/Roadside","No","Possible Injury","None","39.18448333","-77.23691167","    (39.18448333, -77.23691167)"
"MCP3402000B","240003404","MONTGOMERY","Injury Crash","01/22/2024 06:54:00 PM","US (State)","COLUMBIA PIKE",,,,"Pedestrian","Single Vehicle","Clear","Dry","Dark - Lighted","Stop Sign","Not Suspect of Alcohol Use, Not Suspect of Drug Use","Not Suspect of Alcohol Use, Not Suspect of Drug Use","4A9DC317-29B3-4B06-B44A-6B592F107D9D","Pedestrian","Walking/Cycling on Sidewalk","None (No Improper Action)","Sidewalk","No","Suspected Minor Injury","None","39.03182903","-77.00405563","    (39.03182903, -77.00405563)"
"DD559500FM","240003113","ROCKVILLE","Injury Crash","01/20/2024 04:40:00 PM",,,,"Private Road        DRIVE LANE FOR THE FLAGSHIP CAR WASH LOCATED AT 2100 CHAPMAN AVE",,"Pedestrian","Single Vehicle","Clear",,"Daylight",,,"Not Suspect of Alcohol Use, Not Suspect of Drug Use","CFF3E07A-8AED-49B6-A585-91406B11A4BD","Pedestrian","Other","Other","Driveway Access","Yes","Suspected Minor Injury","None","39.05784781","-77.11721447","    (39.05784781, -77.11721447)"
"MCP32080053","240002912","MONTGOMERY","Injury Crash","01/18/2024 10:30:00 PM","US (State)","COLUMBIA PIKE (SB/L)",,,,"Occupant of Motor Vehicle Not in Transport","Sideswipe, Same Direction","Clear","Dry","Dark - Lighted","No Controls","Not Suspect of Alcohol Use, Not Suspect of Drug Use","Not Suspect of Alcohol Use, Not Suspect of Drug Use","320D5D62-4997-4E87-A25F-C5B8112C2170","Occupant of Motor Vehicle Not in Transport","Other Working","None (No Improper Action)","Shoulder/Roadside","No","Suspected Minor Injury","None","39.12681134","-76.92309001","    (39.12681134, -76.92309001)"
"MCP32080053","240002912","MONTGOMERY","Injury Crash","01/18/2024 10:30:00 PM","US (State)","COLUMBIA PIKE (SB/L)",,,,"Occupant of Motor Vehicle Not in Transport","Sideswipe, Same Direction","Clear","Dry","Dark - Lighted","No Controls","Not Suspect of Alcohol Use, Not Suspect of Drug Use","Not Suspect of Alcohol Use, Not Suspect of Drug Use","08B706A9-91D3-4EE6-A008-26F077E529EC","Occupant of Motor Vehicle Not in Transport","Push/Work on Vehicle","None (No Improper Action)","Shoulder/Roadside","No","Suspected Minor Injury","None","39.12681134","-76.92309001","    (39.12681134, -76.92309001)"
"MCP28810063","240002647","MONTGOMERY","Injury Crash","01/17/2024 01:14:00 PM",,,,"Parking Lot Way        21030 FREDERICK RD",,"Pedestrian","Single Vehicle","Clear",,"Daylight","No Controls","Not Suspect of Alcohol Use, Not Suspect of Drug Use","Not Suspect of Alcohol Use, Not Suspect of Drug Use","F81E50B5-A6A7-441B-95F6-6D2112DBAE56","Pedestrian","Standing","None (No Improper Action)","NonTrafficway Area","No","Suspected Minor Injury","None","39.20158825","-77.24670089","    (39.20158825, -77.24670089)"