"Report Number","Local Case Number","Agency Name","ACRS Report Type","Crash Date/Time","Route Type","Road Name","Cross-Street Name","Off-Road Description","Municipality","Related Non-Motorist","Collision Type","Weather","Surface Condition","Light","Traffic Control","Driver Substance Abuse","Non-Motorist Substance Abuse","Person ID","Pedestrian Type","Pedestrian Movement","Pedestrian Actions","Pedestrian Location","At Fault","Injury Severity","Safety Equipment","Latitude","Longitude","Location"
"MCP33560018","230073488","Montgomery County Police","Injury Crash","12/24/2023 06:31:00 PM",,,,"PARKING LOT OF SAFEWAY GAS (26300 RIDGE RD)",,"PEDESTRIAN","OTHER","CLEAR",,"DARK LIGHTS ON","NO CONTROLS","NONE DETECTED","NONE DETECTED","7DBDE760-AE1A-44FA-90B8-457E0D345A7E","PEDESTRIAN","Other","NOT VISIBLE","OTHER","No","POSSIBLE INJURY","REFLECTIVE CLOTHING","39.28861683","-77.20493983","    (39.28861683, -77.20493983)"
"MCP30550045","230073457","Montgomery County Police","Injury Crash","12/24/2023 02:25:00 PM",,,,"IN PARKING LOT OF 4301 RANDOLPH RD.",,"PEDESTRIAN","OTHER","CLEAR",,"DAYLIGHT","N/A","N/A","N/A","72D40116-888D-4C83-8711-78E3C13F9383","PEDESTRIAN","Walking/Cycling on Sidewalk","NO IMPROPER ACTIONS","SIDEWALK","No","SUSPECTED MINOR INJURY","NONE","39.05594083","-77.0839425","    (39.05594083, -77.0839425)"
"MCP33530024","230073214","Montgomery County Police","Injury Crash","12/22/2023 07:17:00 PM","Maryland (State)","GEORGIA AVE","WENDY LA",,"N/A","PEDESTRIAN","STRAIGHT MOVEMENT ANGLE","CLEAR","DRY","DARK LIGHTS ON","N/A","UNKNOWN","NONE DETECTED","0C48ECCA-CD4A-473B-8324-D32C54685C55","PEDESTRIAN","Cross/Enter not at Intersection","FAILURE TO YIELD RIGHT OF WAY","ON ROADWAY NOT AT CROSSWALK","Yes","POSSIBLE INJURY","NONE","39.07969254","-77.07385365","    (39.07969254, -77.07385365)"
"MCP33530024","230073214","Montgomery County Police","Injury Crash","12/22/2023 07:17:00 PM","Maryland (State)","GEORGIA AVE","WENDY LA",,"N/A","PEDESTRIAN","STRAIGHT MOVEMENT ANGLE","CLEAR","DRY","DARK LIGHTS ON","N/A","UNKNOWN","NONE DETECTED","AC453B81-571B-4478-9E8E-10C669CCAFCB","PEDESTRIAN","Cross/Enter not at Intersection","FAILURE TO YIELD RIGHT OF WAY","ON ROADWAY NOT AT CROSSWALK","Yes","POSSIBLE INJURY","NONE","39.07969254","-77.07385365","    (39.07969254, -77.07385365)"
"MCP2552006X","230072976","Montgomery County Police","Injury Crash","12/21/2023 03:34:00 PM","Maryland (State)","FISHER AVE","CATTAIL RD",,"POOLESVILLE","PEDESTRIAN","OTHER","CLOUDY","DRY","DAYLIGHT","N/A","N/A","N/A","65699001-C946-4A48-8D90-43B77F1780EF","PEDESTRIAN","Cross/Enter not at Intersection","DART DASH","ON ROADWAY NOT AT CROSSWALK","Yes","SUSPECTED MINOR INJURY","NONE","39.14394667","-77.408745","    (39.14394667, -77.408745)"
"MCP209400N4","230072733","Montgomery County Police","Injury Crash","12/20/2023 11:19:00 AM","Maryland (State)","KNOWLES AVE","DETRICK AVE",,"KENSINGTON","PEDESTRIAN","OTHER","CLEAR","DRY","DAYLIGHT","STOP SIGN","NONE DETECTED","NONE DETECTED","3CB7FF94-1EBF-415F-9E05-8BA7ADCA3C56","PEDESTRIAN","Cross/Enter at Intersection","NO IMPROPER ACTIONS","AT INTERSECTION BUT NO CROSSWALK","No","SUSPECTED SERIOUS INJURY","NONE","39.027575","-77.077805","    (39.027575, -77.077805)"
"MCP2203007V","230072598","Montgomery County Police","Property Damage Crash","12/19/2023 03:40:00 PM","County","EDWIN ST","CENTERHILL ST",,"N/A","OTHER","SAME DIRECTION SIDESWIPE","CLEAR","DRY","DAYLIGHT","NO CONTROLS","NONE DETECTED","N/A","6AFCE8D8-B306-40C8-A773-AABC4D2FE0A4","OTHER","N/A","NO IMPROPER ACTIONS","OTHER","No","NO APPARENT INJURY","N/A","39.053241","-77.07055383","    (39.053241, -77.07055383)"
"MCP2203007V","230072598","Montgomery County Police","Property Damage Crash","12/19/2023 03:40:00 PM","County","EDWIN ST","CENTERHILL ST",,"N/A","OTHER","SAME DIRECTION SIDESWIPE","CLEAR","DRY","DAYLIGHT","NO CONTROLS","NONE DETECTED","N/A","C5D5D0F5-15E7-4AB5-BF86-5C20F1E5913A","OTHER","N/A","NO IMPROPER ACTIONS","OTHER","No","NO APPARENT INJURY","N/A","39.053241","-77.07055383","    (39.053241, -77.07055383)"
"MCP2203007V","230072598","Montgomery County Police","Property Damage Crash","12/19/2023 03:40:00 PM","County","EDWIN ST","CENTERHILL ST",,"N/A","OTHER","SAME DIRECTION SIDESWIPE","CLEAR","DRY","DAYLIGHT","NO CONTROLS","NONE DETECTED","N/A","BEAFCF08-A06E-4B6E-AB45-BF5E674AB6B7","OTHER","N/A","NO IMPROPER ACTIONS","OTHER","No","NO APPARENT INJURY","N/A","39.053241","-77.07055383","    (39.053241, -77.07055383)"
"MCP3197003W","230072585","Montgomery County Police","Injury Crash","12/19/2023 03:22:00 PM","County","BEL PRE RD","RIPPLING BROOK DR",,"N/A","PEDESTRIAN","STRAIGHT MOVEMENT ANGLE","CLEAR","DRY","DAYLIGHT","NO CONTROLS","NONE DETECTED","NONE DETECTED","E1BFF353-344C-4CA1-9450-28C8D3D3CB5C","PEDESTRIAN","Cross/Enter at Intersection","NO IMPROPER ACTIONS","ON ROADWAY AT CROSSWALK","No","SUSPECTED SERIOUS INJURY","NONE","39.09041416","-77.05300905","    (39.09041416, -77.05300905)"
"MCP3039006P","230072243","Montgomery County Police","Injury Crash","12/17/2023 05:43:00 PM","Maryland (State)","GEORGIA AVE","COLESVILLE RD",,"N/A","PEDESTRIAN","STRAIGHT MOVEMENT ANGLE","RAINING","WET","DARK LIGHTS ON","TRAFFIC SIGNAL","NONE DETECTED","NONE DETECTED","6900AAFD-0EBB-4A36-B8D4-9B25E066A795","PEDESTRIAN","Cross/Enter at Intersection","NO IMPROPER ACTIONS","ON ROADWAY AT CROSSWALK","No","POSSIBLE INJURY","N/A","38.99589921","-77.02818753","    (38.99589921, -77.02818753)"
"MCP3038006Q","230072234","Montgomery County Police","Injury Crash","12/17/2023 04:49:00 PM","US (State)","GEORGIA AVE","BLAIR RD",,"N/A","BICYCLIST","OTHER","RAINING","WET","DARK LIGHTS ON","TRAFFIC SIGNAL","NONE DETECTED","NONE DETECTED","60A80480-5079-47A3-AF92-5F7DA368FE8B","BICYCLIST","Cross/Enter at Intersection","NO IMPROPER ACTIONS","ON ROADWAY AT CROSSWALK","No","SUSPECTED MINOR INJURY","NONE","38.98484527","-77.02658531","    (38.98484527, -77.02658531)"
"MCP3254003K","230072050","Montgomery County Police","Injury Crash","12/16/2023 12:36:00 PM","Maryland (State)","GERMANTOWN RD","MIDDLEBROOK RD",,"N/A","BICYCLIST","STRAIGHT MOVEMENT ANGLE","CLEAR","DRY","DAYLIGHT","TRAFFIC SIGNAL","NONE DETECTED","NONE DETECTED","0555B6BA-0A80-4556-97C8-DD2FC0027B91","BICYCLIST","Cross/Enter at Intersection","FAILURE TO OBEY TRAFFIC SIGNS SIGNALS OR OFFICER","ON ROADWAY AT CROSSWALK","Yes","SUSPECTED MINOR INJURY","MC/BIKE HELMET","39.17877577","-77.26718974","    (39.17877577, -77.26718974)"
"MCP30800046","230071955","Montgomery County Police","Injury Crash","12/15/2023 05:26:00 PM","County","WISTERIA DR","CIRCLE GATE DR",,"N/A","BICYCLIST","OTHER","CLEAR","DRY","DARK LIGHTS ON","N/A","NONE DETECTED","NONE DETECTED","86B3A346-703D-472E-B965-4E6C6E8EFDFD","BICYCLIST","Cross/Enter at Intersection","UNKNOWN","ON ROADWAY AT CROSSWALK","Unknown","POSSIBLE INJURY","NONE","39.17235282","-77.26425105","    (39.17235282, -77.26425105)"
"MCP289200FQ","230071957","Montgomery County Police","Injury Crash","12/15/2023 05:24:00 PM",,,,"825 WAYNE AVENUE
PARKING LOT",,"PEDESTRIAN","HEAD ON","CLEAR",,"DARK LIGHTS ON","NO CONTROLS","ALCOHOL PRESENT, NONE DETECTED","NONE DETECTED","26AE007B-E21E-4A63-BB26-B5DD9AE7BBCA","PEDESTRIAN","Other","NO IMPROPER ACTIONS","OTHER","No","POSSIBLE INJURY","NONE","38.99686779","-77.02382004","    (38.99686779, -77.02382004)"
"MCP24560086","230070774","Montgomery County Police","Injury Crash","12/09/2023 01:00:00 PM","County","FLOWER AVE","ARLISS ST",,"N/A","PEDESTRIAN","SINGLE VEHICLE","CLEAR","DRY","DAYLIGHT","NO CONTROLS","UNKNOWN","N/A","09AB9491-B9C6-4D42-A180-80C4095E969B","PEDESTRIAN","Cross/Enter not at Intersection","IN ROADWAY IMPROPERLY","ON ROADWAY NOT AT CROSSWALK","Yes","POSSIBLE INJURY","NONE","38.99923466","-77.00384109","    (38.99923466, -77.00384109)"
"DD5670000B","230070710","Rockville Police Departme","Injury Crash","12/08/2023 11:17:00 PM","Municipality","CHAPMAN AVE","THOMPSON AVE",,"ROCKVILLE","PEDESTRIAN","SINGLE VEHICLE","N/A","DRY","DARK LIGHTS ON","NO CONTROLS","NONE DETECTED","NONE DETECTED","2BE0D4AA-1ED3-43ED-A6E7-9132342AACF7","PEDESTRIAN","Standing","IN ROADWAY IMPROPERLY","ON ROADWAY NOT AT CROSSWALK","Yes","NO APPARENT INJURY","N/A","39.06013877","-77.12017775","    (39.06013877, -77.12017775)"
"MCP3258003L","230070703","Montgomery County Police","Injury Crash","12/08/2023 10:16:00 PM","County","MONTERREY DR","VEIRS MILL RD",,"N/A","BICYCLIST","OTHER","CLEAR","DRY","DARK LIGHTS ON","NO CONTROLS","N/A","N/A","10969DFF-CB92-4B7F-9CAB-F25B5DBEB16B","BICYCLIST","Cross/Enter at Intersection","NO IMPROPER ACTIONS","ON ROADWAY AT CROSSWALK","No","POSSIBLE INJURY","NONE","39.04280469","-77.06018926","    (39.04280469, -77.06018926)"
"MCP27230086","230070689","Montgomery County Police","Injury Crash","12/08/2023 08:12:00 PM",,,,"13661 CONNECTICUT AVENUE",,"PEDESTRIAN","SINGLE VEHICLE","CLEAR",,"DARK LIGHTS ON","NO CONTROLS","NONE DETECTED","NONE DETECTED","E8B9B196-6648-4435-B338-8D5457DC7C31","PEDESTRIAN","Other","NO IMPROPER ACTIONS","ON ROADWAY NOT AT CROSSWALK","No","SUSPECTED MINOR INJURY","N/A","39.07786491","-77.07972789","    (39.07786491, -77.07972789)"
"DD56530031","230070516","Rockville Police Departme","Injury Crash","12/07/2023 11:17:00 PM","Municipality","MONROE ST","ARGYLE ST",,"ROCKVILLE","PEDESTRIAN","SINGLE VEHICLE","CLOUDY","DRY","DARK LIGHTS ON","STOP SIGN","UNKNOWN","ALCOHOL PRESENT","24A73D6D-7269-440C-A52E-666D3EE4CF07","PEDESTRIAN","Unknown","UNKNOWN","SHOULDER","No","SUSPECTED MINOR INJURY","NONE","39.07795461","-77.15156858","    (39.07795461, -77.15156858)"
"MCP3403000B","230070456","Montgomery County Police","Injury Crash","12/07/2023 05:40:00 PM","County","BRIGGS CHANEY RD","ENT TO SHOPPING CENTER",,"N/A","PEDESTRIAN","STRAIGHT MOVEMENT ANGLE","CLEAR","DRY","DARK LIGHTS ON","TRAFFIC SIGNAL","NONE DETECTED","NONE DETECTED","7985F4F2-8FC1-4549-A406-493BEC7E2B8A","PEDESTRIAN","Cross/Enter at Intersection","INATTENTIVE","ON ROADWAY AT CROSSWALK","Unknown","SUSPECTED MINOR INJURY","NONE","39.0823322","-76.94716118","    (39.0823322, -76.94716118)"
"MCP2552006S","230070457","Montgomery County Police","Injury Crash","12/07/2023 05:40:00 PM","County","SHADY GROVE RD","BRIARDALE RD",,"N/A","PEDESTRIAN","OTHER","CLEAR","DRY","DARK LIGHTS ON","TRAFFIC SIGNAL","N/A","N/A","08B86F63-3808-4112-813B-2194DD4434F7","PEDESTRIAN","Cross/Enter at Intersection","NO IMPROPER ACTIONS","ON ROADWAY AT CROSSWALK","No","SUSPECTED MINOR INJURY","NONE","39.13371167","-77.15808833","    (39.13371167, -77.15808833)"
"MCP235300CN","230070177","Montgomery County Police","Injury Crash","12/06/2023 10:56:00 AM","County","ARLINGTON RD","BETHESDA AVE",,"N/A","PEDESTRIAN","STRAIGHT MOVEMENT ANGLE","CLOUDY","DRY","DAYLIGHT","TRAFFIC SIGNAL","NONE DETECTED","NONE DETECTED","153BE158-9638-4246-8B14-EF19E79492CC","PEDESTRIAN","Standing","NO IMPROPER ACTIONS","SIDEWALK","No","SUSPECTED SERIOUS INJURY","N/A","38.98077833","-77.09855","    (38.98077833, -77.09855)"
"MCP3244002W","23006974","Montgomery County Police","Property Damage Crash","12/05/2023 12:07:00 PM","Maryland (State)","EAST WEST HWY","COLESVILLE RD",,"N/A","BICYCLIST","STRAIGHT MOVEMENT ANGLE","CLEAR","DRY","DAYLIGHT","TRAFFIC SIGNAL","NONE DETECTED","NONE DETECTED","724E4C2F-B940-49D8-9DED-D68DF06CD369","BICYCLIST","Walking/Cycling on Sidewalk","FAILURE TO YIELD RIGHT OF WAY","ON ROADWAY AT CROSSWALK","Yes","NO APPARENT INJURY","NONE","38.99388637","-77.03252315","    (38.99388637, -77.03252315)"
"MCP3348001Q","230069910","Montgomery County Police","Injury Crash","12/05/2023 06:56:00 AM","County","DEWEY RD","RANDOLPH RD",,"N/A","PEDESTRIAN","OTHER","CLEAR","DRY","DAWN","TRAFFIC SIGNAL","NONE DETECTED","NONE DETECTED","719331D3-C861-4C30-8C09-334EE39774C1","PEDESTRIAN","Cross/Enter at Intersection","UNKNOWN","ON ROADWAY AT CROSSWALK","Unknown","POSSIBLE INJURY","N/A","39.05365","-77.08934667","    (39.05365, -77.08934667)"
"MCP3123006N","230069784","Montgomery County Police","Injury Crash","12/04/2023 11:58:00 AM","US (State)","COLUMBIA PIKE","BLACKBURN RD",,"N/A","PEDESTRIAN","SAME DIR REAR END","CLEAR","DRY","DAYLIGHT","TRAFFIC SIGNAL","N/A","N/A","D14DD185-0BA5-426D-837D-AEC92B908196","PEDESTRIAN","Push/Work on Vehicle","NO IMPROPER ACTIONS","OTHER","No","SUSPECTED SERIOUS INJURY","N/A","39.10491517","-76.9330545","    (39.10491517, -76.9330545)"
"MCP3258003J","230069448","Montgomery County Police","Injury Crash","12/02/2023 10:21:00 AM",,,,"PARKING LOT OF 16227 BATCHELLORS FOREST RD",,"PEDESTRIAN","OTHER","FOGGY",,"DAYLIGHT","N/A","NONE DETECTED","NONE DETECTED","20A55BEB-C020-4FBC-9265-D75BFF816B86","PEDESTRIAN","Standing","NO IMPROPER ACTIONS","OTHER","No","POSSIBLE INJURY","N/A","39.12034667","-77.06979","    (39.12034667, -77.06979)"
"MCP2102004H","230069430","Montgomery County Police","Injury Crash","12/02/2023 07:32:00 AM","County","LONG CORNER RD","MULLINIX MILL RD",,"N/A","BICYCLIST","STRAIGHT MOVEMENT ANGLE","FOGGY","WET","DAYLIGHT","STOP SIGN","UNKNOWN","NONE DETECTED","A0F093D4-59F3-473A-877C-CB400F52005B","BICYCLIST","Cross/Enter at Intersection","NO IMPROPER ACTIONS","AT INTERSECTION BUT NO CROSSWALK","No","SUSPECTED SERIOUS INJURY","MC/BIKE HELMET","39.28980167","-77.16105667","    (39.28980167, -77.16105667)"
"MCP3245004S","230069381","Montgomery County Police","Injury Crash","12/01/2023 07:25:00 PM","Maryland (State)","FREDERICK RD","DALAMAR ST",,"GAITHERSBURG","PEDESTRIAN","OTHER","RAINING","WET","DARK LIGHTS ON","TRAFFIC SIGNAL","NONE DETECTED","NONE DETECTED","1148C805-13E0-452B-9EB7-4B70BA57C9FB","PEDESTRIAN","Cross/Enter not at Intersection","IN ROADWAY IMPROPERLY","ON ROADWAY NOT AT CROSSWALK","Yes","POSSIBLE INJURY","NONE","39.1465181","-77.20470847","    (39.1465181, -77.20470847)"
"MCP30930052","230071338","Montgomery County Police","Injury Crash","12/01/2023 05:30:00 PM","Maryland (State)","WISCONSIN AVE","S PARK AVE",,"FRIENDSHIP HEIGHTS","PEDESTRIAN","OTHER","UNKNOWN","UNKNOWN","DARK LIGHTS ON","UNKNOWN","N/A","N/A","0E2D45C6-F732-4BA8-A825-6017F92D1966","PEDESTRIAN","Cross/Enter at Intersection","NO IMPROPER ACTIONS","N/A","No","SUSPECTED MINOR INJURY","NONE","38.9638525","-77.08713637","    (38.9638525, -77.08713637)"
"MCP3245004R","23069359","Montgomery County Police","Injury Crash","12/01/2023 05:14:00 PM",,,,"THURGOOD MARSHALL ELEMENTARY 12260 MC DONALD CHAPEL DR",,"PEDESTRIAN","OTHER","RAINING",,"DARK LIGHTS ON","NO CONTROLS","ALCOHOL CONTRIBUTED","NONE DETECTED","32B135B1-C371-4A82-AEB1-C74424381BDF","PEDESTRIAN","Other","NO IMPROPER ACTIONS","OTHER","No","POSSIBLE INJURY","NONE","39.1269323","-77.2595165","    (39.1269323, -77.2595165)"
"MCP31930056","230069211","Montgomery County Police","Injury Crash","11/30/2023 10:55:00 PM","Maryland (State)","GEORGIA AVE","UNIVERSITY BLVD W",,"N/A","PEDESTRIAN","OTHER","CLEAR","DRY","DARK LIGHTS ON","TRAFFIC SIGNAL","NONE DETECTED","NONE DETECTED","FC9D550A-950A-49DA-9E4C-CDE366BA8038","PEDESTRIAN","Cross/Enter not at Intersection","IN ROADWAY IMPROPERLY","ON ROADWAY NOT AT CROSSWALK","Yes","SUSPECTED MINOR INJURY","NONE","39.04125105","-77.05169358","    (39.04125105, -77.05169358)"
"MCP31680063","230069182","Montgomery County Police","Injury Crash","11/30/2023 06:13:00 PM","County","SHADY GROVE RD","BRIARDALE RD",,"N/A","OTHER","SAME DIRECTION SIDESWIPE","CLEAR","DRY","DARK LIGHTS ON","TRAFFIC SIGNAL","NONE DETECTED","N/A","6B8020BD-4DDD-448F-97E6-B52485BD45B3","OTHER","Other","NO IMPROPER ACTIONS","OTHER","No","NO APPARENT INJURY","N/A","39.13361819","-77.15808041","    (39.13361819, -77.15808041)"
"MCP3353001Z","230069152","Montgomery County Police","Injury Crash","11/30/2023 04:19:00 PM",,,,"PARKING LOT OF 4301 RANDOLPH RD",,"PEDESTRIAN","OTHER","CLEAR",,"DAYLIGHT","N/A","NONE DETECTED","NONE DETECTED","2259BC33-1276-46BF-A263-15A1B7E079E5","PEDESTRIAN","Standing","NO IMPROPER ACTIONS","OTHER","No","POSSIBLE INJURY","N/A","39.05606117","-77.0835027","    (39.05606117, -77.0835027)"
"MCP2871009C","230068789","Montgomery County Police","Injury Crash","11/28/2023 06:07:00 PM","Maryland (State)","ROCKVILLE PIKE","CEDAR LA",,"N/A","PEDESTRIAN","OTHER","CLEAR","DRY","DARK LIGHTS ON","TRAFFIC SIGNAL","NONE DETECTED","NONE DETECTED","F844D7FB-FF91-4FAA-9C03-4F3DEA4F3096","PEDESTRIAN","Cross/Enter not at Intersection","DART DASH","ON ROADWAY NOT AT CROSSWALK","Yes","POSSIBLE INJURY","NONE","39.00666","-77.097365","    (39.00666, -77.097365)"
"DD5567001L","230068704","Rockville Police Departme","Injury Crash","11/28/2023 12:46:00 PM",,,,"DRIVEWAY OF 2 STONEPATH CT",,"PEDESTRIAN","OTHER","CLEAR",,"DAYLIGHT","N/A",,"NONE DETECTED","897C451B-B8DA-4B11-8464-6B3F01021E89","PEDESTRIAN","Unknown","INATTENTIVE","OTHER","Yes","SUSPECTED SERIOUS INJURY","NONE","39.06961075","-77.17418125","    (39.06961075, -77.17418125)"
"DD5567001K","230068677","Rockville Police Departme","Property Damage Crash","11/28/2023 10:42:00 AM","Maryland (State)","ROCKVILLE PIKE","CROSSOVER",,"N/A","BICYCLIST","STRAIGHT MOVEMENT ANGLE","CLEAR","DRY","DAYLIGHT","N/A","NONE DETECTED","NONE DETECTED","535002E1-B74A-4441-91AB-45BBE12D17A6","BICYCLIST","Cross/Enter at Intersection","NO IMPROPER ACTIONS","ON ROADWAY NOT AT CROSSWALK","Yes","NO APPARENT INJURY","MC/BIKE HELMET","39.07178998","-77.13258698","    (39.07178998, -77.13258698)"
"MCP3148005P","230068578","Montgomery County Police","Injury Crash","11/27/2023 05:42:00 PM",,,,"PARKING GARAGE 1ST FLOOR AT 4935 ST ELMO AVE, BETHESDA, MD 20814",,"PEDESTRIAN","OTHER","CLEAR",,"DUSK","N/A","UNKNOWN","NONE DETECTED","AC029FAC-B8F7-40C7-8BF0-D4035C3493BD","PEDESTRIAN","Other","NO IMPROPER ACTIONS","OTHER","No","POSSIBLE INJURY","N/A","38.98653167","-77.09835333","    (38.98653167, -77.09835333)"
"DD5660000Q","230068281","Rockville Police Departme","Injury Crash","11/26/2023 05:01:00 PM","Maryland (State)","ROCKVILLE PIKE","ROLLINS AVE",,"ROCKVILLE","PEDESTRIAN","OTHER","RAINING","WET","DAWN","TRAFFIC SIGNAL","NONE DETECTED","NONE DETECTED","4BE2346C-EEEC-4A17-AF85-64351F7AC732","PEDESTRIAN","Cross/Enter at Intersection","NO IMPROPER ACTIONS","ON ROADWAY AT CROSSWALK","No","POSSIBLE INJURY","NONE","39.05904737","-77.1217952","    (39.05904737, -77.1217952)"
"MCP292300B8","230068207","Montgomery County Police","Injury Crash","11/25/2023 02:19:00 PM","County","LIVINGSTON ST","RANDOLPH RD",,"N/A","PEDESTRIAN","N/A","CLEAR","DRY","DAYLIGHT","TRAFFIC SIGNAL","NONE DETECTED","NONE DETECTED","81D1262F-E3B9-4A66-8AE6-782C284BF268","PEDESTRIAN","Cross/Enter at Intersection","NO IMPROPER ACTIONS","AT INTERSECTION MARKED CROSSWALK","No","SUSPECTED MINOR INJURY","NONE","39.03428767","-77.04852567","    (39.03428767, -77.04852567)"
"MCP3372001Y","230067838","Montgomery County Police","Injury Crash","11/22/2023 03:06:00 PM","County","CONNECTICUT AVE","BEL PRE RD",,"N/A","PEDESTRIAN","SINGLE VEHICLE","CLEAR","DRY","DAYLIGHT","TRAFFIC SIGNAL","NONE DETECTED","NONE DETECTED","804CB5E0-45B3-4E78-B317-68535C8BCB2B","PEDESTRIAN","Cross/Enter at Intersection","NO IMPROPER ACTIONS","ON ROADWAY AT CROSSWALK","No","POSSIBLE INJURY","N/A","39.09196775","-77.07041842","    (39.09196775, -77.07041842)"
"MCP33500023","230067818","Montgomery County Police","Injury Crash","11/22/2023 01:10:00 PM",,"NICHOLSON LN","CITADEL AVE",,"N/A","PEDESTRIAN","OTHER","CLOUDY","DRY","DAYLIGHT","TRAFFIC SIGNAL","UNKNOWN","NONE DETECTED","21FC6FD7-FD46-4D5C-9AC3-51A4C9B60652","PEDESTRIAN","Walking/Riding w/Traffic","NO IMPROPER ACTIONS","AT INTERSECTION MARKED CROSSWALK","No","SUSPECTED MINOR INJURY","N/A","39.04513667","-77.109205","    (39.04513667, -77.109205)"
"DD5583008D","230057757","Rockville Police Departme","Injury Crash","11/22/2023 07:27:00 AM","Maryland (State)","VEIRS MILL RD","FIRST ST",,"N/A","PEDESTRIAN","SINGLE VEHICLE","CLOUDY","N/A","DAWN","OTHER","NONE DETECTED","NONE DETECTED","382DCF6D-8AEB-4707-AFB0-5FB07C8CC0F2","PEDESTRIAN","Cross/Enter at Intersection","UNKNOWN","ON ROADWAY AT CROSSWALK","No","POSSIBLE INJURY","N/A","39.08069568","-77.14102778","    (39.08069568, -77.14102778)"
"MCP2612005J","230067692","Montgomery County Police","Injury Crash","11/21/2023 06:35:00 PM","County","BEL PRE RD","PARKER FARM WAY",,"N/A","PEDESTRIAN","SINGLE VEHICLE","RAINING","WET","DARK LIGHTS ON","TRAFFIC SIGNAL","NONE DETECTED","NONE DETECTED","5A202926-3BFC-4C34-8B00-97EECA6C836B","PEDESTRIAN","Cross/Enter at Intersection","UNKNOWN","ON ROADWAY AT CROSSWALK","Unknown","POSSIBLE INJURY","NONE","39.09059417","-77.04761717","    (39.09059417, -77.04761717)"
"MCP2552006P","230067682","Montgomery County Police","Injury Crash","11/21/2023 05:54:00 PM","Maryland (State)","FREDERICK RD","REDLAND RD",,"N/A","PEDESTRIAN","OTHER","RAINING","WET","DARK LIGHTS ON","N/A","N/A","N/A","0479C76F-25C9-4E28-89CE-ABE19CDA79A6","PEDESTRIAN","Cross/Enter not at Intersection","IN ROADWAY IMPROPERLY","ON ROADWAY NOT AT CROSSWALK","Yes","SUSPECTED MINOR INJURY","NONE","39.11462327","-77.16437638","    (39.11462327, -77.16437638)"
"EJ7885003T","230067666","Gaithersburg Police Depar","Injury Crash","11/21/2023 04:41:00 PM","Municipality","W DEER PARK RD","BRIGHTON DR",,"GAITHERSBURG","PEDESTRIAN","OTHER","RAINING","WET","DARK LIGHTS ON","NO CONTROLS","NONE DETECTED","NONE DETECTED","36CC16F8-73E6-4F68-9FB6-1E15E03FF6C3","PEDESTRIAN","Cross/Enter at Intersection","NO IMPROPER ACTIONS","ON ROADWAY AT CROSSWALK","No","POSSIBLE INJURY","NONE","39.130494","-77.20112133","    (39.130494, -77.20112133)"
"MCP2641003N","230067487","Montgomery County Police","Injury Crash","11/20/2023 06:05:00 PM","County","MONTGOMERY VILLAGE AVE","LAKE SHORE DR",,"N/A","PEDESTRIAN","OTHER","CLEAR","DRY","DARK LIGHTS ON","TRAFFIC SIGNAL","NONE DETECTED","NONE DETECTED","738B23EC-1063-42E7-9ABF-65C70F373FAE","PEDESTRIAN","Walking/Riding w/Traffic","NO IMPROPER ACTIONS","ON ROADWAY AT CROSSWALK","No","POSSIBLE INJURY","N/A","39.16146833","-77.201725","    (39.16146833, -77.201725)"
"DD56700009","230067477","Rockville Police Departme","Injury Crash","11/20/2023 05:03:00 PM","County","E GUDE DR","FREDERICK RD",,"N/A","PEDESTRIAN","OTHER","N/A","DRY","DARK LIGHTS ON","TRAFFIC SIGNAL","UNKNOWN","NONE DETECTED","8F58F043-5BD9-4B07-9A66-BBB933C139D7","PEDESTRIAN","Cross/Enter at Intersection","NOT VISIBLE","AT INTERSECTION MARKED CROSSWALK","Unknown","SUSPECTED MINOR INJURY","NONE","39.10663751","-77.15834574","    (39.10663751, -77.15834574)"
"MCP30100090","230067365","Montgomery County Police","Injury Crash","11/20/2023 09:50:00 AM","County","WOODGLEN DR","NICHOLSON LA",,"N/A","MACHINE OPERATOR/RIDER","STRAIGHT MOVEMENT ANGLE","CLOUDY","DRY","DAYLIGHT","NO CONTROLS","N/A","N/A","E8D3EF99-D18D-4F49-AF92-101B2017F1FA","MACHINE OPERATOR/RIDER","Cross/Enter at Intersection","NO IMPROPER ACTIONS","ON ROADWAY AT CROSSWALK","No","SUSPECTED MINOR INJURY","MC/BIKE HELMET","39.045225","-77.11219333","    (39.045225, -77.11219333)"
"DM8492001H","230067301","Takoma Park Police Depart","Injury Crash","11/19/2023 09:01:00 PM","Maryland (State)","ETHAN ALLEN AVE","JACKSON AVE",,"TAKOMA PARK","PEDESTRIAN","SINGLE VEHICLE","CLEAR","DRY","DARK LIGHTS ON","STOP SIGN","N/A","N/A","E03EE11B-0141-4D9D-B43B-195736441DD9","PEDESTRIAN","Cross/Enter at Intersection","N/A","ON ROADWAY AT CROSSWALK","No","POSSIBLE INJURY","NONE","38.97797936","-77.00163372","    (38.97797936, -77.00163372)"
"MCP3170003M","230067257","Montgomery County Police","Property Damage Crash","11/19/2023 03:47:00 PM","County","FATHER HURLEY BLVD","CRYSTAL ROCK DR",,"N/A","BICYCLIST","OTHER","CLEAR","DRY","DAYLIGHT","TRAFFIC SIGNAL","NONE DETECTED","NONE DETECTED","E8F3C4C3-4392-4A95-B9F9-F151F22F3432","BICYCLIST","Cross/Enter at Intersection","FAILURE TO OBEY TRAFFIC SIGNS SIGNALS OR OFFICER","ON ROADWAY AT CROSSWALK","Yes","NO APPARENT INJURY","MC/BIKE HELMET","39.19332667","-77.27050823","    (39.19332667, -77.27050823)"
"MCP2608005D","230067146","Montgomery County Police","Injury Crash","11/18/2023 07:14:00 PM","Maryland (State)","PINEY BRANCH RD","FLOWER AVE",,"N/A","PEDESTRIAN","OTHER","CLEAR","DRY","DARK LIGHTS ON","NO CONTROLS","NONE DETECTED","ALCOHOL PRESENT","99682F4C-29D2-4B70-8D9D-DEA679255D26","PEDESTRIAN","Cross/Enter not at Intersection","NO IMPROPER ACTIONS","ON ROADWAY NOT AT CROSSWALK","Yes","POSSIBLE INJURY","N/A","38.99802893","-77.00402656","    (38.99802893, -77.00402656)"