"Report Number","Local Case Number","Agency Name","ACRS Report Type","Crash Date/Time","Route Type","Road Name","Cross-Street Name","Off-Road Description","Municipality","Related Non-Motorist","Collision Type","Weather","Surface Condition","Light","Traffic Control","Driver Substance Abuse","Non-Motorist Substance Abuse","Person ID","Pedestrian Type","Pedestrian Movement","Pedestrian Actions","Pedestrian Location","At Fault","Injury Severity","Safety Equipment","Latitude","Longitude","Location"
"MCP3255004V","230033617","Montgomery County Police","Injury Crash","07/14/2023 05:32:00 PM","Municipality","WASHINGTONIAN BLVD","ENT. TO WASHINGTONIAN CENTER",,"N/A","PEDESTRIAN","SINGLE VEHICLE","RAINING","WET","DAYLIGHT","STOP SIGN","N/A","N/A","7BC11752-5A89-48DE-8A14-5B1B2D028054","PEDESTRIAN","Cross/Enter at Intersection","NO IMPROPER ACTIONS","ON ROADWAY AT CROSSWALK","No","SUSPECTED MINOR INJURY","N/A","39.11871562","-77.20252175","    (39.11871562, -77.20252175)"
"MCP3255004V","230033617","Montgomery County Police","Injury Crash","07/14/2023 05:32:00 PM","Municipality","WASHINGTONIAN BLVD","ENT. TO WASHINGTONIAN CENTER",,"N/A","PEDESTRIAN","SINGLE VEHICLE","RAINING","WET","DAYLIGHT","STOP SIGN","N/A","N/A","FAE81B70-1CAA-4CA2-9031-5C3F1CD55B57","PEDESTRIAN","Cross/Enter at Intersection","NO IMPROPER ACTIONS","ON ROADWAY AT CROSSWALK","No","SUSPECTED MINOR INJURY","N/A","39.11871562","-77.20252175","    (39.11871562, -77.20252175)"
"MCP3230004J","230033597","Montgomery County Police","Injury Crash","07/14/2023 04:50:00 PM","County","ASPEN HILL RD","PARKLAND DR",,"N/A","OTHER","OTHER","CLEAR","DRY","DAYLIGHT","TRAFFIC SIGNAL","NONE DETECTED","NONE DETECTED","B7AFD0CB-A221-4B5A-B1AA-F1E09E2D05AD","OTHER","Cross/Enter at Intersection","UNKNOWN","ON ROADWAY NOT AT CROSSWALK","Unknown","SUSPECTED MINOR INJURY","NONE","39.07909683","-77.08717517","    (39.07909683, -77.08717517)"
"MCP30630048","230033523","Montgomery County Police","Property Damage Crash","07/14/2023 09:53:00 AM","Maryland (State)","COLESVILLE RD","GEORGIA AVE",,"N/A","OTHER","N/A","CLEAR","DRY","DAYLIGHT","TRAFFIC SIGNAL","UNKNOWN","NONE DETECTED","3F1932EE-B09E-4563-847F-4AC083B4B5C4","OTHER","Cross/Enter at Intersection","NO IMPROPER ACTIONS","AT INTERSECTION MARKED CROSSWALK","No","NO APPARENT INJURY","NONE","38.99628671","-77.02810809","    (38.99628671, -77.02810809)"
"DD56100084","230033390","Rockville Police Departme","Injury Crash","07/13/2023 03:29:00 PM",,,,"403 REDLAND BLVD PARKING LOT OF (SAFEWAY)",,"PEDESTRIAN","OTHER","CLEAR",,"DAYLIGHT","NO CONTROLS","N/A","N/A","E37F230B-8ADF-42ED-9462-C1DDB3FB350A","PEDESTRIAN","Other","UNKNOWN","DRIVEWAY ACCESS MARKED CROSSWALK","No","POSSIBLE INJURY","N/A","39.11302717","-77.1727655","    (39.11302717, -77.1727655)"
"EJ7858007W","23003339","Gaithersburg Police Depar","Injury Crash","07/13/2023 10:35:00 AM","Maryland (State)","FREDERICK RD","WATKINS MILL RD",,"N/A","BICYCLIST","SINGLE VEHICLE","CLEAR","DRY","DAYLIGHT","STOP SIGN","UNKNOWN","NONE DETECTED","025FAB54-6097-4D3B-925B-4B2587534FD2","BICYCLIST","Walking/Riding w/Traffic","N/A","ON ROADWAY NOT AT CROSSWALK","No","POSSIBLE INJURY","MC/BIKE HELMET","39.15697668","-77.22112836","    (39.15697668, -77.22112836)"
"MCP2871008X","230033269","Montgomery County Police","Property Damage Crash","07/12/2023 06:41:00 PM","Maryland (State)","OLD GEORGETOWN RD","ENT TO BUSINESS",,"N/A","BICYCLIST","STRAIGHT MOVEMENT ANGLE","CLEAR","DRY","DAYLIGHT","NO CONTROLS","NONE DETECTED","NONE DETECTED","1600DC16-525D-44EA-BB7A-F4B92D74220D","BICYCLIST","Walking/Riding w/Traffic","NO IMPROPER ACTIONS","IN BIKEWAY","No","NO APPARENT INJURY","MC/BIKE HELMET","39.02557833","-77.12565","    (39.02557833, -77.12565)"
"MCP33470010","230033242","Montgomery County Police","Injury Crash","07/12/2023 04:12:00 PM","County","SHAFTSBURY ST","HAMPDEN ST",,"N/A","PEDESTRIAN","SINGLE VEHICLE","CLEAR","DRY","DAYLIGHT","NO CONTROLS",,"NONE DETECTED","66BA28F9-3848-4A8A-BB97-CDF78B4E9B18","PEDESTRIAN","Getting off/on Vehicle","ENTERING EXITING PARKED STANDING VEHICLE","SHOULDER","Yes","SUSPECTED MINOR INJURY","NONE","39.03144512","-77.07771183","    (39.03144512, -77.07771183)"
"MCP21810054","230032948","Montgomery County Police","Fatal Crash","07/11/2023 05:10:00 AM","Municipality","PICCARD DR","REDLAND BLVD",,"ROCKVILLE","PEDESTRIAN","OTHER","CLEAR","DRY","DARK LIGHTS ON","NO CONTROLS","N/A","ALCOHOL PRESENT","B52FEDB6-12D1-4FEF-B0C8-D6ADF2C1BCD5","PEDESTRIAN","Other","OTHER","ON ROADWAY NOT AT CROSSWALK","Yes","FATAL INJURY","NONE","39.107295","-77.18047333","    (39.107295, -77.18047333)"
"MCP3126004N","230032900","Montgomery County Police","Injury Crash","07/10/2023 07:15:00 PM","County","WEST OLD BALTIMORE RD","FREDERICK RD",,"N/A","PEDESTRIAN","OTHER","CLEAR","DRY","DAYLIGHT","TRAFFIC SIGNAL","NONE DETECTED","NONE DETECTED","DD985A25-D9D9-41D9-AF24-C54A20369898","PEDESTRIAN","Cross/Enter at Intersection","IN ROADWAY IMPROPERLY","MEDIAN","Yes","SUSPECTED MINOR INJURY","NONE","39.21552826","-77.2530279","    (39.21552826, -77.2530279)"
"MCP3123005V","230032844","Montgomery County Police","Injury Crash","07/10/2023 02:59:00 PM","Maryland (State)","METRO ACCESS RD","RAMP 7 FR MD 200 WB TO MD 200A SB (BACK)",,"N/A","BICYCLIST","STRAIGHT MOVEMENT ANGLE","CLEAR","DRY","DAYLIGHT","TRAFFIC SIGNAL","N/A","N/A","DD002BC1-C9AD-4994-A5A0-7CE9FDA7DC75","BICYCLIST","Cross/Enter at Intersection","DART DASH","ON ROADWAY AT CROSSWALK","Yes","SUSPECTED MINOR INJURY","NONE","39.1215332","-77.16107857","    (39.1215332, -77.16107857)"
"MCP1213007Y","230032407","Montgomery County Police","Injury Crash","07/07/2023 04:45:00 PM","County","CRYSTAL LA","MIDDLEVALE LA",,"N/A","PEDESTRIAN","STRAIGHT MOVEMENT ANGLE","CLEAR","DRY","DAYLIGHT","STOP SIGN","NONE DETECTED","NONE DETECTED","84C41B1E-58E6-4990-BCBF-A338E175D679","PEDESTRIAN","Cross/Enter at Intersection","NO IMPROPER ACTIONS","AT INTERSECTION BUT NO CROSSWALK","No","SUSPECTED MINOR INJURY","NONE","39.07833333","-77.040145","    (39.07833333, -77.040145)"
"MCP1213007Y","230032407","Montgomery County Police","Injury Crash","07/07/2023 04:45:00 PM","County","CRYSTAL LA","MIDDLEVALE LA",,"N/A","PEDESTRIAN","STRAIGHT MOVEMENT ANGLE","CLEAR","DRY","DAYLIGHT","STOP SIGN","NONE DETECTED","NONE DETECTED","EF18707F-CBCB-4F53-AC95-8A230B58A91C","PEDESTRIAN","Cross/Enter at Intersection","NO IMPROPER ACTIONS","AT INTERSECTION BUT NO CROSSWALK","No","SUSPECTED MINOR INJURY","NONE","39.07833333","-77.040145","    (39.07833333, -77.040145)"
"EJ78850035","230032394","Gaithersburg Police Depar","Injury Crash","07/07/2023 02:55:00 PM",,,,"PARKING LOT OF 880 RUSSELL AVE",,"PEDESTRIAN","N/A","CLEAR",,"DAYLIGHT","NO CONTROLS","NONE DETECTED","NONE DETECTED","5FB966A6-5440-4489-BF8F-2D88032C8063","PEDESTRIAN","Other","NO IMPROPER ACTIONS","OTHER","No","POSSIBLE INJURY","N/A","39.1563985","-77.21339017","    (39.1563985, -77.21339017)"
"DD56490037","230032266","Rockville Police Departme","Injury Crash","07/06/2023 06:38:00 PM","Municipality","HALPINE RD","E JEFFERSON ST",,"ROCKVILLE","PEDESTRIAN","OTHER","N/A","DRY","DAYLIGHT","TRAFFIC SIGNAL","N/A","N/A","E41DEF8E-C0E2-4D82-A313-78F52358D659","PEDESTRIAN","Cross/Enter at Intersection","NO IMPROPER ACTIONS","ON ROADWAY AT CROSSWALK","No","SUSPECTED MINOR INJURY","N/A","39.0612988","-77.12503017","    (39.0612988, -77.12503017)"
"MCP3374000Y","230032202","Montgomery County Police","Injury Crash","07/06/2023 02:15:00 PM",,,,"PARKING LOT EXIT BEHIND RESTARAUNTS ON THE HILLS PLAZA AND WILLARD AVE",,"PEDESTRIAN","HEAD ON","CLEAR",,"DAYLIGHT","NO CONTROLS","NONE DETECTED","NONE DETECTED","67A254D2-BFCB-4506-AC2B-EF8028B97473","PEDESTRIAN","Walking/Cycling on Sidewalk","NO IMPROPER ACTIONS","SIDEWALK","No","SUSPECTED MINOR INJURY","NONE","38.96197167","-77.08794167","    (38.96197167, -77.08794167)"
"MCP2941004M","230032171","Montgomery County Police","Injury Crash","07/06/2023 10:33:00 AM","County","LINDBERGH DR","WOODFIELD RD",,"N/A","PEDESTRIAN","OTHER","CLEAR","DRY","DAYLIGHT","TRAFFIC SIGNAL","NONE DETECTED","NONE DETECTED","0CFDBFA4-9DF7-4824-83C7-B41408B7569A","PEDESTRIAN","Cross/Enter at Intersection","N/A","ON ROADWAY AT CROSSWALK","No","SUSPECTED MINOR INJURY","NONE","39.16419167","-77.15709","    (39.16419167, -77.15709)"
"DM8514000Q","230031975","Takoma Park Police Depart","Injury Crash","07/06/2023 07:50:00 AM",,,,"PERSONAL INJURY COLLISION IN PARKING LOT OF SUNOCO 6907 NEW HAMPSHIRE AVENUE, TAKOMA PARK, MARYLAND",,"BICYCLIST","HEAD ON LEFT TURN","N/A",,"DAYLIGHT","NO CONTROLS","N/A","NONE DETECTED","4DBD5749-05F5-4DC7-A72F-960485B77B23","BICYCLIST","Cross/Enter not at Intersection","NO IMPROPER ACTIONS","OTHER","No","SUSPECTED SERIOUS INJURY","NONE","38.97587195","-76.99325355","    (38.97587195, -76.99325355)"
"MCP33620018","230032001","Montgomery County Police","Injury Crash","07/05/2023 10:39:00 AM",,,,"PARKING LOT OF 11120 NEW HAMPSHIRE AVE.",,"PEDESTRIAN","STRAIGHT MOVEMENT ANGLE","CLEAR",,"DAYLIGHT","NO CONTROLS","NONE DETECTED","NONE DETECTED","5BA9DBDB-1455-4010-9C4D-BDAAA7F3A84E","PEDESTRIAN","Cross/Enter not at Intersection","NO IMPROPER ACTIONS","DRIVEWAY ACCESS MARKED CROSSWALK","No","SUSPECTED MINOR INJURY","NONE","39.037575","-76.990425","    (39.037575, -76.990425)"
"MCP3341001T","230031983","Montgomery County Police","Injury Crash","07/05/2023 08:40:00 AM","Maryland (State)","LAYHILL RD","ENT TO METRO STORAGE YARD",,"N/A","PEDESTRIAN","OTHER","CLEAR","DRY","DAYLIGHT","STOP SIGN","N/A","N/A","A84F2412-76C7-46C5-8CF1-BDDD1ABABA44","PEDESTRIAN","Walking/Cycling on Sidewalk","NO IMPROPER ACTIONS","ON ROADWAY AT CROSSWALK","No","SUSPECTED MINOR INJURY","NONE","39.06552667","-77.04827583","    (39.06552667, -77.04827583)"
"MCP2339008G","230031927","Montgomery County Police","Injury Crash","07/04/2023 04:00:00 PM","Municipality","TWINBROOK PKWY","CHAPMAN AVE",,"ROCKVILLE","BICYCLIST","ANGLE MEETS RIGHT TURN","CLEAR","DRY","DAYLIGHT","TRAFFIC SIGNAL","NONE DETECTED","NONE DETECTED","BA461D28-C0DA-4E7A-9D89-737DBD7E39B0","BICYCLIST","Cross/Enter at Intersection","UNKNOWN","ON ROADWAY AT CROSSWALK","Unknown","POSSIBLE INJURY","UNKNOWN","39.05881239","-77.11896131","    (39.05881239, -77.11896131)"
"MCP2072006T","230031679","Montgomery County Police","Injury Crash","07/03/2023 10:48:00 AM","County","GUNNERS BRANCH RD","FREDERICK RD",,"N/A","PEDESTRIAN","OTHER","CLEAR","DRY","DAYLIGHT","TRAFFIC SIGNAL","NONE DETECTED","NONE DETECTED","7B059868-0FFD-41EE-A474-CA1FC9E42BA1","PEDESTRIAN","Cross/Enter at Intersection","NO IMPROPER ACTIONS","AT INTERSECTION MARKED CROSSWALK","No","SUSPECTED SERIOUS INJURY","N/A","39.18110333","-77.23837333","    (39.18110333, -77.23837333)"
"MCP2348006J","230031638","Montgomery County Police","Fatal Crash","07/03/2023 12:00:00 AM","Maryland (State)","NEW HAMPSHIRE AVE","SLIGO CREEK PKWY",,"N/A","PEDESTRIAN","SINGLE VEHICLE","CLEAR","DRY","DARK LIGHTS ON","N/A","ALCOHOL PRESENT","NONE DETECTED","805F51DF-272F-47D0-A509-AFC7E05B8594","PEDESTRIAN","Other","NO IMPROPER ACTIONS","OTHER","No","FATAL INJURY","N/A","38.98109532","-76.98930911","    (38.98109532, -76.98930911)"
"MCP3291001K","230031634","Montgomery County Police","Injury Crash","07/03/2023 12:00:00 AM",,,,"IN ALLEY WAY BETWEEN MAYOR LANE AND FENTON STREET",,"PEDESTRIAN","SINGLE VEHICLE","CLEAR",,"DARK LIGHTS ON","NO CONTROLS","UNKNOWN","ALCOHOL PRESENT","47D6573B-4580-41B8-B9A3-FEC55DDDDDB3","PEDESTRIAN","Walking/Riding w/Traffic","UNKNOWN","OTHER","Yes","POSSIBLE INJURY","N/A","38.99169667","-77.02491833","    (38.99169667, -77.02491833)"
"MCP3193004N","230031612","Montgomery County Police","Property Damage Crash","07/02/2023 07:20:00 PM","Maryland (State)","UNIVERSITY BLVD W","AMHERST AVE",,"N/A","BICYCLIST","OTHER","CLEAR","DRY","DAYLIGHT","NO CONTROLS","NONE DETECTED","NONE DETECTED","49C06472-24B2-4959-A297-B7A54C09FDDA","BICYCLIST","Walking/Cycling on Sidewalk","N/A","SIDEWALK","No","NO APPARENT INJURY","NONE","39.04115333","-77.04706333","    (39.04115333, -77.04706333)"
"MCP2592002W","230031578","Montgomery County Police","Injury Crash","07/02/2023 02:18:00 PM",,,,"PARKING LOT OF 9701 FIELDS ROAD (WASHINGTONIAN TOWERS)",,"PEDESTRIAN","SINGLE VEHICLE","CLEAR",,"DAYLIGHT","NO CONTROLS",,"ALCOHOL PRESENT","94FBCC3B-35CF-4A2C-9719-2A147AFC3004","PEDESTRIAN","Other","NO IMPROPER ACTIONS","OTHER","Unknown","SUSPECTED SERIOUS INJURY","NONE","39.11520892","-77.19959934","    (39.11520892, -77.19959934)"
"MCP30370055","230031471","Montgomery County Police","Injury Crash","07/01/2023 05:17:00 PM","County","WAYFARER RD","WATKINS MEADOW DR",,"N/A","PEDESTRIAN","OTHER","CLEAR","DRY","DAYLIGHT","NO CONTROLS","NONE DETECTED","NONE DETECTED","5286716A-6302-4178-8A9E-E5C4B2321BF3","PEDESTRIAN","Walking/Riding w/Traffic","NO IMPROPER ACTIONS","ON ROADWAY NOT AT CROSSWALK","No","SUSPECTED MINOR INJURY","NONE","39.19534443","-77.22423398","    (39.19534443, -77.22423398)"
"MCP3196003R","230030996","Montgomery County Police","Injury Crash","06/28/2023 10:28:00 PM",,,,"IN FRONT OF 12935 PICKERING DR, GERMANTOWN, MARYLAND",,"PEDESTRIAN","SINGLE VEHICLE","N/A",,"UNKNOWN","N/A","NONE DETECTED","NONE DETECTED","66A6452A-CD8C-4C89-B2E5-92F4C780EE0F","PEDESTRIAN","Standing","N/A","N/A","No","SUSPECTED MINOR INJURY","N/A","39.18700149","-77.26906354","    (39.18700149, -77.26906354)"
"MCP295200DT","230030880","Montgomery County Police","Injury Crash","06/28/2023 10:47:00 AM","Maryland (State)","EAST WEST HWY","COLESVILLE RD",,"N/A","PEDESTRIAN","SINGLE VEHICLE","CLOUDY","DRY","DAYLIGHT","TRAFFIC SIGNAL","NONE DETECTED","NONE DETECTED","3DA635D7-64A5-4873-85D4-51E41A1E884C","PEDESTRIAN","Cross/Enter at Intersection","NO IMPROPER ACTIONS","ON ROADWAY AT CROSSWALK","No","POSSIBLE INJURY","N/A","38.99377984","-77.03230618","    (38.99377984, -77.03230618)"
"MCP3068004W","230030764","Montgomery County Police","Injury Crash","06/27/2023 04:00:00 PM","Maryland (State)","WISCONSIN AVE","MONTGOMERY AVE",,"N/A","PEDESTRIAN","HEAD ON LEFT TURN","RAINING","WET","DAYLIGHT","TRAFFIC SIGNAL","N/A","N/A","F851298A-DB4B-4318-B3F2-57AFE6105407","PEDESTRIAN","Cross/Enter at Intersection","NO IMPROPER ACTIONS","ON ROADWAY AT CROSSWALK","No","SUSPECTED MINOR INJURY","NONE","38.98400983","-77.0940415","    (38.98400983, -77.0940415)"
"DD5643002V","230030322","Rockville Police Departme","Injury Crash","06/24/2023 10:50:00 PM","Municipality","MONROE ST","E JEFFERSON ST",,"N/A","OTHER, PEDESTRIAN","OTHER","CLEAR","DRY","DARK LIGHTS ON","TRAFFIC SIGNAL","NONE DETECTED","UNKNOWN","AC61CBD1-47DE-464C-AA34-3E7FEE83AA50","PEDESTRIAN","Cross/Enter at Intersection","DART DASH","OUTSIDE RIGHT OF WAY","Yes","SUSPECTED MINOR INJURY","N/A","39.08198033","-77.14913469","    (39.08198033, -77.14913469)"
"DD5643002V","230030322","Rockville Police Departme","Injury Crash","06/24/2023 10:50:00 PM","Municipality","MONROE ST","E JEFFERSON ST",,"N/A","OTHER, PEDESTRIAN","OTHER","CLEAR","DRY","DARK LIGHTS ON","TRAFFIC SIGNAL","NONE DETECTED","N/A","A2AB0E6C-AD55-49E1-A114-1B86B5285AC8","OTHER","N/A","N/A","N/A","No","NO APPARENT INJURY","N/A","39.08198033","-77.14913469","    (39.08198033, -77.14913469)"
"MCP9365001V","230030221","Montgomery County Police","Injury Crash","06/24/2023 12:39:00 PM","Maryland (State)","SANDY SPRING RD","DINO DR",,"N/A","BICYCLIST","SAME DIR REAR END","CLEAR","DRY","DAYLIGHT","N/A","NONE DETECTED","NONE DETECTED","330520E8-58AB-4FA9-A7C9-BBCAB80F8496","BICYCLIST","Walking/Riding w/Traffic","INATTENTIVE","OTHER","Yes","SUSPECTED SERIOUS INJURY","MC/BIKE HELMET","39.10888866","-76.92287007","    (39.10888866, -76.92287007)"
"MCP31840033","230030165","Montgomery County Police","Injury Crash","06/24/2023 12:03:00 AM","County","LOCKWOOD DR","OAK LEAF DR",,"N/A","PEDESTRIAN","OTHER","CLOUDY","WET","DARK LIGHTS ON","N/A","NONE DETECTED","NONE DETECTED","23669820-64A4-4D3E-90BF-767850F10E13","PEDESTRIAN","Cross/Enter at Intersection","NO IMPROPER ACTIONS","ON ROADWAY AT CROSSWALK","No","POSSIBLE INJURY","NONE","39.03805167","-76.99459333","    (39.03805167, -76.99459333)"
"MCP2799007B","230030144","Montgomery County Police","Injury Crash","06/23/2023 08:57:00 PM","US (State)","GEORGIA AVE","ELLSWORTH DR",,"N/A","PEDESTRIAN","SINGLE VEHICLE","CLEAR","DRY","DARK LIGHTS ON","TRAFFIC SIGNAL","NONE DETECTED","NONE DETECTED","820EF735-DFB4-4E7D-A630-B8A32E10B085","PEDESTRIAN","Cross/Enter at Intersection","NO IMPROPER ACTIONS","SIDEWALK","No","SUSPECTED MINOR INJURY","NONE","38.99544195","-77.02726407","    (38.99544195, -77.02726407)"
"DD5660000D","230030125","Rockville Police Departme","Injury Crash","06/23/2023 06:05:00 PM","Maryland (State)","FREDERICK RD","KING FARM BLVD",,"ROCKVILLE","PEDESTRIAN","N/A","RAINING","WET","DAYLIGHT","TRAFFIC SIGNAL","N/A","N/A","8ECB0882-7B97-49DF-A7F4-7847C43D34A0","PEDESTRIAN","Cross/Enter at Intersection","NO IMPROPER ACTIONS","ON ROADWAY AT CROSSWALK","No","POSSIBLE INJURY","N/A","39.11705325","-77.16883654","    (39.11705325, -77.16883654)"
"DD55200022","230029906","Rockville Police Departme","Injury Crash","06/22/2023 10:05:00 AM","Maryland (State)","ROCKVILLE PIKE","ENT TO WOODMONT COUNTRY CLUB",,"N/A","PEDESTRIAN","OTHER","RAINING","WET","DAYLIGHT","TRAFFIC SIGNAL","NONE DETECTED","NONE DETECTED","A2789456-1761-430F-841B-ABC4DF4EDD3A","PEDESTRIAN","Cross/Enter at Intersection","DART DASH","ON ROADWAY AT CROSSWALK","Yes","POSSIBLE INJURY","NONE","39.06943262","-77.13072958","    (39.06943262, -77.13072958)"
"MCP3089003W","230029744","Montgomery County Police","Injury Crash","06/21/2023 10:26:00 AM","US (State)","COLESVILLE RD","SPRING ST",,"N/A","PEDESTRIAN","OTHER","RAINING","WET","DAYLIGHT","TRAFFIC SIGNAL","N/A","ALCOHOL PRESENT","3A4728FF-B1FB-4176-B056-521210D254E4","PEDESTRIAN","N/A","IN ROADWAY IMPROPERLY","OUTSIDE RIGHT OF WAY","Yes","POSSIBLE INJURY","N/A","38.99962833","-77.02592833","    (38.99962833, -77.02592833)"
"DM8499001T","230029580","Takoma Park Police Depart","Injury Crash","06/20/2023 01:18:00 PM","Maryland (State)","NEW HAMPSHIRE AVE","HOLTON LA",,"TAKOMA PARK","PEDESTRIAN","OTHER","CLEAR","DRY","DAYLIGHT","TRAFFIC SIGNAL","NONE DETECTED","NONE DETECTED","4FE77F69-7B28-4BF5-9A11-94B6AE767239","PEDESTRIAN","Cross/Enter at Intersection","NO IMPROPER ACTIONS","ON ROADWAY AT CROSSWALK","No","POSSIBLE INJURY","NONE","38.98590513","-76.98808884","    (38.98590513, -76.98808884)"
"MCP3077001V","230029518","Montgomery County Police","Injury Crash","06/20/2023 04:44:00 AM","Maryland (State)","FREDERICK RD","GUNNERS BRANCH RD",,"N/A","PEDESTRIAN","SINGLE VEHICLE","CLEAR","DRY","DARK LIGHTS ON","FLASHING TRAFFIC SIGNAL","N/A","N/A","7256CB4F-0F42-4D46-AE02-2CFC388B3635","PEDESTRIAN","Cross/Enter not at Intersection","IN ROADWAY IMPROPERLY","ON ROADWAY NOT AT CROSSWALK","Yes","SUSPECTED MINOR INJURY","NONE","39.17832267","-77.23839742","    (39.17832267, -77.23839742)"
"MCP2853008R","230029489","Montgomery County Police","Injury Crash","06/19/2023 08:15:00 PM","County","NORTHAMPTON DR","BEACON RD",,"N/A","PEDESTRIAN","OTHER","CLEAR","DRY","DUSK","NO CONTROLS","N/A","N/A","0A451F72-DCA2-47AC-AB55-F4DC6830B3D9","PEDESTRIAN","Other","INATTENTIVE","ON ROADWAY NOT AT CROSSWALK","Yes","POSSIBLE INJURY","N/A","39.00839654","-76.98531459","    (39.00839654, -76.98531459)"
"MCP1378014Q","230029454","Montgomery County Police","Injury Crash","06/19/2023 04:17:00 PM","County","ARROWHEAD RD","MONTGOMERY VILLAGE AVE",,"N/A","PEDESTRIAN","SINGLE VEHICLE","CLOUDY","DRY","DAYLIGHT","NO CONTROLS","NONE DETECTED","NONE DETECTED","AA183F4B-DEE3-4B7D-BEA3-5CF7B546BA9F","PEDESTRIAN","Cross/Enter not at Intersection","IN ROADWAY IMPROPERLY","ON ROADWAY NOT AT CROSSWALK","Yes","SUSPECTED SERIOUS INJURY","NONE","39.1876465","-77.196827","    (39.1876465, -77.196827)"
"DD56480023","230029386","Rockville Police Departme","Property Damage Crash","06/19/2023 10:00:00 AM",,,,"PARKING LOT OF 1488 ROCKVILLE PIKE",,"BICYCLIST","OTHER","CLEAR",,"DAYLIGHT","NO CONTROLS","NONE DETECTED","NONE DETECTED","3E3A6E4E-05AA-4359-81BB-73C7C56ECBA6","BICYCLIST","Walking/Cycling on Sidewalk","NO IMPROPER ACTIONS","SIDEWALK","No","NO APPARENT INJURY","NONE","39.06584092","-77.12715937","    (39.06584092, -77.12715937)"
"MCP33280023","230029324","Montgomery County Police","Property Damage Crash","06/18/2023 06:50:00 PM","Maryland (State)","GEORGIA AVE","PARKER AVE",,"N/A","OTHER CONVEYANCE, PEDESTRIAN","OTHER","CLEAR","N/A","DAYLIGHT","STOP SIGN","NONE DETECTED","NONE DETECTED","33FD8401-B377-4A15-9A23-E04F26B53527","PEDESTRIAN","Cross/Enter at Intersection","NO IMPROPER ACTIONS","ON ROADWAY AT CROSSWALK","No","NO APPARENT INJURY","NONE","39.04955333","-77.05202","    (39.04955333, -77.05202)"
"MCP33280023","230029324","Montgomery County Police","Property Damage Crash","06/18/2023 06:50:00 PM","Maryland (State)","GEORGIA AVE","PARKER AVE",,"N/A","OTHER CONVEYANCE, PEDESTRIAN","OTHER","CLEAR","N/A","DAYLIGHT","STOP SIGN","NONE DETECTED","NONE DETECTED","7C0F1110-EA04-492E-9200-4F8A6C64CFC5","OTHER CONVEYANCE","Cross/Enter at Intersection","N/A","ON ROADWAY AT CROSSWALK","No","NO APPARENT INJURY","NONE","39.04955333","-77.05202","    (39.04955333, -77.05202)"
"MCP33720011","230029323","Montgomery County Police","Property Damage Crash","06/18/2023 06:47:00 PM","County","GRAND PRE RD","BEL PRE RD",,"N/A","BICYCLIST","SAME DIRECTION SIDESWIPE","CLEAR","DRY","DAYLIGHT","NO CONTROLS","NONE DETECTED","NONE DETECTED","50EF83C8-4581-4263-A2C9-6284C27F8700","BICYCLIST","Cross/Enter not at Intersection","IN ROADWAY IMPROPERLY","OUTSIDE RIGHT OF WAY","Yes","NO APPARENT INJURY","NONE","39.09110567","-77.076031","    (39.09110567, -77.076031)"
"MCP3348000L","230029273","Montgomery County Police","Injury Crash","06/18/2023 12:14:00 PM","County","FAIRLAND RD","TAMARACK RD",,"N/A","BICYCLIST","SAME DIR REAR END","CLEAR","DRY","DAYLIGHT","TRAFFIC SIGNAL","NONE DETECTED","NONE DETECTED","4DA6CA15-BD11-4412-AB18-69624EC9B328","BICYCLIST","Walking/Riding w/Traffic","N/A","OTHER","No","SUSPECTED SERIOUS INJURY","MC/BIKE HELMET","39.07803067","-76.9789665","    (39.07803067, -76.9789665)"
"MCP3367000S","230029210","Montgomery County Police","Injury Crash","06/17/2023 07:57:00 PM","Maryland (State)","COLESVILLE RD","WAYNE AVE",,"N/A","PEDESTRIAN","SINGLE VEHICLE","CLEAR","DRY","DAYLIGHT","N/A","N/A","N/A","4FD195E8-C932-4FE0-8D41-B8B7AE8AC0A7","PEDESTRIAN","Cross/Enter not at Intersection","IMPROPER PASSING","SHOULDER","Unknown","SUSPECTED SERIOUS INJURY","NONE","38.99433318","-77.03077607","    (38.99433318, -77.03077607)"
"MCP3347000S","230029162","Montgomery County Police","Injury Crash","06/17/2023 03:38:00 PM","Maryland (State)","MASSACHUSETTS AVE","WYNNWOOD RD",,"N/A","PEDESTRIAN","OTHER","CLEAR","DRY","DAYLIGHT","NO CONTROLS","NONE DETECTED","NONE DETECTED","21FE0951-0184-4052-A265-A99360511AB1","PEDESTRIAN","Cross/Enter at Intersection","DART DASH","AT INTERSECTION BUT NO CROSSWALK","Yes","SUSPECTED SERIOUS INJURY","NONE","38.96671672","-77.12549103","    (38.96671672, -77.12549103)"
"MCP3053006J","230028673","Montgomery County Police","Injury Crash","06/14/2023 07:25:00 PM",,,,"11160 VEIRS MILL RD PARKING LOT OF LA FITNESS",,"PEDESTRIAN","OTHER","N/A",,"DAYLIGHT","NO CONTROLS","UNKNOWN","N/A","C5436586-26D4-4224-9F74-FEC7C44C3103","PEDESTRIAN","Standing","UNKNOWN","OTHER","No","POSSIBLE INJURY","N/A","39.03608129","-77.05070976","    (39.03608129, -77.05070976)"
"MCP2231007D","230028569","Montgomery County Police","Injury Crash","06/14/2023 08:41:00 AM",,,,"PARKING LOT OF 800 N FREDERICK AVE",,"BICYCLIST","SINGLE VEHICLE","RAINING",,"DAYLIGHT","STOP SIGN","NONE DETECTED","NONE DETECTED","FCE4F501-D3FD-41BA-B9ED-1079F969FE9C","BICYCLIST","Cross/Enter at Intersection","FAILURE TO YIELD RIGHT OF WAY","ON ROADWAY NOT AT CROSSWALK","Yes","SUSPECTED MINOR INJURY","NONE","39.15624833","-77.21799833","    (39.15624833, -77.21799833)"
"MCP3312003K","230028367","Montgomery County Police","Injury Crash","06/13/2023 07:35:00 AM","County","E RANDOLPH RD","END BRIDGE",,"N/A","BICYCLIST","SINGLE VEHICLE","CLEAR","DRY","DAYLIGHT","NO CONTROLS","NONE DETECTED","NONE DETECTED","E2C9F7F9-F5E5-4E73-BD2B-1DF58911FF60","BICYCLIST","Walking/Cycling on Sidewalk","NO IMPROPER ACTIONS","AT INTERSECTION BUT NO CROSSWALK","No","SUSPECTED MINOR INJURY","MC/BIKE HELMET","39.06396833","-76.96740333","    (39.06396833, -76.96740333)"