"Report Number","Local Case Number","Agency Name","ACRS Report Type","Crash Date/Time","Route Type","Road Name","Cross-Street Name","Off-Road Description","Municipality","Related Non-Motorist","Collision Type","Weather","Surface Condition","Light","Traffic Control","Driver Substance Abuse","Non-Motorist Substance Abuse","Person ID","Pedestrian Type","Pedestrian Movement","Pedestrian Actions","Pedestrian Location","At Fault","Injury Severity","Safety Equipment","Latitude","Longitude","Location"
"MCP2598004C","230028257","Montgomery County Police","Injury Crash","06/12/2023 03:09:00 PM","County","RANDOLPH RD","GEORGIA AVE",,"N/A","PEDESTRIAN","STRAIGHT MOVEMENT ANGLE","RAINING","WET","DAYLIGHT","TRAFFIC SIGNAL","NONE DETECTED","NONE DETECTED","82440597-E387-4A8C-919F-66B887B9B32B","PEDESTRIAN","Cross/Enter at Intersection","FAILURE TO YIELD RIGHT OF WAY","AT INTERSECTION MARKED CROSSWALK","Yes","POSSIBLE INJURY","NONE","39.05843513","-77.0498156","    (39.05843513, -77.0498156)"
"MCP2598004C","230028257","Montgomery County Police","Injury Crash","06/12/2023 03:09:00 PM","County","RANDOLPH RD","GEORGIA AVE",,"N/A","PEDESTRIAN","STRAIGHT MOVEMENT ANGLE","RAINING","WET","DAYLIGHT","TRAFFIC SIGNAL","NONE DETECTED","NONE DETECTED","40D0174E-1208-4AA2-8C70-2AD62454584F","PEDESTRIAN","Cross/Enter at Intersection","FAILURE TO YIELD RIGHT OF WAY","AT INTERSECTION MARKED CROSSWALK","Yes","POSSIBLE INJURY","N/A","39.05843513","-77.0498156","    (39.05843513, -77.0498156)"
"MCP2187001J","230028783","Montgomery County Police","Injury Crash","06/12/2023 11:00:00 AM",,,,"PRIVATE PARKING LOT, 457 N FREDERICK AVE, GAITHERSBURG, MD 20877",,"PEDESTRIAN","OTHER","CLEAR",,"DAYLIGHT","NO CONTROLS","NONE DETECTED","UNKNOWN","D3B32506-B391-4C9F-BFC1-C313FFD394CB","PEDESTRIAN","Standing","NO IMPROPER ACTIONS","SIDEWALK","No","SUSPECTED MINOR INJURY","NONE","39.13853167","-77.19218333","    (39.13853167, -77.19218333)"
"MCP9386009G","230028197","Montgomery County Police","Injury Crash","06/12/2023 10:00:00 AM","County","BRUNETT AVE","UNIVERSITY BLVD W",,"N/A","PEDESTRIAN","OTHER","CLOUDY","DRY","DAYLIGHT","STOP SIGN","NONE DETECTED","NONE DETECTED","570CC2E8-C8C7-45DA-A675-3510FF2FFF67","PEDESTRIAN","Cross/Enter at Intersection","NO IMPROPER ACTIONS","ON ROADWAY AT CROSSWALK","No","POSSIBLE INJURY","N/A","39.02286","-77.01693667","    (39.02286, -77.01693667)"
"MCP2830006F","230028047","Montgomery County Police","Injury Crash","06/11/2023 09:52:00 AM","Maryland (State)","ASHTON RD","MINK HOLLOW RD",,"N/A","BICYCLIST","SAME DIR REAR END","CLEAR","DRY","DAYLIGHT","NO CONTROLS","NONE DETECTED","NONE DETECTED","2DFC9666-AC96-4A62-8296-B09BE840E025","BICYCLIST","Walking/Riding w/Traffic","UNKNOWN","SHOULDER","No","SUSPECTED SERIOUS INJURY","MC/BIKE HELMET","39.15641924","-76.99754572","    (39.15641924, -76.99754572)"
"MCP3350000M","230028012","Montgomery County Police","Injury Crash","06/11/2023 12:18:00 AM","County","CORDELL AVE","NORFOLK AVE",,"N/A","PEDESTRIAN","OTHER","CLEAR","DRY","DARK LIGHTS ON","NO CONTROLS","ALCOHOL CONTRIBUTED","NONE DETECTED","B34C180C-E004-4E52-9894-AECA299F66BF","PEDESTRIAN","Other Working","NO IMPROPER ACTIONS","ON ROADWAY NOT AT CROSSWALK","No","POSSIBLE INJURY","N/A","38.98879688","-77.09877361","    (38.98879688, -77.09877361)"
"MCP3350000M","230028012","Montgomery County Police","Injury Crash","06/11/2023 12:18:00 AM","County","CORDELL AVE","NORFOLK AVE",,"N/A","PEDESTRIAN","OTHER","CLEAR","DRY","DARK LIGHTS ON","NO CONTROLS","ALCOHOL CONTRIBUTED","NONE DETECTED","4C592FDF-5328-4532-8091-0455766CA1C7","PEDESTRIAN","Other Working","NO IMPROPER ACTIONS","ON ROADWAY NOT AT CROSSWALK","No","POSSIBLE INJURY","N/A","38.98879688","-77.09877361","    (38.98879688, -77.09877361)"
"MCP33680011","230027921","Montgomery County Police","Injury Crash","06/10/2023 01:02:00 PM","County","LONGDRAFT RD","GREAT SENECA HWY",,"N/A","OTHER","SINGLE VEHICLE","CLEAR","DRY","DAYLIGHT","TRAFFIC SIGNAL","NONE DETECTED","NONE DETECTED","5BF5870A-8D88-4912-B2AC-565CC1BE3B30","OTHER","Cross/Enter at Intersection","FAILURE TO OBEY TRAFFIC SIGNS SIGNALS OR OFFICER","AT INTERSECTION MARKED CROSSWALK","Unknown","SUSPECTED MINOR INJURY","N/A","39.13335667","-77.245572","    (39.13335667, -77.245572)"
"MCP2563001N","230027877","Montgomery County Police","Fatal Crash","06/10/2023 12:36:00 AM","Maryland (State)","UNIVERSITY BLVD E","BAYFIELD ST",,"N/A","PEDESTRIAN","SINGLE VEHICLE","CLEAR","DRY","DARK -- UNKNOWN LIGHTING","UNKNOWN","UNKNOWN","ALCOHOL PRESENT","B56F7743-0DD1-47BE-BB1F-ABE54E2BDFDB","PEDESTRIAN","Unknown","UNKNOWN","UNKNOWN","Unknown","FATAL INJURY","NONE","38.99638236","-76.99331541","    (38.99638236, -76.99331541)"
"MCP26030051","230027813","Montgomery County Police","Injury Crash","06/09/2023 04:00:00 PM",,,,"PARKING LOT OF 18568 WOODFIELD RD",,"BICYCLIST","OTHER","N/A",,"DAYLIGHT","N/A","N/A","N/A","B7B6C6AC-E47B-44A4-8557-BAC8361302D9","BICYCLIST","Other","UNKNOWN","ON ROADWAY NOT AT CROSSWALK","Unknown","POSSIBLE INJURY","MC/BIKE HELMET","39.16095542","-77.15910523","    (39.16095542, -77.15910523)"
"MCP3264003T","230027699","Montgomery County Police","Injury Crash","06/09/2023 07:45:00 AM","Maryland (State)","EAST WEST HWY","ENT TO BUSINESS",,"N/A","OTHER","OTHER","CLEAR","DRY","DAYLIGHT","NO CONTROLS","NONE DETECTED","NONE DETECTED","26F8753C-8546-4133-93E1-D9579F796C96","OTHER","Cross/Enter at Intersection","NOT VISIBLE","AT INTERSECTION BUT NO CROSSWALK","No","POSSIBLE INJURY","NONE","38.99389","-77.032615","    (38.99389, -77.032615)"
"MCP3021006J","230027571","Montgomery County Police","Injury Crash","06/08/2023 01:58:00 PM",,,,"12210 PLUM ORCHARD DR",,"PEDESTRIAN","SINGLE VEHICLE","CLEAR",,"DAYLIGHT","NO CONTROLS","NONE DETECTED","NONE DETECTED","0242EF3A-0F09-47D1-9AB4-B3CF7F99C83E","PEDESTRIAN","Cross/Enter not at Intersection","DART DASH","OTHER","Yes","SUSPECTED MINOR INJURY","NONE","39.05798167","-76.95751667","    (39.05798167, -76.95751667)"
"MCP913000G1","230027282","Montgomery County Police","Injury Crash","06/07/2023 08:46:00 AM","County","MT PISGAH RD","OAKVIEW DR",,"N/A","PEDESTRIAN","SINGLE VEHICLE","CLOUDY","DRY","DAYLIGHT","NO CONTROLS","NONE DETECTED","NONE DETECTED","34AC1F1F-0B53-4965-BA10-AF370CC77242","PEDESTRIAN","Cross/Enter not at Intersection","INATTENTIVE","ON ROADWAY NOT AT CROSSWALK","Yes","POSSIBLE INJURY","NONE","39.01530833","-76.97674317","    (39.01530833, -76.97674317)"
"MCP2707002V","230027115","Montgomery County Police","Injury Crash","06/06/2023 10:35:00 AM","Municipality","MAIN ST","KENTLANDS BLVD",,"GAITHERSBURG","PEDESTRIAN","STRAIGHT MOVEMENT ANGLE","CLEAR","DRY","DAYLIGHT","YIELD SIGN","NONE DETECTED","NONE DETECTED","01EE8413-2417-4288-8D97-6B87874AD95E","PEDESTRIAN","Cross/Enter at Intersection","DART DASH","ON ROADWAY AT CROSSWALK","Yes","POSSIBLE INJURY","NONE","39.123255","-77.23887333","    (39.123255, -77.23887333)"
"MCP23110071","230027025","Montgomery County Police","Injury Crash","06/05/2023 04:38:00 PM","County","GREENTREE RD","BRADMOOR DR",,"N/A","PEDESTRIAN","HEAD ON","CLEAR","DRY","DAYLIGHT","NO CONTROLS","NONE DETECTED","NONE DETECTED","0E09DC0E-F908-4226-A00E-363302A29B8C","PEDESTRIAN","Cross/Enter at Intersection","DART DASH","AT INTERSECTION BUT NO CROSSWALK","Yes","POSSIBLE INJURY","NONE","39.00093833","-77.12096167","    (39.00093833, -77.12096167)"
"MCP30940031","230027004","Montgomery County Police","Injury Crash","06/05/2023 03:56:00 PM","County","WHETSTONE DR","MONTGOMERY VILLAGE AVE",,"N/A","PEDESTRIAN","OTHER","N/A","DRY","DAYLIGHT","STOP SIGN","NONE DETECTED","NONE DETECTED","2CFF8B81-70DC-41A0-88A6-B87DEDB8FDBD","PEDESTRIAN","Cross/Enter at Intersection","FAILURE TO YIELD RIGHT OF WAY","CURB","Yes","POSSIBLE INJURY","NONE","39.17101","-77.20410333","    (39.17101, -77.20410333)"
"MCP3230004C","230027000","Montgomery County Police","Injury Crash","06/05/2023 03:30:00 PM","County","RANDOLPH RD","BLUHILL RD",,"N/A","PEDESTRIAN","SINGLE VEHICLE","CLEAR","DRY","DAYLIGHT","OTHER","NONE DETECTED","NONE DETECTED","8F74F4FE-2413-4AE5-AA96-9B24C131F002","PEDESTRIAN","Cross/Enter at Intersection","NO IMPROPER ACTIONS","AT INTERSECTION MARKED CROSSWALK","No","SUSPECTED MINOR INJURY","N/A","39.05888235","-77.06506375","    (39.05888235, -77.06506375)"
"DD559500DG","230026985","Rockville Police Departme","Injury Crash","06/05/2023 02:38:00 PM","Maryland (State)","ROCKVILLE PIKE","W EDMONSTON DR",,"ROCKVILLE","OTHER PEDALCYCLIST","OTHER","CLEAR","DRY","DAYLIGHT","TRAFFIC SIGNAL","NONE DETECTED","NONE DETECTED","E68E02A8-EC32-4A0A-893F-A4E688C4E8EB","OTHER PEDALCYCLIST","Cross/Enter at Intersection","NO IMPROPER ACTIONS","AT INTERSECTION MARKED CROSSWALK","No","SUSPECTED MINOR INJURY","NONE","39.07437833","-77.1358035","    (39.07437833, -77.1358035)"
"MCP3200008G","230026910","Montgomery County Police","Property Damage Crash","06/05/2023 08:10:00 AM","County","WHITTIER BLVD","ORCHID DR",,"N/A","BICYCLIST","OTHER","CLEAR","DRY","DAYLIGHT","NO CONTROLS","NONE DETECTED","NONE DETECTED","55C36E29-2F11-4244-BDC3-AA7A86FAEACD","BICYCLIST","Cross/Enter not at Intersection","IN ROADWAY IMPROPERLY","ON ROADWAY NOT AT CROSSWALK","Yes","NO APPARENT INJURY","NONE","38.98487683","-77.12656883","    (38.98487683, -77.12656883)"
"MCP12100061","230026845","Montgomery County Police","Injury Crash","06/04/2023 05:19:00 PM","Municipality","E DIAMOND AVE","N SUMMIT AVE",,"GAITHERSBURG","PEDESTRIAN","OTHER","CLEAR","DRY","DAYLIGHT","NO CONTROLS","NONE DETECTED","UNKNOWN","EA038A69-5947-4319-9A6F-641A1702CF85","PEDESTRIAN","Cross/Enter not at Intersection","DART DASH","ON ROADWAY NOT AT CROSSWALK","Yes","SUSPECTED SERIOUS INJURY","NONE","39.14215623","-77.19398908","    (39.14215623, -77.19398908)"
"DD56680006","230026656","Rockville Police Departme","Property Damage Crash","06/03/2023 11:50:00 AM","Municipality","E MONTGOMERY AVE","MARYLAND AVE",,"ROCKVILLE","PEDESTRIAN","SINGLE VEHICLE","CLEAR","DRY","DAYLIGHT","NO CONTROLS","N/A","N/A","2CFEEFAB-A83D-4764-B259-A3B8BD86402E","PEDESTRIAN","Walking/Riding w/Traffic","N/A","CURB","No","NO APPARENT INJURY","NONE","39.08410737","-77.15014302","    (39.08410737, -77.15014302)"
"MCP1235004T","230026559","Montgomery County Police","Injury Crash","06/02/2023 06:47:00 PM","Maryland (State)","UNIVERSITY BLVD W","CROSSOVER",,"N/A","PEDESTRIAN","OTHER","CLEAR","DRY","DAYLIGHT","NO CONTROLS","NONE DETECTED","NONE DETECTED","924B4228-F25F-4A1E-8D07-2CB2B7259160","PEDESTRIAN","Cross/Enter at Intersection","IN ROADWAY IMPROPERLY","ON ROADWAY AT CROSSWALK","Yes","SUSPECTED SERIOUS INJURY","NONE","39.02295639","-77.01686302","    (39.02295639, -77.01686302)"
"MCP3372000X","230026533","Montgomery County Police","Injury Crash","06/02/2023 05:05:00 PM",,,,"13677 CONNECTICUT AVENUE SILVER SPRING MD",,"PEDESTRIAN","OTHER","CLEAR",,"DAYLIGHT","NO CONTROLS","NONE DETECTED","NONE DETECTED","C43D3792-505E-41EB-9B4E-6183417A2BDB","PEDESTRIAN","Other","NO IMPROPER ACTIONS","OTHER","No","SUSPECTED MINOR INJURY","N/A","39.07865333","-77.07957317","    (39.07865333, -77.07957317)"
"MCP3372000X","230026533","Montgomery County Police","Injury Crash","06/02/2023 05:05:00 PM",,,,"13677 CONNECTICUT AVENUE SILVER SPRING MD",,"PEDESTRIAN","OTHER","CLEAR",,"DAYLIGHT","NO CONTROLS","NONE DETECTED","NONE DETECTED","76673102-EA1B-478D-ACA0-66D08C03439D","PEDESTRIAN","Other","NO IMPROPER ACTIONS","OTHER","No","SUSPECTED MINOR INJURY","NONE","39.07865333","-77.07957317","    (39.07865333, -77.07957317)"
"MCP2270001J","230026452","Montgomery County Police","Injury Crash","06/02/2023 07:45:00 AM","County","MARYKNOLL AVE","WILSON LA",,"N/A","BICYCLIST","SINGLE VEHICLE","CLEAR","DRY","DAYLIGHT","STOP SIGN","NONE DETECTED","NONE DETECTED","C69F5774-1D11-431A-9EC8-766448297D9E","BICYCLIST","Cross/Enter at Intersection","DART DASH","AT INTERSECTION MARKED CROSSWALK","Yes","SUSPECTED MINOR INJURY","MC/BIKE HELMET","38.98696833","-77.13395833","    (38.98696833, -77.13395833)"
"MCP26350081","230026377","Montgomery County Police","Injury Crash","06/01/2023 06:39:00 PM","Maryland (State)","OLNEY LAYTONSVILLE RD","OLNEY POST OFFICE",,"N/A","OTHER PEDALCYCLIST","OTHER","CLEAR","DRY","DAYLIGHT","NO CONTROLS","N/A","N/A","82C3BEB2-9182-4E87-A2E9-A6DB66E1580C","OTHER PEDALCYCLIST","Walking/Riding w/Traffic","NO IMPROPER ACTIONS","SHOULDER","No","SUSPECTED MINOR INJURY","MC/BIKE HELMET","39.15564102","-77.07089339","    (39.15564102, -77.07089339)"
"MCP30790054","230026320","Montgomery County Police","Injury Crash","06/01/2023 03:28:00 PM","County","CRICKET HILL DR","STONEBRIDGE TERR",,"N/A","BICYCLIST","HEAD ON LEFT TURN","CLEAR","DRY","DAYLIGHT","NO CONTROLS","NONE DETECTED","NONE DETECTED","DAACF9F0-8DC7-4968-82C2-7C80761DE058","BICYCLIST","Cross/Enter at Intersection","NO IMPROPER ACTIONS","ON ROADWAY AT CROSSWALK","No","SUSPECTED SERIOUS INJURY","MC/BIKE HELMET","39.14721291","-77.28389889","    (39.14721291, -77.28389889)"
"MCP2940006J","230026252","Montgomery County Police","Injury Crash","06/01/2023 09:15:00 AM","County","WESTLAKE DR","TUCKERMAN LA",,"N/A","PEDESTRIAN","OTHER","CLEAR","DRY","DAYLIGHT","STOP SIGN","NONE DETECTED","NONE DETECTED","1E2899B1-3807-481F-A03F-37293899E7A7","PEDESTRIAN","Cross/Enter at Intersection","IN ROADWAY IMPROPERLY","ON ROADWAY NOT AT CROSSWALK","Yes","SUSPECTED MINOR INJURY","NONE","39.03465162","-77.14700081","    (39.03465162, -77.14700081)"
"MCP3355000P","230026200","Montgomery County Police","Injury Crash","05/31/2023 10:35:00 PM","County","E FRANKLIN AVE","UNIVERSITY BLVD E",,"N/A","PEDESTRIAN","SINGLE VEHICLE","CLEAR","DRY","DARK LIGHTS ON","TRAFFIC SIGNAL","NONE DETECTED","NONE DETECTED","FE087B09-B3A7-4749-95DC-70119C09C0E4","PEDESTRIAN","Cross/Enter at Intersection","FAILURE TO YIELD RIGHT OF WAY","ON ROADWAY AT CROSSWALK","Yes","SUSPECTED SERIOUS INJURY","NONE","39.012225","-77.00212683","    (39.012225, -77.00212683)"
"MCP3355000Q","230026404","Montgomery County Police","Injury Crash","05/31/2023 10:35:00 PM","Maryland (State)","UNIVERSITY BLVD E","E FRANKLIN AVE",,"N/A","PEDESTRIAN","SINGLE VEHICLE","CLEAR","DRY","DARK LIGHTS ON","TRAFFIC SIGNAL","NONE DETECTED","NONE DETECTED","221C1F91-E8F1-4BC5-AAD8-821C7151D29A","PEDESTRIAN","Cross/Enter at Intersection","FAILURE TO OBEY TRAFFIC SIGNS SIGNALS OR OFFICER","ON ROADWAY AT CROSSWALK","Yes","SUSPECTED SERIOUS INJURY","NONE","39.01217242","-77.00241689","    (39.01217242, -77.00241689)"
"DD5643002S","230026189","Rockville Police Departme","Injury Crash","05/31/2023 05:00:00 PM","Municipality","W MONTGOMERY AVE","N VAN BUREN ST",,"ROCKVILLE","BICYCLIST","OTHER","CLEAR","DRY","DAYLIGHT","STOP SIGN","UNKNOWN","NONE DETECTED","B11E2CDA-6385-410B-9051-D177CACBFEE7","BICYCLIST","Cross/Enter at Intersection","OTHER","AT INTERSECTION MARKED CROSSWALK","Unknown","SUSPECTED MINOR INJURY","NONE","39.08412648","-77.15685182","    (39.08412648, -77.15685182)"
"MCP2905005H","230025833","Montgomery County Police","Injury Crash","05/30/2023 08:57:00 AM","County","LELAND ST","GLENDALE RD",,"N/A","BICYCLIST","SAME DIRECTION RIGHT TURN","CLOUDY","DRY","DAYLIGHT","STOP SIGN","N/A","N/A","ED89FF91-15F9-47C3-9DC5-509DB10F9E37","BICYCLIST","Walking/Riding w/Traffic","IMPROPER PASSING","OTHER","Yes","SUSPECTED MINOR INJURY","MC/BIKE HELMET","38.98689167","-77.074745","    (38.98689167, -77.074745)"
"MCP3193004F","230025774","Montgomery County Police","Injury Crash","05/29/2023 05:15:00 PM",,,,"IFO 2900 UNIVERSITY BLVD W PARKING LOT",,"PEDESTRIAN","OTHER","RAINING",,"DAYLIGHT","N/A","NONE DETECTED","NONE DETECTED","6D27CEC8-32FB-4E86-A33F-CA19DB89DFD1","PEDESTRIAN","Cross/Enter not at Intersection","OTHER","ON ROADWAY NOT AT CROSSWALK","Unknown","POSSIBLE INJURY","NONE","39.03777","-77.0582","    (39.03777, -77.0582)"
"MCP30940030","230025759","Montgomery County Police","Injury Crash","05/29/2023 02:45:00 PM",,,,"PARKING LOT OF 18250 FLOWER HILL WAY, GAITHERSBURG, MD 20879",,"PEDESTRIAN","OTHER","N/A",,"DAYLIGHT","N/A","UNKNOWN","NONE DETECTED","63C2CC36-9CBA-4D3B-B92A-E6C830BC4977","PEDESTRIAN","Standing","NO IMPROPER ACTIONS","OTHER","No","POSSIBLE INJURY","N/A","39.15571","-77.16567","    (39.15571, -77.16567)"
"MCP2930003B","230025526","Montgomery County Police","Property Damage Crash","05/27/2023 07:52:00 PM","County","ASPEN HILL RD","PARKLAND DR",,"N/A","OTHER","SINGLE VEHICLE","CLEAR","DRY","DAYLIGHT","NO CONTROLS","NONE DETECTED","N/A","12DDEF40-44FD-4843-B3CA-1EA22096DBDF","OTHER","N/A","N/A","INSIDE BUILDING","No","NO APPARENT INJURY","N/A","39.07913333","-77.08684833","    (39.07913333, -77.08684833)"
"MCP3368000W","230025508","Montgomery County Police","Property Damage Crash","05/27/2023 05:17:00 PM","County","LAKE SHORE DR","DOCENA DR",,"N/A","BICYCLIST","OTHER","CLEAR","DRY","DAYLIGHT","NO CONTROLS","NONE DETECTED","NONE DETECTED","3A947171-B00F-44A9-A969-58BB723AFB8D","BICYCLIST","Cross/Enter at Intersection","INATTENTIVE","ON ROADWAY NOT AT CROSSWALK","No","NO APPARENT INJURY","UNKNOWN","39.16140724","-77.19937721","    (39.16140724, -77.19937721)"
"MCP3373000Q","230025500","Montgomery County Police","Injury Crash","05/27/2023 04:21:00 PM","County","DARCY FOREST DR","KIMBALL PL",,"N/A","PEDESTRIAN","SINGLE VEHICLE","CLEAR","DRY","DAYLIGHT","STOP SIGN","UNKNOWN","NONE DETECTED","059CA498-1B53-40A6-A980-A6610603B312","PEDESTRIAN","Other","NO IMPROPER ACTIONS","ON ROADWAY AT CROSSWALK","No","SUSPECTED MINOR INJURY","NONE","39.0166488","-77.04753807","    (39.0166488, -77.04753807)"
"MCP27800074","230025492","Montgomery County Police","Injury Crash","05/27/2023 03:35:00 PM","Maryland (State)","FREDERICK RD","MAGNOLIA DR",,"N/A","BICYCLIST","STRAIGHT MOVEMENT ANGLE","CLEAR","DRY","DAYLIGHT","STOP SIGN","NONE DETECTED","NONE DETECTED","D1BF1BBA-8429-4F2B-B128-BF19D0D46107","BICYCLIST","Cross/Enter at Intersection","FAILURE TO YIELD RIGHT OF WAY","AT INTERSECTION BUT NO CROSSWALK","Yes","POSSIBLE INJURY","NONE","39.17704683","-77.2383595","    (39.17704683, -77.2383595)"
"MCP3030005C","230025334","Montgomery County Police","Injury Crash","05/26/2023 04:25:00 PM","Maryland (State)","WISCONSIN AVE","LELAND ST",,"N/A","PEDESTRIAN","OTHER","CLEAR","DRY","DAYLIGHT","TRAFFIC SIGNAL","N/A","N/A","38470A6C-7E25-4810-AAA1-A3A7DA1F26D7","PEDESTRIAN","Cross/Enter not at Intersection","INATTENTIVE","ON ROADWAY NOT AT CROSSWALK","Yes","POSSIBLE INJURY","NONE","38.98013167","-77.09211","    (38.98013167, -77.09211)"
"EJ7852007R","230024916","Gaithersburg Police Depar","Injury Crash","05/24/2023 03:44:00 PM",,,,"842 MUDDY BRANCH ROAD - GIANT GROCERY STORE PARKING LOT",,"PEDESTRIAN","OTHER","N/A",,"DAYLIGHT","NO CONTROLS","NONE DETECTED","NONE DETECTED","1BE017FC-71A8-4A10-B859-7AFB6056117A","PEDESTRIAN","Cross/Enter at Intersection","NO IMPROPER ACTIONS","AT INTERSECTION MARKED CROSSWALK","No","SUSPECTED MINOR INJURY","N/A","39.114845","-77.2166299","    (39.114845, -77.2166299)"
"MCP9301004J","230024890","Montgomery County Police","Injury Crash","05/24/2023 12:40:00 PM",,,,"PARKING LOT OF 132 DUVALL LANE",,"PEDESTRIAN","SINGLE VEHICLE","CLEAR",,"DAYLIGHT","N/A","N/A","N/A","43F5DA71-A184-459F-AE2A-81AA029D1917","PEDESTRIAN","Playing","DART DASH","OTHER","Yes","SUSPECTED MINOR INJURY","N/A","39.12779522","-77.2007719","    (39.12779522, -77.2007719)"
"MCP3364000J","230024764","Montgomery County Police","Property Damage Crash","05/23/2023 05:07:00 PM","Maryland (State)","OLNEY SANDY SPRING RD","OLD BALTIMORE RD",,"N/A","BICYCLIST","SAME DIR REAR END","CLEAR","DRY","DAYLIGHT","TRAFFIC SIGNAL","N/A","N/A","90FB970D-2265-466D-B97F-611ABF660205","BICYCLIST","Cross/Enter at Intersection","FAILURE TO YIELD RIGHT OF WAY","ON ROADWAY AT CROSSWALK","Yes","NO APPARENT INJURY","MC/BIKE HELMET","39.14673367","-77.05070783","    (39.14673367, -77.05070783)"
"MCP3355000L","230024724","Montgomery County Police","Injury Crash","05/23/2023 01:24:00 PM","County","MEDICAL PARK DR","GEORGIA AVE",,"N/A","PEDESTRIAN","OTHER","CLEAR","DRY","DAYLIGHT","STOP SIGN","NONE DETECTED","NONE DETECTED","2BC75A2D-E919-40BF-8BB8-1EFE3DF9F78D","PEDESTRIAN","N/A","NO IMPROPER ACTIONS","ON ROADWAY AT CROSSWALK","No","SUSPECTED MINOR INJURY","NONE","39.023475","-77.04529333","    (39.023475, -77.04529333)"
"MCP29300039","230024625","Montgomery County Police","Injury Crash","05/22/2023 09:20:00 PM","Maryland (State)","GEORGIA AVE","WELLER RD",,"N/A","PEDESTRIAN","SINGLE VEHICLE","CLEAR","DRY","DARK NO LIGHTS","NO CONTROLS","NONE DETECTED","UNKNOWN","23EC0FDC-6C76-4C57-83EF-DDC2BE300E2A","PEDESTRIAN","Walking/Riding w/Traffic","IN ROADWAY IMPROPERLY","ON ROADWAY NOT AT CROSSWALK","Yes","SUSPECTED MINOR INJURY","NONE","39.06744833","-77.06039167","    (39.06744833, -77.06039167)"
"MCP2395002F","230024407","Montgomery County Police","Injury Crash","05/21/2023 08:50:00 PM","County","DARNESTOWN RD","YEARLING DR",,"N/A","PEDESTRIAN","SINGLE VEHICLE","CLEAR","DRY","DARK -- UNKNOWN LIGHTING","NO CONTROLS","NONE DETECTED","NONE DETECTED","208CCDB8-4C30-4F78-8797-CC31CB033644","PEDESTRIAN","Cross/Enter not at Intersection","IN ROADWAY IMPROPERLY","ON ROADWAY NOT AT CROSSWALK","Yes","SUSPECTED MINOR INJURY","NONE","39.09914367","-77.21122667","    (39.09914367, -77.21122667)"
"MCP3263003C","230024371","Montgomery County Police","Injury Crash","05/21/2023 03:55:00 PM","Maryland (State)","WILSON LA","EXETER RD",,"N/A","PEDESTRIAN","OTHER","CLEAR","DRY","DAYLIGHT","STOP SIGN","NONE DETECTED","NONE DETECTED","96CE69F3-C5B3-4F93-B19D-6D3F436F9DA9","PEDESTRIAN","Cross/Enter at Intersection","NO IMPROPER ACTIONS","SIDEWALK","No","SUSPECTED MINOR INJURY","NONE","38.98706833","-77.10328333","    (38.98706833, -77.10328333)"
"MCP31130054","230024361","Montgomery County Police","Injury Crash","05/21/2023 03:04:00 PM",,"CULLINGWORTH ROAD","BLACKBURN LANE",,"N/A","OTHER","SINGLE VEHICLE","CLEAR","DRY","DAYLIGHT","NO CONTROLS","N/A","N/A","36948948-CAEA-415E-AD96-5D8D12BAB511","OTHER","N/A","NO IMPROPER ACTIONS","INSIDE BUILDING","No","POSSIBLE INJURY","N/A","39.10299576","-76.9300546","    (39.10299576, -76.9300546)"
"MCP2830006B","230024335","Montgomery County Police","Injury Crash","05/21/2023 11:33:00 AM","County","QUEEN ELIZABETH DR","HERITAGE HILLS DR",,"N/A","PEDESTRIAN","OTHER","CLEAR","DRY","DAYLIGHT","STOP SIGN","NONE DETECTED","NONE DETECTED","F6723E40-BA71-4B5F-A8DD-9C4180544BF1","PEDESTRIAN","Cross/Enter at Intersection","NO IMPROPER ACTIONS","ON ROADWAY AT CROSSWALK","No","SUSPECTED MINOR INJURY","NONE","39.16158201","-77.07134938","    (39.16158201, -77.07134938)"
"MCP1227001X","230024315","Montgomery County Police","Fatal Crash","05/21/2023 05:04:00 AM","Maryland (State)","VEIRS MILL RD","NEWPORT MILL RD",,"N/A","PEDESTRIAN","SINGLE VEHICLE","CLEAR","DRY","DARK LIGHTS ON","NO CONTROLS","NONE DETECTED","ALCOHOL PRESENT","23ABB53F-ECF6-4531-8CCE-AB0EC5C3855A","PEDESTRIAN","Unknown","IN ROADWAY IMPROPERLY","ON ROADWAY NOT AT CROSSWALK","Yes","FATAL INJURY","N/A","39.0451582","-77.06532903","    (39.0451582, -77.06532903)"
"MCP2656006W","230024263","Montgomery County Police","Injury Crash","05/20/2023 06:45:00 PM","Maryland (State)","CLOPPER RD","VILLAGE FOUNTAIN DR",,"N/A","PEDESTRIAN","OTHER","RAINING","WET","DAYLIGHT","TRAFFIC SIGNAL","N/A","N/A","122C592A-24B6-404D-8D4F-D2D24ECA77D9","PEDESTRIAN","Cross/Enter at Intersection","DART DASH","ON ROADWAY AT CROSSWALK","Yes","NO APPARENT INJURY","N/A","39.1603645","-77.27999867","    (39.1603645, -77.27999867)"
"MCP2656006W","230024263","Montgomery County Police","Injury Crash","05/20/2023 06:45:00 PM","Maryland (State)","CLOPPER RD","VILLAGE FOUNTAIN DR",,"N/A","PEDESTRIAN","OTHER","RAINING","WET","DAYLIGHT","TRAFFIC SIGNAL","N/A","N/A","269F5EAF-A293-4AE8-9A87-61D764B0AF67","PEDESTRIAN","Other","OTHER","AT INTERSECTION MARKED CROSSWALK","No","SUSPECTED SERIOUS INJURY","N/A","39.1603645","-77.27999867","    (39.1603645, -77.27999867)"
"MCP30390069","230024261","Montgomery County Police","Property Damage Crash","05/20/2023 06:16:00 PM","County","DENNIS AVE","INWOOD AVE",,"N/A","BICYCLIST","STRAIGHT MOVEMENT ANGLE","CLEAR","DRY","DAYLIGHT","TRAFFIC SIGNAL","UNKNOWN","NONE DETECTED","5D9D708B-0019-4125-B58C-6EE8F7E336E7","BICYCLIST","Cross/Enter at Intersection","NO IMPROPER ACTIONS","AT INTERSECTION BUT NO CROSSWALK","No","NO APPARENT INJURY","MC/BIKE HELMET","39.02623569","-77.03543627","    (39.02623569, -77.03543627)"