"Report Number","Local Case Number","Agency Name","ACRS Report Type","Crash Date/Time","Route Type","Road Name","Cross-Street Name","Off-Road Description","Municipality","Related Non-Motorist","Collision Type","Weather","Surface Condition","Light","Traffic Control","Driver Substance Abuse","Non-Motorist Substance Abuse","Person ID","Pedestrian Type","Pedestrian Movement","Pedestrian Actions","Pedestrian Location","At Fault","Injury Severity","Safety Equipment","Latitude","Longitude","Location"
"MCP2401001Q","230019346","Montgomery County Police","Injury Crash","04/23/2023 03:05:00 AM","Interstate (State)","EISENHOWER MEMORIAL HWY","W MONTGOMERY AVE",,"N/A","PEDESTRIAN","SAME DIR REAR END","CLEAR","DRY","DARK LIGHTS ON","N/A","N/A, NONE DETECTED","N/A","6A046E88-A720-4841-BD4A-6EB5A5560BF2","PEDESTRIAN","Push/Work on Vehicle","DISABLED VEHICLE RELATED","OTHER","No","SUSPECTED MINOR INJURY","NONE","39.08079833","-77.17058167","    (39.08079833, -77.17058167)"
"MCP3068004N","230019306","Montgomery County Police","Injury Crash","04/22/2023 08:15:00 PM","Maryland (State)","OLD GEORGETOWN RD","GLENBROOK RD",,"N/A","OTHER CONVEYANCE","STRAIGHT MOVEMENT ANGLE","CLEAR","DRY","DARK LIGHTS ON","STOP SIGN","N/A","N/A","E3BCB7CF-BF98-4E11-A20F-9A7D25D07CE0","OTHER CONVEYANCE","Cross/Enter at Intersection","FAILURE TO YIELD RIGHT OF WAY","ON ROADWAY AT CROSSWALK","Yes","SUSPECTED MINOR INJURY","NONE","38.98929133","-77.10160883","    (38.98929133, -77.10160883)"
"MCP3358000G","230019203","Montgomery County Police","Injury Crash","04/22/2023 10:10:00 AM","Municipality","LELAND ST","OAK LA",,"CHEVY CHASE #4","BICYCLIST","STRAIGHT MOVEMENT ANGLE","CLEAR","DRY","DAYLIGHT","STOP SIGN","N/A","N/A","EBACE963-7760-4A4E-9499-DC20CF6734C8","BICYCLIST","Cross/Enter at Intersection","FAILURE TO OBEY TRAFFIC SIGNS SIGNALS OR OFFICER","ON ROADWAY NOT AT CROSSWALK","Yes","SUSPECTED MINOR INJURY","MC/BIKE HELMET","38.9851545","-77.08398083","    (38.9851545, -77.08398083)"
"EJ7894002R","230019019","Gaithersburg Police Depar","Injury Crash","04/21/2023 10:25:00 AM",,,,"880 RUSSELL AVE, GAITHERSBURG, MD, 20879",,"PEDESTRIAN","OTHER","CLEAR",,"DAYLIGHT","N/A","NONE DETECTED","NONE DETECTED","89548A72-3770-465A-B0FA-F5DBA68E3E52","PEDESTRIAN","Unknown","UNKNOWN","OTHER","No","POSSIBLE INJURY","NONE","39.1568452","-77.21297352","    (39.1568452, -77.21297352)"
"MCP3348000C","230017981","Montgomery County Police","Injury Crash","04/20/2023 01:31:00 PM",,,,"PARKING LOT OF 3828 INTERNATIONAL DRIVE",,"PEDESTRIAN","STRAIGHT MOVEMENT ANGLE","RAINING",,"DAYLIGHT","NO CONTROLS","NONE DETECTED","NONE DETECTED","EA859AE8-0777-402F-9C87-FC3211DB58A8","PEDESTRIAN","Other","INATTENTIVE","OTHER","No","SUSPECTED MINOR INJURY","N/A","39.10313304","-77.07544506","    (39.10313304, -77.07544506)"
"MCP913000FQ","230018871","Montgomery County Police","Injury Crash","04/20/2023 12:29:00 PM",,,,"PARKING LOT OF 8736 ARLISS ST
SILVER SPRING, MD 20901",,"MACHINE OPERATOR/RIDER","SINGLE VEHICLE","CLEAR",,"DAYLIGHT","NO CONTROLS","NONE DETECTED","NONE DETECTED","0C68E975-4F41-478F-BDB6-2FD303CAE732","MACHINE OPERATOR/RIDER","Cross/Enter not at Intersection","OTHER","ON ROADWAY NOT AT CROSSWALK","Yes","POSSIBLE INJURY","NONE","38.99948617","-77.00157117","    (38.99948617, -77.00157117)"
"MCP913000FP","230018823","Montgomery County Police","Injury Crash","04/20/2023 07:47:00 AM","County","GILBERT ST","BARRON ST",,"N/A","PEDESTRIAN","SINGLE VEHICLE","CLEAR","DRY","DAYLIGHT","NO CONTROLS","NONE DETECTED","NONE DETECTED","5C0376FE-6650-41A0-B7FD-DBCE8EE46D57","PEDESTRIAN","Cross/Enter not at Intersection","NO IMPROPER ACTIONS","ON ROADWAY NOT AT CROSSWALK","No","SUSPECTED MINOR INJURY","NONE","38.997769","-76.99675733","    (38.997769, -76.99675733)"
"MCP3197003F","230018793","Montgomery County Police","Injury Crash","04/19/2023 09:00:00 PM","County","BAUER DR","NORBECK RD",,"N/A","PEDESTRIAN","STRAIGHT MOVEMENT ANGLE","CLEAR","DRY","DARK LIGHTS ON","TRAFFIC SIGNAL","NONE DETECTED","NONE DETECTED","DF4E2247-E6D6-49A6-A57D-2F7F8872FEAF","PEDESTRIAN","Cross/Enter at Intersection","NOT VISIBLE","AT INTERSECTION BUT NO CROSSWALK","No","POSSIBLE INJURY","LIGHTING","39.0960701","-77.1098676","    (39.0960701, -77.1098676)"
"MCP3329001H","230018766","Montgomery County Police","Injury Crash","04/19/2023 06:30:00 PM","County","GALWAY DR","FAIRLAND RD",,"N/A","PEDESTRIAN","OTHER","CLEAR","DRY","DAYLIGHT","NO CONTROLS","NONE DETECTED","NONE DETECTED","A25ACB6B-DDF8-49B7-81B8-4C7A04A33413","PEDESTRIAN","Playing","DART DASH","ON ROADWAY NOT AT CROSSWALK","Unknown","SUSPECTED MINOR INJURY","N/A","39.06375167","-76.94507","    (39.06375167, -76.94507)"
"MCP285900D2","230018683","Montgomery County Police","Injury Crash","04/19/2023 12:20:00 PM","County","LONGDRAFT RD","GREAT SENECA HWY",,"N/A","BICYCLIST","STRAIGHT MOVEMENT ANGLE","CLEAR","DRY","DAYLIGHT","TRAFFIC SIGNAL","NONE DETECTED","NONE DETECTED","1ED11F34-B71E-40E1-8328-B347CFD04660","BICYCLIST","Cross/Enter at Intersection","NO IMPROPER ACTIONS","ON ROADWAY AT CROSSWALK","No","SUSPECTED MINOR INJURY","NONE","39.13353467","-77.244827","    (39.13353467, -77.244827)"
"DD5540002V","230018503","Rockville Police Departme","Injury Crash","04/18/2023 03:34:00 PM","Municipality","HALPINE RD","E JEFFERSON ST",,"ROCKVILLE","PEDESTRIAN","SINGLE VEHICLE","CLEAR","DRY","DAYLIGHT","TRAFFIC SIGNAL","NONE DETECTED","NONE DETECTED","6D1B7A3C-DB87-4761-A05D-9288E692E4E8","PEDESTRIAN","Cross/Enter at Intersection","NO IMPROPER ACTIONS","ON ROADWAY AT CROSSWALK","No","SUSPECTED MINOR INJURY","NONE","39.06092196","-77.12576469","    (39.06092196, -77.12576469)"
"MCP32330042","230018372","Montgomery County Police","Injury Crash","04/17/2023 08:35:00 PM","County","FOREST GLEN RD","BRUNETT AVE",,"N/A","PEDESTRIAN","SINGLE VEHICLE","CLEAR","DRY","DARK LIGHTS ON","STOP SIGN","NONE DETECTED","NONE DETECTED","28EB4A3E-E8C7-4F62-840B-E2827C750490","PEDESTRIAN","Cross/Enter at Intersection","NO IMPROPER ACTIONS","ON ROADWAY AT CROSSWALK","No","SUSPECTED MINOR INJURY","NONE","39.03450883","-77.011285","    (39.03450883, -77.011285)"
"MCP22700013","230018247","Montgomery County Police","Injury Crash","04/17/2023 09:00:00 AM","Maryland (State)","WISCONSIN AVE","WILLARD AVE",,"N/A","PEDESTRIAN","OTHER","CLEAR","DRY","DAYLIGHT","NO CONTROLS","NONE DETECTED","NONE DETECTED","09F6E76F-64DC-4F5B-A08C-EF53BA54AF47","PEDESTRIAN","Walking/Riding against Traffic","IN ROADWAY IMPROPERLY","ON ROADWAY NOT AT CROSSWALK","Yes","SUSPECTED MINOR INJURY","NONE","38.98991","-77.10287667","    (38.98991, -77.10287667)"
"MCP3068004M","230018175","Montgomery County Police","Injury Crash","04/16/2023 07:05:00 PM","County","ELM ST","ARLINGTON RD",,"N/A","PEDESTRIAN","STRAIGHT MOVEMENT ANGLE","CLEAR","DRY","DAYLIGHT","TRAFFIC SIGNAL","N/A","N/A","59CC4794-D99A-4DC8-A7E1-D2A0651552A4","PEDESTRIAN","Cross/Enter at Intersection","NO IMPROPER ACTIONS","ON ROADWAY AT CROSSWALK","No","SUSPECTED MINOR INJURY","N/A","38.982098","-77.09860583","    (38.982098, -77.09860583)"
"MCP2420004T","230018104","Montgomery County Police","Injury Crash","04/16/2023 09:01:00 AM","Maryland (State)","LAYHILL RD","BRIGGS RD",,"N/A","BICYCLIST","OTHER","CLEAR","DRY","DAYLIGHT","TRAFFIC SIGNAL","NONE DETECTED","NONE DETECTED","5B01D49C-277B-4770-8C8F-B3E0F597E07E","BICYCLIST","Cross/Enter at Intersection","NO IMPROPER ACTIONS","ON ROADWAY AT CROSSWALK","No","SUSPECTED MINOR INJURY","MC/BIKE HELMET","39.0691727","-77.0455124","    (39.0691727, -77.0455124)"
"MCP3339001V","230018092","Montgomery County Police","Injury Crash","04/16/2023 08:02:00 AM",,,,"13531 CONNECTICUT AVE, ASPEN HILL, MD 20906",,"PEDESTRIAN","OTHER","CLEAR",,"DAYLIGHT","N/A","NONE DETECTED","NONE DETECTED","78D473C0-ECE9-4DFB-8BA8-4D641BD59482","PEDESTRIAN","Other Working","NO IMPROPER ACTIONS","OTHER","No","POSSIBLE INJURY","NONE","39.07744483","-77.079981","    (39.07744483, -77.079981)"
"MCP3114002Z","230018017","Montgomery County Police","Injury Crash","04/15/2023 06:03:00 PM",,,,"PARKING LOT OF 10151 COLESVILLE ROAD",,"PEDESTRIAN","SAME DIRECTION SIDESWIPE","CLEAR",,"DAYLIGHT","N/A","N/A","N/A","E1D200F4-B541-432C-B7F7-D1DC70F9855F","PEDESTRIAN","Standing","NO IMPROPER ACTIONS","CURB","No","SUSPECTED MINOR INJURY","N/A","39.02129667","-77.01142583","    (39.02129667, -77.01142583)"
"MCP22310076","230017988","Montgomery County Police","Injury Crash","04/15/2023 01:58:00 PM","Maryland (State)","DARNESTOWN RD","QUINCE ORCHARD RD",,"N/A","BICYCLIST","OTHER","CLOUDY","DRY","DAYLIGHT","NO CONTROLS","NONE DETECTED","NONE DETECTED","A370C0D9-D53B-40D4-9D27-A02D86DBB0A5","BICYCLIST","Cross/Enter not at Intersection","IN ROADWAY IMPROPERLY","ON ROADWAY NOT AT CROSSWALK","Yes","SUSPECTED MINOR INJURY","NONE","39.11770833","-77.25185833","    (39.11770833, -77.25185833)"
"MCP2771001Z","230017984","Montgomery County Police","Injury Crash","04/15/2023 01:30:00 PM",,,,"PARKING LOT IN FRONT OF 3166 HEWITT AVENUE",,"OTHER PEDALCYCLIST","OTHER","CLOUDY",,"DAYLIGHT","N/A","N/A","N/A","FCD3E55D-C239-4984-A8F0-968187DB5E59","OTHER PEDALCYCLIST","Playing","DART DASH","OTHER","No","SUSPECTED SERIOUS INJURY","NONE","39.07925908","-77.06372679","    (39.07925908, -77.06372679)"
"DD559500D3","230017943","Rockville Police Departme","Injury Crash","04/15/2023 08:23:00 AM","Municipality","BALTIMORE RD","FIRST ST",,"N/A","PEDESTRIAN","SINGLE VEHICLE","CLOUDY","WET","DAYLIGHT","TRAFFIC SIGNAL","NONE DETECTED","UNKNOWN","AF59462D-F0C4-4CF5-9348-58BA02058D1E","PEDESTRIAN","Cross/Enter at Intersection","NO IMPROPER ACTIONS","ON ROADWAY AT CROSSWALK","No","SUSPECTED MINOR INJURY","N/A","39.08465867","-77.136484","    (39.08465867, -77.136484)"
"DD5631004T","230017911","Rockville Police Departme","Injury Crash","04/15/2023 12:05:00 AM","Municipality","BOUIC AVE","CHAPMAN AVE",,"ROCKVILLE","PEDESTRIAN","OTHER","CLEAR","DRY","DARK LIGHTS ON","STOP SIGN","NONE DETECTED","NONE DETECTED","ADE92689-343C-49AE-8976-6F866F9CF82D","PEDESTRIAN","Cross/Enter at Intersection","NO IMPROPER ACTIONS","AT INTERSECTION MARKED CROSSWALK","No","POSSIBLE INJURY","NONE","39.06121417","-77.120909","    (39.06121417, -77.120909)"
"MCP14330050","230017708","Montgomery County Police","Injury Crash","04/13/2023 07:20:00 PM","Maryland (State)","ROCKVILLE PIKE","TWINBROOK PKWY",,"ROCKVILLE","BICYCLIST","OTHER","CLEAR","DRY","DAYLIGHT","TRAFFIC SIGNAL","NONE DETECTED","NONE DETECTED","3F7BA90C-9DC7-4011-B6AD-D51825082911","BICYCLIST","Cross/Enter at Intersection","NO IMPROPER ACTIONS","AT INTERSECTION MARKED CROSSWALK","No","SUSPECTED MINOR INJURY","NONE","39.05889667","-77.12131667","    (39.05889667, -77.12131667)"
"DD5612003L","230017836","Rockville Police Departme","Property Damage Crash","04/13/2023 06:26:00 PM",,,,"DRIVEWAY OF 801 ROCKVILLE PIKE",,"OTHER CONVEYANCE","SINGLE VEHICLE","CLEAR",,"DAYLIGHT","NO CONTROLS","UNKNOWN","UNKNOWN","8B51E094-ABF5-421F-95A2-E122A22BA3D3","OTHER CONVEYANCE","Walking/Riding against Traffic","NO IMPROPER ACTIONS","DRIVEWAY ACCESS MARKED CROSSWALK","No","NO APPARENT INJURY","N/A","39.07665858","-77.13902785","    (39.07665858, -77.13902785)"
"MCP3005007F","230017128","Montgomery County Police","Injury Crash","04/12/2023 04:35:00 PM",,,,"DRIVEWAY ENTRANCE OF 4001 ASPEN HILL ROAD",,"MACHINE OPERATOR/RIDER","SINGLE VEHICLE","CLEAR",,"DAYLIGHT","NO CONTROLS","UNKNOWN","NONE DETECTED","9402FC41-03E7-435D-8AB4-DD0684247B25","MACHINE OPERATOR/RIDER","Other","N/A","SIDEWALK","No","SUSPECTED MINOR INJURY","NONE","39.0806183","-77.08060149","    (39.0806183, -77.08060149)"
"MCP2592002R","230017399","Montgomery County Police","Injury Crash","04/12/2023 09:40:00 AM",,,,"PARKING LOT IN FRONT OF 20202 SPRING HAVEN CT",,"PEDESTRIAN","OTHER","CLEAR",,"DAYLIGHT","N/A","NONE DETECTED","N/A","85AB09EF-79BB-4ED5-AAB9-8EA07FE02650","PEDESTRIAN","Standing","UNKNOWN","OTHER","Unknown","POSSIBLE INJURY","N/A","39.18890517","-77.19099817","    (39.18890517, -77.19099817)"
"MCP3222002H","230017338","Montgomery County Police","Injury Crash","04/11/2023 09:02:00 PM","County","MAIDEN LA","OLD CHESTER RD",,"N/A","PEDESTRIAN","N/A","CLEAR","DRY","DARK LIGHTS ON","NO CONTROLS","NONE DETECTED","NONE DETECTED","CF07CF85-B800-46FB-A72A-1D4E42020D46","PEDESTRIAN","Walking/Riding w/Traffic","NO IMPROPER ACTIONS","SHOULDER","No","POSSIBLE INJURY","NONE","38.98575316","-77.11819636","    (38.98575316, -77.11819636)"
"MCP2563001L","230017107","Montgomery County Police","Injury Crash","04/10/2023 04:21:00 PM","Maryland (State)","MUNCASTER MILL RD","STRUC #15015 ROCK CREEK",,"N/A","PEDESTRIAN","SINGLE VEHICLE","CLEAR","DRY","DAYLIGHT","WARNING SIGN","NONE DETECTED","NONE DETECTED","2D1655C2-78EB-4552-899C-4C57B12B59E9","PEDESTRIAN","Cross/Enter not at Intersection","FAILURE TO YIELD RIGHT OF WAY","ON ROADWAY AT CROSSWALK","Yes","SUSPECTED SERIOUS INJURY","NONE","39.13764511","-77.12946041","    (39.13764511, -77.12946041)"
"MCP3244002F","230016925","Montgomery County Police","Property Damage Crash","04/09/2023 01:07:00 PM",,,,"PARKING LOT OF 1290 EAST WEST HWY",,"PEDESTRIAN","OTHER","CLEAR",,"DAYLIGHT","NO CONTROLS","NONE DETECTED","NONE DETECTED","AFFDF0EC-64FA-4A7E-8B18-76F41CB11BC3","PEDESTRIAN","Cross/Enter at Intersection","NO IMPROPER ACTIONS","ON ROADWAY AT CROSSWALK","No","NO APPARENT INJURY","NONE","38.99175733","-77.03182517","    (38.99175733, -77.03182517)"
"MCP3190004X","230016788","Montgomery County Police","Injury Crash","04/08/2023 02:00:00 PM","Maryland (State)","OLNEY LAYTONSVILLE RD","BOWIE MILL RD",,"N/A","BICYCLIST","STRAIGHT MOVEMENT ANGLE","N/A","DRY","DAYLIGHT","TRAFFIC SIGNAL","NONE DETECTED","NONE DETECTED","09331075-FDD6-4234-A0B9-9A63E2F4185E","BICYCLIST","Cross/Enter at Intersection","NO IMPROPER ACTIONS","ON ROADWAY AT CROSSWALK","No","POSSIBLE INJURY","MC/BIKE HELMET","39.16083167","-77.07942","    (39.16083167, -77.07942)"
"MCP31340046","230016953","Montgomery County Police","Injury Crash","04/07/2023 08:30:00 PM","County","TECH RD","BROADBIRCH DR",,"N/A","PEDESTRIAN","OTHER","CLEAR","DRY","DARK -- UNKNOWN LIGHTING","STOP SIGN","UNKNOWN","N/A","F59F6601-A9D1-4709-8640-F2749BE795A1","PEDESTRIAN","Cross/Enter at Intersection","FAILURE TO OBEY TRAFFIC SIGNS SIGNALS OR OFFICER","ON ROADWAY AT CROSSWALK","No","SUSPECTED MINOR INJURY","NONE","39.0558866","-76.96647616","    (39.0558866, -76.96647616)"
"MCP25860067","230016670","Montgomery County Police","Injury Crash","04/07/2023 05:35:00 PM","County","RIDGE RD","FREDERICK RD",,"N/A","OTHER CONVEYANCE","SAME DIRECTION RIGHT TURN","CLEAR","DRY","DAYLIGHT","TRAFFIC SIGNAL","NONE DETECTED","NONE DETECTED","F674CA9B-8A70-4EC8-8C2B-106DE8D90799","OTHER CONVEYANCE","Cross/Enter not at Intersection","IN ROADWAY IMPROPERLY","ON ROADWAY NOT AT CROSSWALK","Yes","SUSPECTED MINOR INJURY","NONE","39.2046074","-77.24557975","    (39.2046074, -77.24557975)"
"MCP3048009M","230016525","Montgomery County Police","Injury Crash","04/06/2023 08:50:00 PM","Maryland (State)","MASSACHUSETTS AVE","DUVALL DR",,"N/A","PEDESTRIAN","OTHER","RAINING","WET","DARK LIGHTS ON","NO CONTROLS","N/A","N/A","99D0CEAC-020F-4295-B8C6-11CFA91C0D38","PEDESTRIAN","Cross/Enter not at Intersection","FAILURE TO YIELD RIGHT OF WAY","ON ROADWAY NOT AT CROSSWALK","Yes","SUSPECTED MINOR INJURY","N/A","38.950496","-77.101668","    (38.950496, -77.101668)"
"DM85150003","230016518","Takoma Park Police Depart","Injury Crash","04/06/2023 08:10:00 PM",,"8600 FLOWER AVE","8500 PINEY BRANCH AVE",,"N/A","PEDESTRIAN","OTHER","RAINING","WET","DARK LIGHTS ON","NO CONTROLS","N/A","NONE DETECTED","C73E3CFE-17CE-4E8B-A97F-B2513CF73C7F","PEDESTRIAN","Other","IN ROADWAY IMPROPERLY","ON ROADWAY NOT AT CROSSWALK","Yes","SUSPECTED MINOR INJURY","NONE","38.99753973","-77.00336459","    (38.99753973, -77.00336459)"
"MCP25860065","230016511","Montgomery County Police","Injury Crash","04/06/2023 07:00:00 PM","County","HOPKINS RD","FATHER HURLEY BLVD",,"N/A","BICYCLIST","OTHER","CLOUDY","WET","DAYLIGHT","TRAFFIC SIGNAL","NONE DETECTED","NONE DETECTED","09B06CDA-E4E1-45F6-950A-5100E6FDB0D9","BICYCLIST","Cross/Enter at Intersection","FAILURE TO YIELD RIGHT OF WAY","AT INTERSECTION MARKED CROSSWALK","Yes","POSSIBLE INJURY","NONE","39.16925087","-77.28294365","    (39.16925087, -77.28294365)"
"DD5652002S","230016400","Rockville Police Departme","Property Damage Crash","04/06/2023 07:54:00 AM","Municipality","CHAPMAN AVE","HALPINE RD",,"ROCKVILLE","PEDESTRIAN","SAME DIRECTION SIDESWIPE","CLEAR","DRY","DAYLIGHT","PERSON","NONE DETECTED","NONE DETECTED","E1EAE716-FD13-44FA-A26C-F4B58E6ACE9F","PEDESTRIAN","Standing","NO IMPROPER ACTIONS","OTHER","No","NO APPARENT INJURY","REFLECTIVE CLOTHING","39.06272944","-77.1223989","    (39.06272944, -77.1223989)"
"MCP3264003P","230015777","Montgomery County Police","Injury Crash","04/02/2023 12:53:00 PM",,,,"PARKING LOT OF 1280 EAST WEST HWY SILVER SPRING MD 20910",,"PEDESTRIAN","OTHER","CLEAR",,"DAYLIGHT","NO CONTROLS","NONE DETECTED","NONE DETECTED","54368B2B-ACBA-49E9-87DC-880BD04C29D0","PEDESTRIAN","Cross/Enter not at Intersection","NO IMPROPER ACTIONS","ON ROADWAY NOT AT CROSSWALK","No","POSSIBLE INJURY","NONE","38.99206833","-77.03204","    (38.99206833, -77.03204)"
"MCP3192003S","230015684","Montgomery County Police","Injury Crash","04/01/2023 04:56:00 PM",,,,"IN THE DRIVEWAY OF 907 KENBROOK DRIVE",,"PEDESTRIAN","SINGLE VEHICLE","CLEAR",,"DAYLIGHT","NO CONTROLS","UNKNOWN","NONE DETECTED","11E2E361-1D10-486A-84BA-75B4EBAB7714","PEDESTRIAN","Standing","IN ROADWAY IMPROPERLY","OTHER","No","POSSIBLE INJURY","NONE","39.03936487","-77.02629433","    (39.03936487, -77.02629433)"
"DD5610007R","230015640","Rockville Police Departme","Injury Crash","04/01/2023 12:11:00 PM","Municipality","W GUDE DR","WATKINS POND BLVD",,"ROCKVILLE","BICYCLIST","SAME DIR REAR END","RAINING","WET","DAYLIGHT","NO CONTROLS","N/A","N/A","E030D25E-6900-4F58-A494-FF1C8D435CD8","BICYCLIST","Walking/Riding w/Traffic","NO IMPROPER ACTIONS","OTHER","No","POSSIBLE INJURY","MC/BIKE HELMET","39.10612783","-77.16937517","    (39.10612783, -77.16937517)"
"EJ7899000N","230015429","Gaithersburg Police Depar","Injury Crash","03/30/2023 09:04:00 PM","Maryland (State)","QUINCE ORCHARD RD","ENT TO PARK & RIDE",,"N/A","PEDESTRIAN","OTHER","CLEAR","DRY","DARK LIGHTS ON","TRAFFIC SIGNAL","NONE DETECTED","NONE DETECTED","52EDA201-0103-4F0E-9CC8-E50DAFA09CA9","PEDESTRIAN","Cross/Enter at Intersection","IN ROADWAY IMPROPERLY","ON ROADWAY NOT AT CROSSWALK","Yes","SUSPECTED SERIOUS INJURY","NONE","39.14799243","-77.21799047","    (39.14799243, -77.21799047)"
"MCP31360061","230014903","Montgomery County Police","Injury Crash","03/28/2023 07:05:00 AM","Maryland (State)","UNIVERSITY BLVD E","E FRANKLIN AVE",,"N/A","PEDESTRIAN","OTHER","CLEAR","DRY","DAWN","TRAFFIC SIGNAL","NONE DETECTED","NONE DETECTED","14A3A1D3-F73E-48A3-93C6-618A10828481","PEDESTRIAN","Cross/Enter at Intersection","NO IMPROPER ACTIONS","ON ROADWAY AT CROSSWALK","No","SUSPECTED MINOR INJURY","N/A","39.01215753","-77.00266355","    (39.01215753, -77.00266355)"
"MCP29300031","230014856","Montgomery County Police","Injury Crash","03/27/2023 08:12:00 PM",,,,"DRIVEWAY/SIDE WALK IN FRONT OF 2603 RANDOLPH RD",,"OTHER PEDALCYCLIST","STRAIGHT MOVEMENT ANGLE","CLEAR",,"DARK LIGHTS ON","N/A","NONE DETECTED","NONE DETECTED","39BA5B84-568A-41F2-963C-D527EA37488D","OTHER PEDALCYCLIST","Walking/Cycling on Sidewalk","NO IMPROPER ACTIONS","SIDEWALK","No","SUSPECTED MINOR INJURY","NONE","39.05836333","-77.04811333","    (39.05836333, -77.04811333)"
"EJ7885002Z","230014800","Gaithersburg Police Depar","Injury Crash","03/27/2023 03:55:00 PM",,,,"PARKING LOT OF 331 WEST SIDE DR",,"OTHER","OTHER","N/A",,"DAYLIGHT","NO CONTROLS","NONE DETECTED","NONE DETECTED","382CA7BC-2B6F-41DA-BF46-ED3E168EA364","OTHER","Other","NO IMPROPER ACTIONS","INSIDE BUILDING","No","POSSIBLE INJURY","N/A","39.12581733","-77.2050295","    (39.12581733, -77.2050295)"
"MCP94300008","230014759","Montgomery County Police","Injury Crash","03/27/2023 11:40:00 AM",,,,"ALLEYWAY BEHIND GEORGETOWN SQUARE",,"PEDESTRIAN","SINGLE VEHICLE","CLOUDY",,"DAYLIGHT","N/A","NONE DETECTED","NONE DETECTED","A41D9238-17D9-46C9-88ED-A13D24AA6802","PEDESTRIAN","Standing","NO IMPROPER ACTIONS","OTHER","No","SUSPECTED MINOR INJURY","NONE","39.02534749","-77.12782794","    (39.02534749, -77.12782794)"
"MCP30300058","230014639","Montgomery County Police","Injury Crash","03/26/2023 05:05:00 PM","County","PERSIMMON TREE RD","OAKLYN DR",,"N/A","BICYCLIST","STRAIGHT MOVEMENT ANGLE","CLEAR","DRY","DAYLIGHT","STOP SIGN","N/A","N/A","0273BC1B-C5AC-4B04-9EC2-272870145681","BICYCLIST","Cross/Enter at Intersection","OTHER","OTHER","Yes","POSSIBLE INJURY","MC/BIKE HELMET","38.99770667","-77.18886933","    (38.99770667, -77.18886933)"
"MCP3328001R","230014499","Montgomery County Police","Injury Crash","03/25/2023 06:00:00 PM","Maryland (State)","GEORGIA AVE","MASON ST",,"N/A","PEDESTRIAN","OTHER","CLOUDY","WET","DAYLIGHT","NO CONTROLS","NONE DETECTED","NONE DETECTED","E998BBAD-142F-43D6-89EF-C301D80AAE7B","PEDESTRIAN","Cross/Enter at Intersection","DART DASH","ON ROADWAY AT CROSSWALK","No","SUSPECTED MINOR INJURY","NONE","39.055404","-77.050068","    (39.055404, -77.050068)"
"MCP3086008L","230014414","Montgomery County Police","Injury Crash","03/25/2023 09:30:00 AM","County","CLUB HOUSE RD","CENTERWAY RD",,"N/A","PEDESTRIAN","SINGLE VEHICLE","RAINING","WET","DAYLIGHT","TRAFFIC SIGNAL","NONE DETECTED","NONE DETECTED","4D013AF0-7738-4696-B08B-AC2BE1BE9B27","PEDESTRIAN","Cross/Enter at Intersection","NO IMPROPER ACTIONS","ON ROADWAY AT CROSSWALK","No","SUSPECTED MINOR INJURY","N/A","39.17253667","-77.20127667","    (39.17253667, -77.20127667)"
"HA2432000K","23000541","Maryland-National Capital","Injury Crash","03/25/2023 09:00:00 AM","County","KENSINGTON PKWY","BEACH DR",,"N/A","PEDESTRIAN","SINGLE VEHICLE","RAINING","WET","DAYLIGHT","STOP SIGN","N/A","UNKNOWN","1F7272B0-160C-4753-B156-A8DA3A7E20FE","PEDESTRIAN","Cross/Enter at Intersection","NO IMPROPER ACTIONS","AT INTERSECTION MARKED CROSSWALK","No","SUSPECTED MINOR INJURY","UNKNOWN","39.01012092","-77.07385623","    (39.01012092, -77.07385623)"
"MCP2001001Z","230014394","Montgomery County Police","Fatal Crash","03/25/2023 01:47:00 AM","US (State)","COLUMBIA PIKE","HILLWOOD DR",,"N/A","PEDESTRIAN","SINGLE VEHICLE","RAINING","WET","DARK LIGHTS ON","NO CONTROLS","N/A","ALCOHOL PRESENT","44325907-656B-4816-A845-EA86031CF450","PEDESTRIAN","Walking/Riding w/Traffic","IN ROADWAY IMPROPERLY","ON ROADWAY NOT AT CROSSWALK","Yes","FATAL INJURY","N/A","39.03240511","-77.00350933","    (39.03240511, -77.00350933)"
"MCP20010020","230014721","Montgomery County Police","Injury Crash","03/25/2023 01:46:00 AM","US (State)","COLUMBIA PIKE","HILLWOOD DR",,"N/A","PEDESTRIAN","SINGLE VEHICLE","RAINING","WET","DARK LIGHTS ON","NO CONTROLS","NONE DETECTED","UNKNOWN","2033A182-3937-4CE5-A840-960EF29A62D6","PEDESTRIAN","Walking/Riding w/Traffic","IN ROADWAY IMPROPERLY","ON ROADWAY NOT AT CROSSWALK","Yes","POSSIBLE INJURY","N/A","39.03234576","-77.00357021","    (39.03234576, -77.00357021)"
"MCP3184002Y","230014378","Montgomery County Police","Injury Crash","03/24/2023 11:17:00 PM","Maryland (State)","UNIVERSITY BLVD E","CARROLL AVE",,"N/A","PEDESTRIAN","OTHER","RAINING","WET","UNKNOWN","UNKNOWN","UNKNOWN","ALCOHOL PRESENT","48D4171C-3019-4D2A-9262-BAA2930F18AC","PEDESTRIAN","Unknown","UNKNOWN","UNKNOWN","Unknown","SUSPECTED MINOR INJURY","UNKNOWN","38.99420635","-76.9925921","    (38.99420635, -76.9925921)"
"MCP2760003D","230014325","Montgomery County Police","Injury Crash","03/24/2023 05:32:00 PM","Maryland (State)","FREDERICK RD","LAKE FOREST BLVD",,"GAITHERSBURG","PEDESTRIAN","OTHER","RAINING","WET","DAYLIGHT","NO CONTROLS","N/A","N/A","E39E0027-279C-485D-A107-601AF807288C","PEDESTRIAN","Cross/Enter not at Intersection","IN ROADWAY IMPROPERLY","ON ROADWAY NOT AT CROSSWALK","Yes","POSSIBLE INJURY","NONE","39.15096333","-77.20979","    (39.15096333, -77.20979)"
"DD561500F8","230014198","Rockville Police Departme","Injury Crash","03/24/2023 07:45:00 AM","Municipality","FLEET ST","PARK AVE",,"ROCKVILLE","PEDESTRIAN","SINGLE VEHICLE","RAINING","WET","DAWN","NO CONTROLS","NONE DETECTED","NONE DETECTED","979A3F00-9E54-4D87-872C-69CCA738F786","PEDESTRIAN","Walking to/from school","NO IMPROPER ACTIONS","ON ROADWAY AT CROSSWALK","No","POSSIBLE INJURY","NONE","39.0800635","-77.14846033","    (39.0800635, -77.14846033)"