"Report Number","Local Case Number","Agency Name","ACRS Report Type","Crash Date/Time","Route Type","Road Name","Cross-Street Name","Off-Road Description","Municipality","Related Non-Motorist","Collision Type","Weather","Surface Condition","Light","Traffic Control","Driver Substance Abuse","Non-Motorist Substance Abuse","Person ID","Pedestrian Type","Pedestrian Movement","Pedestrian Actions","Pedestrian Location","At Fault","Injury Severity","Safety Equipment","Latitude","Longitude","Location"
"MCP31630056","230008774","Montgomery County Police","Injury Crash","02/21/2023 05:57:00 PM","County","LELAND ST","WOODBINE ST",,"N/A","BICYCLIST","STRAIGHT MOVEMENT ANGLE","CLEAR","DRY","DUSK","STOP SIGN","N/A","N/A","8A91DCBE-A81D-46F2-A060-8B44BDA45BA4","BICYCLIST","Cross/Enter at Intersection","INATTENTIVE","ON ROADWAY NOT AT CROSSWALK","Yes","SUSPECTED MINOR INJURY","MC/BIKE HELMET","38.98602833","-77.06831167","    (38.98602833, -77.06831167)"
"MCP3311001M","230008585","Montgomery County Police","Injury Crash","02/20/2023 07:19:00 PM","Maryland (State)","16TH ST","SPRING ST",,"N/A","PEDESTRIAN","OTHER","CLEAR","DRY","DARK LIGHTS ON","NO CONTROLS","N/A","N/A","8E39F3FD-48D2-4117-A632-4482D87BBB7B","PEDESTRIAN","Cross/Enter not at Intersection","IN ROADWAY IMPROPERLY","ON ROADWAY NOT AT CROSSWALK","Yes","POSSIBLE INJURY","N/A","38.9959094","-77.03649502","    (38.9959094, -77.03649502)"
"DD56330083","230008437","Rockville Police Departme","Injury Crash","02/19/2023 08:00:00 PM","Maryland (State)","VEIRS MILL RD","ATLANTIC AVE",,"ROCKVILLE","PEDESTRIAN","OTHER","CLEAR","DRY","DARK LIGHTS ON","TRAFFIC SIGNAL","NONE DETECTED","NONE DETECTED","7E21D8A2-62BF-4C98-AE11-49A11302D4F2","PEDESTRIAN","Cross/Enter not at Intersection","DART DASH","ON ROADWAY NOT AT CROSSWALK","Yes","SUSPECTED MINOR INJURY","NONE","39.07491545","-77.11553743","    (39.07491545, -77.11553743)"
"EJ78780052","230008282","Gaithersburg Police Depar","Injury Crash","02/18/2023 05:26:00 PM",,,,"PARKING LOT OF 221 MUDDY BRANCH ROAD",,"PEDESTRIAN","OTHER","CLEAR",,"DUSK","NO CONTROLS","N/A","ALCOHOL PRESENT","A03DE61A-106D-46A2-8735-7E13E6591ACE","PEDESTRIAN","Cross/Enter not at Intersection","INATTENTIVE","ON ROADWAY NOT AT CROSSWALK","Yes","SUSPECTED MINOR INJURY","NONE","39.12809544","-77.20585604","    (39.12809544, -77.20585604)"
"MCP3376000H","230008265","Montgomery County Police","Injury Crash","02/18/2023 12:58:00 PM",,,,"PARKING LOT OF 18140 VILLAGE CENTER DR",,"PEDESTRIAN","SINGLE VEHICLE","CLEAR",,"DAYLIGHT","NO CONTROLS","UNKNOWN","NONE DETECTED","DB66CADF-2FC9-4E7A-8995-8CB3B3BE209D","PEDESTRIAN","Standing","NO IMPROPER ACTIONS","OTHER","No","SUSPECTED MINOR INJURY","NONE","39.15315485","-77.06413118","    (39.15315485, -77.06413118)"
"MCP297700BR","230007853","Montgomery County Police","Injury Crash","02/16/2023 12:06:00 PM","County","BURNT MILLS AVE","CHILDS ST",,"N/A","PEDESTRIAN","OTHER","CLOUDY","WET","DAYLIGHT","STOP SIGN","N/A","NONE DETECTED","B12C7734-BB13-4100-B0D6-FF37340F2769","PEDESTRIAN","Walking/Riding against Traffic","NO IMPROPER ACTIONS","AT INTERSECTION BUT NO CROSSWALK","No","POSSIBLE INJURY","NONE","39.03697667","-77.00340167","    (39.03697667, -77.00340167)"
"MCP2556004N","230007596","Montgomery County Police","Injury Crash","02/14/2023 08:36:00 PM","Municipality","S SUMMIT AVE","E DIAMOND AVE",,"GAITHERSBURG","PEDESTRIAN","STRAIGHT MOVEMENT ANGLE","CLEAR","DRY","DARK LIGHTS ON","TRAFFIC SIGNAL","NONE DETECTED","ALCOHOL PRESENT","3B2C0893-73D3-4720-8D03-4EF3C47C41A0","PEDESTRIAN","Cross/Enter at Intersection","FAILURE TO OBEY TRAFFIC SIGNS SIGNALS OR OFFICER","AT INTERSECTION BUT NO CROSSWALK","Yes","POSSIBLE INJURY","N/A","39.14194667","-77.19340167","    (39.14194667, -77.19340167)"
"MCP2931006H","230007561","Montgomery County Police","Injury Crash","02/14/2023 05:33:00 PM","Maryland (State)","ROCKVILLE PIKE","ENT TO BEST BUY",,"N/A","OTHER CONVEYANCE","STRAIGHT MOVEMENT ANGLE","CLEAR","DRY","DAYLIGHT","TRAFFIC SIGNAL","NONE DETECTED","NONE DETECTED","40337CC4-9C8C-428D-A96E-315E3D407378","OTHER CONVEYANCE","Cross/Enter at Intersection","NO IMPROPER ACTIONS","AT INTERSECTION MARKED CROSSWALK","No","SUSPECTED MINOR INJURY","NONE","39.06965167","-77.13047","    (39.06965167, -77.13047)"
"DD56620002","230007543","Rockville Police Departme","Injury Crash","02/14/2023 04:34:00 PM","Municipality","WOOTTON PKWY","GREENPLACE TERR",,"ROCKVILLE","PEDESTRIAN","OTHER","CLEAR","DRY","DAYLIGHT","PERSON","NONE DETECTED","NONE DETECTED","F4AD7B8D-DA6A-4B71-BE27-37DAA622FEC5","PEDESTRIAN","Cross/Enter not at Intersection","DART DASH","ON ROADWAY NOT AT CROSSWALK","Yes","SUSPECTED MINOR INJURY","NONE","39.0837375","-77.15342333","    (39.0837375, -77.15342333)"
"MCP93010047","23007433","Montgomery County Police","Injury Crash","02/14/2023 08:40:00 AM","Municipality","SCHOOL DR","MUDDY BRANCH RD",,"N/A","PEDESTRIAN","SINGLE VEHICLE","N/A","DRY","DAYLIGHT","NO CONTROLS","N/A","N/A","8E8CF360-4D95-4DE2-9D9E-2CD7657DD578","PEDESTRIAN","Cross/Enter at Intersection","INATTENTIVE","ON ROADWAY AT CROSSWALK","Unknown","SUSPECTED MINOR INJURY","NONE","39.1177869","-77.21681391","    (39.1177869, -77.21681391)"
"MCP3129006B","230007320","Montgomery County Police","Injury Crash","02/13/2023 03:49:00 PM","County","RANDOLPH RD","VEIRS MILL RD",,"N/A","PEDESTRIAN","SINGLE VEHICLE","CLEAR","DRY","DAYLIGHT","TRAFFIC SIGNAL","NONE DETECTED","NONE DETECTED","F891A954-344C-4048-8F39-3F2447D00440","PEDESTRIAN","Cross/Enter at Intersection","NO IMPROPER ACTIONS","ON ROADWAY AT CROSSWALK","No","SUSPECTED MINOR INJURY","N/A","39.05625874","-77.0825617","    (39.05625874, -77.0825617)"
"MCP2592002L","230007232","Montgomery County Police","Injury Crash","02/13/2023 09:40:00 AM","County","GOSHEN RD","SNOUFFERS SCHOOL RD",,"N/A","PEDESTRIAN","HEAD ON LEFT TURN","CLEAR","WET","DAYLIGHT","TRAFFIC SIGNAL","NONE DETECTED","NONE DETECTED","F5DA0A76-E05C-4FFF-88FA-35556A299799","PEDESTRIAN","Standing","NO IMPROPER ACTIONS","SIDEWALK","No","SUSPECTED SERIOUS INJURY","NONE","39.18786333","-77.187085","    (39.18786333, -77.187085)"
"MCP27080080","230007388","Montgomery County Police","Injury Crash","02/12/2023 06:00:00 PM","County","CARROLL AVE","PINEY BRANCH RD",,"N/A","PEDESTRIAN","HEAD ON LEFT TURN","RAINING","WET","DUSK","TRAFFIC SIGNAL","N/A","N/A","D6CE3300-5017-42DD-A7C4-F2E6CF947C6A","PEDESTRIAN","Cross/Enter at Intersection","UNKNOWN","ON ROADWAY AT CROSSWALK","Unknown","POSSIBLE INJURY","N/A","38.99994443","-76.99078522","    (38.99994443, -76.99078522)"
"MCP31210056","230006903","Montgomery County Police","Injury Crash","02/10/2023 07:49:00 PM","County","MONTGOMERY VILLAGE AVE","CLUB HOUSE RD",,"N/A","PEDESTRIAN","SINGLE VEHICLE","N/A","DRY","DARK LIGHTS ON","TRAFFIC SIGNAL","NONE DETECTED","NONE DETECTED","E174A768-BA7A-4A47-BBA2-5BBCAC2F32A9","PEDESTRIAN","Cross/Enter at Intersection","UNKNOWN","AT INTERSECTION MARKED CROSSWALK","Yes","SUSPECTED MINOR INJURY","UNKNOWN","39.17451617","-77.20302183","    (39.17451617, -77.20302183)"
"DM8493001C","230006873","Takoma Park Police Depart","Injury Crash","02/10/2023 05:12:00 PM","Maryland (State)","CARROLL AVE","S MANOR CIR",,"TAKOMA PARK","PEDESTRIAN","OTHER","CLEAR","DRY","DAYLIGHT","NO CONTROLS","N/A","N/A","D0AD7032-224A-435B-995F-BC026872145A","PEDESTRIAN","Cross/Enter not at Intersection","DART DASH","ON ROADWAY NOT AT CROSSWALK","Yes","SUSPECTED MINOR INJURY","N/A","38.97856121","-77.00566701","    (38.97856121, -77.00566701)"
"MCP3331001F","230006620","Montgomery County Police","Injury Crash","02/09/2023 12:30:00 PM","County","OLD RANDOLPH RD","KEMP MILL RD",,"N/A","BICYCLIST","HEAD ON LEFT TURN","CLOUDY","DRY","DAYLIGHT","STOP SIGN","NONE DETECTED","NONE DETECTED","D2795D51-89A1-49FB-AEA5-5FB6DE38B706","BICYCLIST","Walking/Riding against Traffic","WRONG WAY RIDING OR WALKING","SHOULDER","Yes","SUSPECTED MINOR INJURY","MC/BIKE HELMET","39.0644735","-77.02918233","    (39.0644735, -77.02918233)"
"MCP29230091","230006564","Montgomery County Police","Injury Crash","02/09/2023 08:43:00 AM","Maryland (State)","GEORGIA AVE","LAYHILL RD",,"N/A","PEDESTRIAN","OTHER","CLOUDY","DRY","DAYLIGHT","TRAFFIC SIGNAL","NONE DETECTED","NONE DETECTED","27609523-9242-481D-900E-DFA15FF270F6","PEDESTRIAN","Cross/Enter at Intersection","DART DASH","AT INTERSECTION MARKED CROSSWALK","Yes","SUSPECTED MINOR INJURY","N/A","39.06029753","-77.05097211","    (39.06029753, -77.05097211)"
"MCP3111006F","230006544","Montgomery County Police","Injury Crash","02/09/2023 06:26:00 AM","Maryland (State)","ROCKVILLE PIKE","MARINELLI RD",,"N/A","PEDESTRIAN","SINGLE VEHICLE","CLOUDY","DRY","DARK LIGHTS ON","TRAFFIC SIGNAL","NONE DETECTED","NONE DETECTED","CAB8E30E-1363-46A1-9ABF-5ABC4339734A","PEDESTRIAN","Cross/Enter at Intersection","INATTENTIVE","ON ROADWAY AT CROSSWALK","Yes","SUSPECTED MINOR INJURY","NONE","39.0474655","-77.1129135","    (39.0474655, -77.1129135)"
"MCP93010046","230006362","Montgomery County Police","Injury Crash","02/08/2023 10:05:00 AM","County","WASHINGTONIAN BLVD","RAMP 6 FR SAM EIG HWY TO WASH. BLVD",,"N/A","PEDESTRIAN","SINGLE VEHICLE","CLEAR","DRY","DAYLIGHT","NO CONTROLS","N/A","N/A","B08D4EC0-A876-4998-8619-32549023E31A","PEDESTRIAN","Other","OTHER","SHOULDER","Unknown","NO APPARENT INJURY","N/A","39.11813701","-77.20631658","    (39.11813701, -77.20631658)"
"MCP93010046","230006362","Montgomery County Police","Injury Crash","02/08/2023 10:05:00 AM","County","WASHINGTONIAN BLVD","RAMP 6 FR SAM EIG HWY TO WASH. BLVD",,"N/A","PEDESTRIAN","SINGLE VEHICLE","CLEAR","DRY","DAYLIGHT","NO CONTROLS","N/A","N/A","63F48CD9-23A0-4B75-B1EC-82BA16848EDE","PEDESTRIAN","Other","OTHER","OTHER","Unknown","SUSPECTED MINOR INJURY","REFLECTIVE CLOTHING","39.11813701","-77.20631658","    (39.11813701, -77.20631658)"
"MCP25390029","230006310","Montgomery County Police","Injury Crash","02/07/2023 10:06:00 PM","Maryland (State)","16TH ST","SPRING ST",,"N/A","PEDESTRIAN","OTHER","CLEAR","DRY","DARK LIGHTS ON","OTHER","NONE DETECTED","NONE DETECTED","ED6E6D64-E807-41C7-AF2C-C8D4A7F2DE43","PEDESTRIAN","Cross/Enter not at Intersection","NO IMPROPER ACTIONS","ON ROADWAY AT CROSSWALK","No","SUSPECTED SERIOUS INJURY","N/A","38.99510224","-77.036345","    (38.99510224, -77.036345)"
"MCP284800BZ","230005556","Montgomery County Police","Injury Crash","02/07/2023 09:39:00 AM","County","PICKERING PL","WATERS LANDING DR",,"N/A","PEDESTRIAN","OTHER","N/A","DRY","DAYLIGHT","NO CONTROLS","NONE DETECTED","NONE DETECTED","8A579EFE-33CB-4B75-9826-586DC040BE3E","PEDESTRIAN","Walking to/from school","FAILURE TO YIELD RIGHT OF WAY","ON ROADWAY NOT AT CROSSWALK","Yes","SUSPECTED MINOR INJURY","NONE","39.18998","-77.270155","    (39.18998, -77.270155)"
"MCP209400LG","230006172","Montgomery County Police","Injury Crash","02/07/2023 08:35:00 AM","Maryland (State)","WISCONSIN AVE","MONTGOMERY LA",,"N/A","PEDESTRIAN","OTHER","CLEAR","WET","DAYLIGHT","TRAFFIC SIGNAL","NONE DETECTED","NONE DETECTED","FC675E08-A6D3-4F7E-A7C2-54B1E220EAE6","PEDESTRIAN","Cross/Enter at Intersection","NO IMPROPER ACTIONS","ON ROADWAY AT CROSSWALK","No","SUSPECTED MINOR INJURY","N/A","38.98354667","-77.09405167","    (38.98354667, -77.09405167)"
"MCP2001001Y","230005934","Montgomery County Police","Fatal Crash","02/05/2023 07:37:00 PM","Maryland (State)","GEORGIA AVE","RALPH RD",,"N/A","PEDESTRIAN","SINGLE VEHICLE","CLEAR","DRY","DARK LIGHTS ON","N/A","NONE DETECTED","ALCOHOL PRESENT","A46AEB19-8F05-4890-B7EA-676C83837C4B","PEDESTRIAN","Cross/Enter not at Intersection","IN ROADWAY IMPROPERLY","ON ROADWAY NOT AT CROSSWALK","Yes","FATAL INJURY","N/A","39.078885","-77.07246167","    (39.078885, -77.07246167)"
"MCP2780006G","230005668","Montgomery County Police","Injury Crash","02/03/2023 08:13:00 PM","County","MIDDLEBROOK RD","FREDERICK RD",,"N/A","PEDESTRIAN","N/A","CLOUDY","DRY","DARK LIGHTS ON","YIELD SIGN","N/A","N/A","3991F356-6DBA-40AB-A158-1B636D97DA0B","PEDESTRIAN","Cross/Enter at Intersection","FAILURE TO YIELD RIGHT OF WAY","AT INTERSECTION MARKED CROSSWALK","No","POSSIBLE INJURY","NONE","39.183033","-77.29010017","    (39.183033, -77.29010017)"
"MCP9379004J","230005579","Montgomery County Police","Injury Crash","02/03/2023 12:45:00 PM",,,,"PARKING LOT OF MOMS MARKET 10 UPPER ROCK CIRCLE",,"PEDESTRIAN","OTHER","CLEAR",,"DAYLIGHT","NO CONTROLS","NONE DETECTED","NONE DETECTED","10A83F23-8E51-4F53-ADB5-809EBFEF4AE6","PEDESTRIAN","Other","NO IMPROPER ACTIONS","OTHER","No","POSSIBLE INJURY","NONE","39.11339","-77.18479283","    (39.11339, -77.18479283)"
"MCP3243001C","230005507","Montgomery County Police","Injury Crash","02/02/2023 08:58:00 PM","Maryland (State)","BRADLEY LA","WISCONSIN AVE",,"N/A","BICYCLIST","SINGLE VEHICLE","CLEAR","DRY","DARK LIGHTS ON","TRAFFIC SIGNAL","NONE DETECTED","NONE DETECTED","C8DA1FD1-78CB-467C-AFA2-52FAE606EC47","BICYCLIST","Walking/Riding w/Traffic","N/A","ON ROADWAY AT CROSSWALK","Unknown","SUSPECTED MINOR INJURY","MC/BIKE HELMET","38.97710467","-77.09101133","    (38.97710467, -77.09101133)"
"MCP3328001K","230005439","Montgomery County Police","Injury Crash","02/02/2023 03:10:00 PM","Maryland (State)","VEIRS MILL RD","CLARIDGE RD",,"N/A","PEDESTRIAN","OTHER","CLEAR","DRY","DAYLIGHT","TRAFFIC SIGNAL","NONE DETECTED","N/A","CDA6553B-8860-4A34-BF1E-E7C91B30389A","PEDESTRIAN","Cross/Enter at Intersection","INATTENTIVE","ON ROADWAY AT CROSSWALK","No","SUSPECTED MINOR INJURY","NONE","39.04844671","-77.06927326","    (39.04844671, -77.06927326)"
"DD5583007T","230005382","Rockville Police Departme","Property Damage Crash","02/02/2023 09:00:00 AM","Service Road","S CAMPUS DR","ENT TO PARKING",,"N/A","PEDESTRIAN","SINGLE VEHICLE","CLEAR","DRY","DAYLIGHT","N/A","NONE DETECTED","UNKNOWN","C7EC8AD6-64E7-4CCE-AEB1-4E7DF44A91AD","PEDESTRIAN","Cross/Enter not at Intersection","DART DASH","ON ROADWAY NOT AT CROSSWALK","Yes","NO APPARENT INJURY","NONE","39.09637809","-77.15823874","    (39.09637809, -77.15823874)"
"MCP3290001W","230005368","Montgomery County Police","Injury Crash","02/02/2023 06:48:00 AM","Maryland (State)","PINEY BRANCH RD","MISSISSIPPI AVE",,"N/A","PEDESTRIAN","OTHER","CLEAR","DRY","DARK LIGHTS ON","NO CONTROLS","NONE DETECTED","NONE DETECTED","B8874FA0-967C-4276-850D-34B20E69EF8F","PEDESTRIAN","Cross/Enter at Intersection","UNKNOWN","ON ROADWAY AT CROSSWALK","No","POSSIBLE INJURY","NONE","38.98916667","-77.01190833","    (38.98916667, -77.01190833)"
"DM8479001S","230005339","Takoma Park Police Depart","Injury Crash","02/01/2023 08:08:00 PM","Maryland (State)","PHILADELPHIA AVE","CHICAGO AVE",,"TAKOMA PARK","PEDESTRIAN","OTHER","CLEAR","DRY","DARK LIGHTS ON","UNKNOWN","N/A","N/A","3DADC849-B288-46BE-A9F2-9517D006F2E6","PEDESTRIAN","Cross/Enter at Intersection","UNKNOWN","AT INTERSECTION MARKED CROSSWALK","No","POSSIBLE INJURY","NONE","38.98672742","-77.02150401","    (38.98672742, -77.02150401)"
"MCP26860061","230005347","Montgomery County Police","Fatal Crash","02/01/2023 07:40:00 PM","County","MONTGOMERY VILLAGE AVE","CENTERWAY RD",,"N/A","PEDESTRIAN","SINGLE VEHICLE","CLEAR","DRY","DARK LIGHTS ON","TRAFFIC SIGNAL","NONE DETECTED","NONE DETECTED","1BDE7422-DF79-4118-9BE3-40B35DE6B6BB","PEDESTRIAN","Cross/Enter at Intersection","UNKNOWN","ON ROADWAY AT CROSSWALK","Unknown","FATAL INJURY","NONE","39.17288383","-77.203517","    (39.17288383, -77.203517)"
"EJ7781003S","230005206","Gaithersburg Police Depar","Injury Crash","02/01/2023 09:45:00 AM","County","MUDDY BRANCH RD","WEST SIDE DR",,"GAITHERSBURG","PEDESTRIAN","OTHER","CLEAR","DRY","DAYLIGHT","STOP SIGN","NONE DETECTED","NONE DETECTED","2F8CA36D-017D-45EB-AE40-31F586468190","PEDESTRIAN","Cross/Enter at Intersection","NO IMPROPER ACTIONS","AT INTERSECTION BUT NO CROSSWALK","No","POSSIBLE INJURY","N/A","39.12896292","-77.20577262","    (39.12896292, -77.20577262)"
"MCP32450045","230005127","Montgomery County Police","Injury Crash","01/31/2023 05:35:00 PM","County","OMEGA DR","RESEARCH BLVD",,"N/A","PEDESTRIAN","N/A","RAINING","WET","DARK LIGHTS ON","NO CONTROLS","NONE DETECTED","NONE DETECTED","C7BCC13C-EADB-419E-9CC4-F1C49796119D","PEDESTRIAN","Cross/Enter not at Intersection","DART DASH","ON ROADWAY NOT AT CROSSWALK","Yes","POSSIBLE INJURY","NONE","39.10871833","-77.19306417","    (39.10871833, -77.19306417)"
"MCP32450045","230005127","Montgomery County Police","Injury Crash","01/31/2023 05:35:00 PM","County","OMEGA DR","RESEARCH BLVD",,"N/A","PEDESTRIAN","N/A","RAINING","WET","DARK LIGHTS ON","NO CONTROLS","NONE DETECTED","NONE DETECTED","128E2078-BE75-4D57-8289-B0F516541775","PEDESTRIAN","Cross/Enter not at Intersection","DART DASH","ON ROADWAY NOT AT CROSSWALK","Yes","POSSIBLE INJURY","NONE","39.10871833","-77.19306417","    (39.10871833, -77.19306417)"
"MCP30480098","230005096","Montgomery County Police","Injury Crash","01/31/2023 03:30:00 PM","Maryland (State)","ROCKVILLE PIKE","CEDAR LA",,"N/A","PEDESTRIAN","OTHER","CLEAR","DRY","DAYLIGHT","TRAFFIC SIGNAL","N/A","N/A","843F9A7D-6597-4120-A1A5-07495D4ECBD8","PEDESTRIAN","Cross/Enter at Intersection","NO IMPROPER ACTIONS","AT INTERSECTION MARKED CROSSWALK","No","SUSPECTED MINOR INJURY","N/A","39.00177117","-77.05545783","    (39.00177117, -77.05545783)"
"MCP3264003K","230005086","Montgomery County Police","Injury Crash","01/31/2023 01:00:00 PM","Maryland (State)","GEORGIA AVE","FENWICK LA",,"N/A","PEDESTRIAN","OTHER","RAINING","WET","DAYLIGHT","NO CONTROLS","NONE DETECTED","NONE DETECTED","E038A52D-4581-4ADC-9C0D-6EB8C1B59031","PEDESTRIAN","Cross/Enter at Intersection","NO IMPROPER ACTIONS","ON ROADWAY AT CROSSWALK","No","POSSIBLE INJURY","NONE","38.9983479","-77.0305945","    (38.9983479, -77.0305945)"
"MCP2195005S","230004805","Montgomery County Police","Injury Crash","01/30/2023 06:30:00 AM",,,,"PARKING LOT 16651 CRABBS BRANCH WAY",,"PEDESTRIAN","OTHER","CLEAR",,"DARK LIGHTS ON","NO CONTROLS","NONE DETECTED","NONE DETECTED","388A4E62-F4CC-4669-AAAF-1B5C475251DE","PEDESTRIAN","Other","FAILURE TO YIELD RIGHT OF WAY","OTHER","Yes","POSSIBLE INJURY","N/A","39.12764833","-77.16462333","    (39.12764833, -77.16462333)"
"MCP3296001L","230004760","Montgomery County Police","Injury Crash","01/29/2023 06:26:00 PM","County","LOCKWOOD DR","NEW HAMPSHIRE AVE",,"N/A","BICYCLIST","SINGLE VEHICLE","CLEAR","WET","DARK LIGHTS ON","TRAFFIC SIGNAL","NONE DETECTED","NONE DETECTED","7518586B-1F02-4DBD-96D3-5A63F76F5091","BICYCLIST","Cross/Enter at Intersection","FAILURE TO OBEY TRAFFIC SIGNS SIGNALS OR OFFICER","AT INTERSECTION MARKED CROSSWALK","Yes","SUSPECTED MINOR INJURY","NONE","39.03965516","-76.99090693","    (39.03965516, -76.99090693)"
"DD56580004","230004458","Rockville Police Departme","Injury Crash","01/27/2023 01:30:00 PM","Maryland (State)","ROCKVILLE PIKE","CHURCH ST",,"ROCKVILLE","PEDESTRIAN","N/A","CLEAR","N/A","DAYLIGHT","TRAFFIC SIGNAL","N/A","N/A","5F0980D7-04A4-4D02-A455-FD49148169ED","PEDESTRIAN","Walking/Riding w/Traffic","N/A","OTHER","No","POSSIBLE INJURY","N/A","39.0839455","-77.15342883","    (39.0839455, -77.15342883)"
"EJ78520070","230004374","Gaithersburg Police Depar","Injury Crash","01/26/2023 08:05:00 PM","Municipality","GIRARD ST","LARKSPUR WAY",,"GAITHERSBURG","BICYCLIST","HEAD ON LEFT TURN","N/A","DRY","DARK LIGHTS ON","NO CONTROLS","NONE DETECTED","NONE DETECTED","46552CE2-6055-4346-93C6-477E3CD9D2C0","BICYCLIST","N/A","FAILURE TO YIELD RIGHT OF WAY","ON ROADWAY NOT AT CROSSWALK","Yes","SUSPECTED MINOR INJURY","UNKNOWN","39.14810642","-77.18608087","    (39.14810642, -77.18608087)"
"MCP12330052","230004363","Montgomery County Police","Injury Crash","01/26/2023 07:05:00 PM",,,,"5500 BLK OF RANDOLPH RD.",,"PEDESTRIAN","STRAIGHT MOVEMENT ANGLE","N/A",,"DARK NO LIGHTS","NO CONTROLS","NONE DETECTED","NONE DETECTED","784D8F3C-C096-488E-8AF8-E050C903FF5E","PEDESTRIAN","Other","NO IMPROPER ACTIONS","OTHER","No","POSSIBLE INJURY","N/A","39.05255167","-77.111165","    (39.05255167, -77.111165)"
"MCP32450043","230004325","Montgomery County Police","Injury Crash","01/26/2023 04:18:00 PM","County","FLOWER HILL WAY","MOUNTAIN LAUREL LA",,"N/A","PEDESTRIAN","N/A","CLEAR","DRY","DAYLIGHT","NO CONTROLS","NONE DETECTED","NONE DETECTED","0DC6EFEE-EB96-4305-9615-6FDFA9F9BE40","PEDESTRIAN","Cross/Enter at Intersection","NO IMPROPER ACTIONS","ON ROADWAY AT CROSSWALK","No","SUSPECTED MINOR INJURY","NONE","39.16172543","-77.17262688","    (39.16172543, -77.17262688)"
"DD5648001P","230004285","Rockville Police Departme","Property Damage Crash","01/26/2023 01:36:00 PM",,,,"PARKING LOT OF 824 ROCKVILLE PIKE",,"PEDESTRIAN","OTHER","CLOUDY",,"DAYLIGHT","N/A","UNKNOWN","NONE DETECTED","B850DEC6-6318-4BA1-8D68-3A47DA08E6DB","PEDESTRIAN","Other","NO IMPROPER ACTIONS","OTHER","No","NO APPARENT INJURY","NONE","39.07652084","-77.13802343","    (39.07652084, -77.13802343)"
"MCP3254002P","230004207","Montgomery County Police","Injury Crash","01/26/2023 07:18:00 AM","County","WISTERIA DR","PARTRIDGE WOOD DR",,"N/A","PEDESTRIAN","SINGLE VEHICLE","CLEAR","WET","DAYLIGHT","SCHOOL ZONE SIGN DEVICE","NONE DETECTED","NONE DETECTED","62482EE4-54A1-4185-BD89-04F8D6F1AB1D","PEDESTRIAN","Cross/Enter at Intersection","NO IMPROPER ACTIONS","ON ROADWAY AT CROSSWALK","No","SUSPECTED MINOR INJURY","NONE","39.16670087","-77.25934287","    (39.16670087, -77.25934287)"
"MCP2771001Q","230004201","Montgomery County Police","Injury Crash","01/26/2023 06:45:00 AM","Maryland (State)","CONNECTICUT AVE","WELLER RD",,"N/A","PEDESTRIAN","OTHER","FOGGY","WET","DARK LIGHTS ON","TRAFFIC SIGNAL","N/A","N/A","9984EB0D-AC3B-4933-A00D-033FC218CA48","PEDESTRIAN","Walking to/from school","NO IMPROPER ACTIONS","ON ROADWAY AT CROSSWALK","No","SUSPECTED MINOR INJURY","NONE","39.06365833","-77.07338667","    (39.06365833, -77.07338667)"
"MCP3201003Q","230004200","Montgomery County Police","Injury Crash","01/26/2023 06:25:00 AM","County","CRYSTAL ROCK DR","CRYSTAL ROCK DR (AHEAD)",,"N/A","PEDESTRIAN","OTHER","CLEAR","WET","DARK NO LIGHTS","STOP SIGN","NONE DETECTED","NONE DETECTED","D23C1EA6-D6D4-413B-866E-79F349CC666F","PEDESTRIAN","Cross/Enter at Intersection","NOT VISIBLE","ON ROADWAY AT CROSSWALK","No","POSSIBLE INJURY","NONE","39.17916533","-77.26167533","    (39.17916533, -77.26167533)"
"MCP3277002D","230004189","Montgomery County Police","Injury Crash","01/25/2023 09:00:00 PM","Maryland (State)","MONTGOMERY VILLAGE AVE","LOST KNIFE RD",,"N/A","PEDESTRIAN","N/A","RAINING","WET","DARK -- UNKNOWN LIGHTING","TRAFFIC SIGNAL","UNKNOWN","NONE DETECTED","46E96783-9163-4681-A9E5-057A159C0DD8","PEDESTRIAN","Cross/Enter at Intersection","UNKNOWN","ON ROADWAY AT CROSSWALK","No","SUSPECTED MINOR INJURY","NONE","39.15806039","-77.20414207","    (39.15806039, -77.20414207)"
"MCP209400L9","230004121","Montgomery County Police","Injury Crash","01/25/2023 03:13:00 PM","County","WOODMONT AVE","ELM ST",,"N/A","PEDESTRIAN","OTHER","CLOUDY","WET","DAYLIGHT","TRAFFIC SIGNAL","UNKNOWN","NONE DETECTED","C4034FAF-6571-4D2F-B73F-E936EC177560","PEDESTRIAN","Cross/Enter at Intersection","NO IMPROPER ACTIONS","ON ROADWAY AT CROSSWALK","No","SUSPECTED SERIOUS INJURY","NONE","38.98224667","-77.09599333","    (38.98224667, -77.09599333)"
"MCP33370015","230003988","Montgomery County Police","Injury Crash","01/24/2023 08:52:00 PM","County","DALEWOOD DR","EVERTON ST",,"N/A","PEDESTRIAN","HEAD ON","CLEAR","DRY","DARK LIGHTS ON","NO CONTROLS","NONE DETECTED","NONE DETECTED","3FE9858B-2BFD-4A8A-9AFC-9099E9631777","PEDESTRIAN","Cross/Enter at Intersection","NO IMPROPER ACTIONS","ON ROADWAY AT CROSSWALK","No","SUSPECTED MINOR INJURY","N/A","39.0919575","-77.06938833","    (39.0919575, -77.06938833)"
"MCP271700XF","230003968","Montgomery County Police","Injury Crash","01/24/2023 07:05:00 PM","County","NORMANDY CROSSING DR","NORMANDY SQUARE DR",,"N/A","PEDESTRIAN","OTHER","CLEAR","DRY","DARK LIGHTS ON","NO CONTROLS","NONE DETECTED","NONE DETECTED","CA77BA87-00F2-442C-B13C-0E44E19A6691","PEDESTRIAN","Cross/Enter at Intersection","NO IMPROPER ACTIONS","ON ROADWAY NOT AT CROSSWALK","No","SUSPECTED MINOR INJURY","NONE","39.10208817","-77.05068733","    (39.10208817, -77.05068733)"