"Report Number","Local Case Number","Agency Name","ACRS Report Type","Crash Date/Time","Route Type","Road Name","Cross-Street Name","Off-Road Description","Municipality","Related Non-Motorist","Collision Type","Weather","Surface Condition","Light","Traffic Control","Driver Substance Abuse","Non-Motorist Substance Abuse","Person ID","Pedestrian Type","Pedestrian Movement","Pedestrian Actions","Pedestrian Location","At Fault","Injury Severity","Safety Equipment","Latitude","Longitude","Location"
"MCP3258002C","220033289","Montgomery County Police","Injury Crash","08/03/2022 11:20:00 AM","Maryland (State)","UNIVERSITY BLVD W","SLIGO CREEK PKWY",,"N/A","BICYCLIST","SAME DIR REAR END","CLEAR","DRY","DAYLIGHT","N/A","NONE DETECTED","NONE DETECTED","B9211566-2794-4748-882E-4F23DB107508","BICYCLIST","Walking/Riding w/Traffic","N/A","ON ROADWAY NOT AT CROSSWALK","No","POSSIBLE INJURY","MC/BIKE HELMET","39.036365","-77.028885","    (39.036365, -77.028885)"
"MCP2351004M","220033249","Montgomery County Police","Injury Crash","08/03/2022 06:44:00 AM","Maryland (State)","FREDERICK RD","E GUDE DR",,"N/A","OTHER","OTHER","CLEAR","DRY","DAYLIGHT","TRAFFIC SIGNAL","NONE DETECTED","NONE DETECTED","4A9BBEB9-6DD7-4477-B60C-D1CF6A131C58","OTHER","Cross/Enter at Intersection","UNKNOWN","ON ROADWAY AT CROSSWALK","Unknown","SUSPECTED MINOR INJURY","NONE","39.106885","-77.15823833","    (39.106885, -77.15823833)"
"MCP289200CN","220033164","Montgomery County Police","Injury Crash","08/02/2022 03:45:00 PM","US (State)","COLESVILLE RD","UNIVERSITY BLVD E",,"N/A","PEDESTRIAN","SINGLE VEHICLE","CLEAR","DRY","DAYLIGHT","TRAFFIC SIGNAL","NONE DETECTED","NONE DETECTED","E59834BA-AEFD-4E2E-AA70-A175C117E119","PEDESTRIAN","Cross/Enter at Intersection","NO IMPROPER ACTIONS","ON ROADWAY AT CROSSWALK","No","POSSIBLE INJURY","NONE","39.019485","-77.01374","    (39.019485, -77.01374)"
"MCP1550003J","220033123","Montgomery County Police","Injury Crash","08/02/2022 07:00:00 AM","County","TALBOT AVE","BROOKVILLE RD",,"N/A","PEDESTRIAN","OTHER","CLEAR","DRY","DAWN","NO CONTROLS","NONE DETECTED","NONE DETECTED","72F32F31-6169-454E-86C9-2614E6B47963","PEDESTRIAN","Standing","NO IMPROPER ACTIONS","OTHER","Yes","SUSPECTED MINOR INJURY","N/A","39.00538167","-77.049815","    (39.00538167, -77.049815)"
"MCP1550003H","220033001","Montgomery County Police","Injury Crash","08/01/2022 12:35:00 PM","Maryland (State)","EAST WEST HWY","GRUBB RD",,"N/A","PEDESTRIAN","OTHER","CLEAR","DRY","DAYLIGHT","TRAFFIC SIGNAL","NONE DETECTED","NONE DETECTED","20AC2979-5630-49BC-A885-46FEEBEC86EB","PEDESTRIAN","Cross/Enter at Intersection","NO IMPROPER ACTIONS","ON ROADWAY AT CROSSWALK","No","SUSPECTED MINOR INJURY","NONE","38.99410167","-77.05247167","    (38.99410167, -77.05247167)"
"MCP209400K4","220032977","Montgomery County Police","Injury Crash","08/01/2022 09:56:00 AM",,,,"PARKING LOT OF
5601 RIVER RD",,"PEDESTRIAN","OTHER","CLEAR",,"DAYLIGHT","N/A","NONE DETECTED","NONE DETECTED","C9026060-C94E-4881-8D2E-E07E5FB1B83D","PEDESTRIAN","Other","OTHER","OTHER","No","SUSPECTED SERIOUS INJURY","N/A","38.97064","-77.11159333","    (38.97064, -77.11159333)"
"MCP3129004V","220032884","Montgomery County Police","Injury Crash","07/31/2022 04:33:00 PM","Maryland (State)","OLNEY SANDY SPRING RD","ENT TO SCHOOL",,"N/A","OTHER","SINGLE VEHICLE","RAINING","WET","DAYLIGHT","NO CONTROLS","NONE DETECTED","N/A","77060B15-9755-4425-9FEB-44807F45FD4E","OTHER","N/A","N/A","N/A","No","NO APPARENT INJURY","N/A","39.14908333","-77.05565167","    (39.14908333, -77.05565167)"
"MCP3005006Q","220032865","Montgomery County Police","Injury Crash","07/31/2022 11:50:00 AM","County","SELFRIDGE RD","MAHAN RD",,"N/A","PEDESTRIAN","SINGLE VEHICLE","CLEAR","DRY","DAYLIGHT","NO CONTROLS","NONE DETECTED","NONE DETECTED","682792F0-7C86-44D0-A32B-E84E5CC9B165","PEDESTRIAN","Standing","OTHER","OTHER","Unknown","POSSIBLE INJURY","N/A","39.05519","-77.08034","    (39.05519, -77.08034)"
"DD56510020","220032828","Rockville Police Departme","Injury Crash","07/31/2022 04:08:00 AM",,,,"1001 ROCKVILLE PIKE PARKING LOT",,"PEDESTRIAN","OTHER","CLEAR",,"DARK NO LIGHTS","N/A","UNKNOWN","NONE DETECTED","96131BBC-8439-4B9E-9AAD-EEF5456CAA0B","PEDESTRIAN","Other","NO IMPROPER ACTIONS","OTHER","No","SUSPECTED MINOR INJURY","NONE","39.0618885","-77.12498919","    (39.0618885, -77.12498919)"
"MCP3129004T","220032808","Montgomery County Police","Injury Crash","07/31/2022 12:02:00 AM","Maryland (State)","GEORGIA AVE","ENT TO BUSINESS",,"N/A","OTHER CONVEYANCE","OTHER","CLEAR","DRY","DARK LIGHTS ON","NO CONTROLS","UNKNOWN","NONE DETECTED","0019A7E9-D967-40AE-950C-00CE3D320DB5","OTHER CONVEYANCE","Walking/Riding w/Traffic","NO IMPROPER ACTIONS","ON ROADWAY NOT AT CROSSWALK","No","SUSPECTED SERIOUS INJURY","LIGHTING","39.05801333","-77.04850333","    (39.05801333, -77.04850333)"
"MCP2107003N","220032576","Montgomery County Police","Injury Crash","07/29/2022 10:52:00 AM",,"LONGSPUR ALLEY","DOVEKIE AVE",,"N/A","PEDESTRIAN","OTHER","CLOUDY","DRY","DAYLIGHT","NO CONTROLS","NONE DETECTED","NONE DETECTED","6E637678-FB8B-4312-9566-E6593229CD17","PEDESTRIAN","Standing","N/A","OTHER","No","POSSIBLE INJURY","N/A","39.21689883","-77.2822025","    (39.21689883, -77.2822025)"
"MCP3048008D","220032556","Montgomery County Police","Injury Crash","07/29/2022 07:50:00 AM",,,,"PARKING LOT MEN'S SHELTER 11600 NEBEL STREET ROCKVILLE, MD",,"PEDESTRIAN","OTHER","CLOUDY",,"DAYLIGHT","N/A","UNKNOWN","N/A","2F4983B3-7CC6-4522-B5DD-912450F8C195","PEDESTRIAN","Standing","NO IMPROPER ACTIONS","OTHER","No","SUSPECTED MINOR INJURY","N/A","39.01023333","-77.11491667","    (39.01023333, -77.11491667)"
"MCP3305001T","220032397","Montgomery County Police","Injury Crash","07/28/2022 05:07:00 AM","Maryland (State)","NEW HAMPSHIRE AVE","POWDER MILL RD",,"N/A","PEDESTRIAN","SINGLE VEHICLE","CLEAR","DRY","DARK LIGHTS ON","TRAFFIC SIGNAL","UNKNOWN","NONE DETECTED","697F2A4F-5458-4EA6-89E2-AABCEFB9AC4B","PEDESTRIAN","Cross/Enter at Intersection","UNKNOWN","AT INTERSECTION MARKED CROSSWALK","No","SUSPECTED SERIOUS INJURY","NONE","39.04573167","-76.99053167","    (39.04573167, -76.99053167)"
"MCP2556004B","220032375","Montgomery County Police","Property Damage Crash","07/27/2022 08:23:00 PM","Other Public Roadway","TOPFIELD DR","PEPPERWOOD LA",,"N/A","OTHER","SINGLE VEHICLE","N/A","DRY","DUSK","NO CONTROLS","ALCOHOL PRESENT","N/A","BE558C17-7280-421C-A866-E78A6EB6C21E","OTHER","N/A","NO IMPROPER ACTIONS","OTHER","No","NO APPARENT INJURY","N/A","39.15203667","-77.23350833","    (39.15203667, -77.23350833)"
"MCP291400CN","220032095","Montgomery County Police","Injury Crash","07/25/2022 10:15:00 PM","Maryland (State)","16TH ST","EAST WEST HWY",,"N/A","OTHER","OTHER","CLEAR","N/A","DARK LIGHTS ON","TRAFFIC SIGNAL","N/A","N/A","BCE81ED3-041B-4F0D-B34B-0AFEA339E316","OTHER","Cross/Enter at Intersection","FAILURE TO OBEY TRAFFIC SIGNS SIGNALS OR OFFICER","ON ROADWAY AT CROSSWALK","Yes","SUSPECTED MINOR INJURY","UNKNOWN","38.991065","-77.02728667","    (38.991065, -77.02728667)"
"EJ7884004Q","220032034","Gaithersburg Police Depar","Injury Crash","07/25/2022 03:28:00 PM","County","DIAMONDBACK DR","SAM EIG HWY",,"N/A","PEDESTRIAN","STRAIGHT MOVEMENT ANGLE","RAINING","WET","DAYLIGHT","OTHER","N/A","N/A","BA46340F-4D64-4934-8EE1-C4D3D9AB3C29","PEDESTRIAN","Cross/Enter at Intersection","NO IMPROPER ACTIONS","ON ROADWAY AT CROSSWALK","No","SUSPECTED MINOR INJURY","NONE","39.14105145","-77.20802565","    (39.14105145, -77.20802565)"
"MCP3006007G","220031975","Montgomery County Police","Injury Crash","07/25/2022 09:03:00 AM",,,,"12510 VEIRS MILL ROAD, ROCKVILLE, MD 20853 ON ROCKCREEK TERRACE DRIVEWAY",,"BICYCLIST","STRAIGHT MOVEMENT ANGLE","CLEAR",,"DAYLIGHT","NO CONTROLS","NONE DETECTED","NONE DETECTED","954A3E1C-32A4-42C6-89EA-4E23FD44A21A","BICYCLIST","Walking/Cycling on Sidewalk","WRONG WAY RIDING OR WALKING","SIDEWALK","Yes","POSSIBLE INJURY","MC/BIKE HELMET","39.06200167","-77.09347","    (39.06200167, -77.09347)"
"MCP2753005N","220031949","Montgomery County Police","Injury Crash","07/25/2022 05:17:00 AM","County","GOOD HOPE RD","RAINBOW DR",,"N/A","PEDESTRIAN","OTHER","CLEAR","DRY","DARK LIGHTS ON","STOP SIGN","NONE DETECTED","NONE DETECTED","08047BB8-5175-48A0-9795-220CA0357FC7","PEDESTRIAN","Standing","OTHER","AT INTERSECTION BUT NO CROSSWALK","Unknown","SUSPECTED MINOR INJURY","NONE","39.11042167","-76.979125","    (39.11042167, -76.979125)"
"MCP2335001Q","220031928","Montgomery County Police","Injury Crash","07/24/2022 11:00:00 PM","County","NEEDLE DR","STRINGTOWN RD",,"N/A","PEDESTRIAN","SINGLE VEHICLE","CLEAR","DRY","DARK NO LIGHTS","NO CONTROLS","N/A","NONE DETECTED","35423570-E129-434F-8BDB-442BFEDA3082","PEDESTRIAN","Standing","UNKNOWN","OTHER","No","SUSPECTED SERIOUS INJURY","N/A","39.22153777","-77.24664433","    (39.22153777, -77.24664433)"
"MCP2637004P","220031709","Montgomery County Police","Injury Crash","07/23/2022 11:30:00 AM","County","GLEN RD","TRAVILAH RD",,"N/A","BICYCLIST","OTHER","CLEAR","DRY","DAYLIGHT","N/A","NONE DETECTED","NONE DETECTED","117DA1B4-CC69-48D3-BAB8-47A4D6DC7BE3","BICYCLIST","Walking/Riding w/Traffic","NO IMPROPER ACTIONS","SHOULDER","No","POSSIBLE INJURY","MC/BIKE HELMET","39.06776667","-77.25899333","    (39.06776667, -77.25899333)"
"MCP32570057","220031653","Montgomery County Police","Injury Crash","07/22/2022 11:00:00 PM","Maryland (State)","ROCKVILLE PIKE","NICHOLSON LA",,"N/A","PEDESTRIAN","SINGLE VEHICLE","CLEAR","DRY","DARK LIGHTS ON","NO CONTROLS","UNKNOWN","NONE DETECTED","7851EA99-B623-43E6-AE18-7FCC52EC8334","PEDESTRIAN","Standing","NOT VISIBLE","CURB","No","POSSIBLE INJURY","NONE","39.04869651","-77.09443398","    (39.04869651, -77.09443398)"
"MCP29650061","220031212","Montgomery County Police","Injury Crash","07/20/2022 10:49:00 AM",,,,"18040 GEORGIA AVE, OLNEY, MD 20832",,"PEDESTRIAN","SINGLE VEHICLE","CLEAR",,"DAYLIGHT","N/A","NONE DETECTED","NONE DETECTED","C696642E-2277-456D-AEA1-544C3188E8B0","PEDESTRIAN","Walking/Cycling on Sidewalk","NO IMPROPER ACTIONS","SIDEWALK","No","POSSIBLE INJURY","NONE","39.14917333","-77.06629833","    (39.14917333, -77.06629833)"
"DD5540001Y","220031120","Rockville Police Departme","Injury Crash","07/19/2022 06:13:00 PM","Municipality","FALLSGROVE DR","ENT TO APARTMENTS",,"N/A","PEDESTRIAN","SINGLE VEHICLE","CLEAR","DRY","DAYLIGHT","N/A","NONE DETECTED","NONE DETECTED","464C88EA-3110-4436-A1BF-F25EBB35A842","PEDESTRIAN","Cross/Enter at Intersection","NO IMPROPER ACTIONS","AT INTERSECTION MARKED CROSSWALK","No","SUSPECTED MINOR INJURY","NONE","39.07429441","-77.13723376","    (39.07429441, -77.13723376)"
"DD5540001X","220031080","Rockville Police Departme","Injury Crash","07/19/2022 03:55:00 PM",,,,"PARKING LOT 1683 ROCKVILLE PIKE",,"PEDESTRIAN","SINGLE VEHICLE","CLEAR",,"DAYLIGHT","NO CONTROLS","NONE DETECTED","NONE DETECTED","AB460B3F-9A81-4456-93B8-3098A41FE8CA","PEDESTRIAN","Other","NO IMPROPER ACTIONS","N/A","No","SUSPECTED MINOR INJURY","N/A","39.07429441","-77.13723376","    (39.07429441, -77.13723376)"
"MCP3201002T","220031043","Montgomery County Police","Injury Crash","07/19/2022 12:59:00 PM","Maryland (State)","GREAT SENECA HWY","MATENY RD",,"N/A","PEDESTRIAN","OTHER","CLEAR","DRY","DAYLIGHT","TRAFFIC SIGNAL","NONE DETECTED","NONE DETECTED","63C886EB-FE8A-47B6-86BA-E8BEA8404C41","PEDESTRIAN","Cross/Enter at Intersection","FAILURE TO OBEY TRAFFIC SIGNS SIGNALS OR OFFICER","AT INTERSECTION MARKED CROSSWALK","Yes","POSSIBLE INJURY","NONE","39.14614317","-77.274504","    (39.14614317, -77.274504)"
"MCP32060024","220031010","Montgomery County Police","Property Damage Crash","07/19/2022 10:30:00 AM","County","QUEBEC ST","RUATAN ST",,"N/A","OTHER","OPPOSITE DIRECTION SIDESWIPE","CLEAR","DRY","DAYLIGHT","NO CONTROLS","NONE DETECTED","N/A","9BACDBB3-CF17-43C9-8EF5-64AC863C448D","OTHER","N/A","OTHER","N/A","No","NO APPARENT INJURY","NONE","38.999831","-76.98935667","    (38.999831, -76.98935667)"
"MCP32760027","220030521","Montgomery County Police","Injury Crash","07/19/2022 01:37:00 AM",,,,"8101 FENTON ST 7/11 PARKING LOT",,"PEDESTRIAN","OTHER","CLEAR",,"DARK LIGHTS ON","NO CONTROLS","UNKNOWN","NONE DETECTED","45106BF2-3223-4389-A7FE-158DB3351495","PEDESTRIAN","Standing","NO IMPROPER ACTIONS","OTHER","No","SUSPECTED MINOR INJURY","N/A","38.99053","-77.02358","    (38.99053, -77.02358)"
"EJ78950029","220030840","Gaithersburg Police Depar","Injury Crash","07/18/2022 12:35:00 PM",,,,"DRIVEWAY OF 340 N SUMMIT AVENUE",,"BICYCLIST","STRAIGHT MOVEMENT ANGLE","CLEAR",,"DAYLIGHT","NO CONTROLS","NONE DETECTED","NONE DETECTED","030337C2-DE0A-4FE1-B4DA-A48891536DF9","BICYCLIST","Walking/Cycling on Sidewalk","INATTENTIVE","SIDEWALK","Yes","SUSPECTED MINOR INJURY","NONE","39.14100877","-77.20797875","    (39.14100877, -77.20797875)"
"MCP3016003S","220030779","Montgomery County Police","Injury Crash","07/18/2022 05:54:00 AM","County","WARING STATION RD","SUMMER OAK DR",,"N/A","PEDESTRIAN","OTHER","CLOUDY","DRY","DAWN","YIELD SIGN","UNKNOWN","N/A","4FA3176B-E933-459C-AA6E-B1BA3BA5E4C6","PEDESTRIAN","N/A","IN ROADWAY IMPROPERLY","N/A","Yes","POSSIBLE INJURY","N/A","39.16473833","-77.24378667","    (39.16473833, -77.24378667)"
"EJ7851007Z","220030691","Gaithersburg Police Depar","Injury Crash","07/17/2022 02:15:00 PM","Municipality","GIRARD ST","E DIAMOND AVE",,"GAITHERSBURG","PEDESTRIAN","OTHER","CLEAR","DRY","DAYLIGHT","TRAFFIC SIGNAL","UNKNOWN","NONE DETECTED","36DE34F1-8A18-4378-A7FC-530770DBD4D1","PEDESTRIAN","Cross/Enter at Intersection","NO IMPROPER ACTIONS","ON ROADWAY AT CROSSWALK","No","SUSPECTED MINOR INJURY","NONE","39.15382756","-77.20230706","    (39.15382756, -77.20230706)"
"EJ78790028","220030495","Gaithersburg Police Depar","Injury Crash","07/15/2022 09:20:00 PM","Municipality","E DIAMOND AVE","PARK AVE",,"GAITHERSBURG","PEDESTRIAN","SINGLE VEHICLE","CLEAR","DRY","DARK LIGHTS ON","NO CONTROLS","NONE DETECTED","UNKNOWN","BF9E980C-2AEF-4ABA-8E87-DB7DE0633917","PEDESTRIAN","Cross/Enter not at Intersection","IN ROADWAY IMPROPERLY","ON ROADWAY NOT AT CROSSWALK","Yes","SUSPECTED SERIOUS INJURY","NONE","39.13991223","-77.19555445","    (39.13991223, -77.19555445)"
"MCP3256001D","220030286","Montgomery County Police","Injury Crash","07/15/2022 05:12:00 PM","County","LOCKWOOD DR","NEW HAMPSHIRE AVE",,"N/A","PEDESTRIAN","OTHER","CLEAR","DRY","DAYLIGHT","NO CONTROLS","NONE DETECTED","NONE DETECTED","FE2861D5-34A2-4FC1-80C4-3E8258A73E6C","PEDESTRIAN","Cross/Enter not at Intersection","NO IMPROPER ACTIONS","MIDBLOCK MARKED CROSSWALK","No","SUSPECTED SERIOUS INJURY","NONE","39.05324833","-76.96290833","    (39.05324833, -76.96290833)"
"MCP94320035","220030117","Montgomery County Police","Injury Crash","07/13/2022 04:20:00 PM","Government","SLIGO CREEK PKWY","WAYNE AVE",,"N/A","BICYCLIST","SAME DIRECTION SIDESWIPE","CLEAR","DRY","DAYLIGHT","NO CONTROLS","UNKNOWN","NONE DETECTED","0CFC5438-5400-4126-9B2F-54F9FD5F2A15","BICYCLIST","Walking/Riding w/Traffic","NO IMPROPER ACTIONS","ON ROADWAY NOT AT CROSSWALK","No","POSSIBLE INJURY","MC/BIKE HELMET","39.06635383","-77.1597625","    (39.06635383, -77.1597625)"
"MCP3174003C","220030103","Montgomery County Police","Injury Crash","07/13/2022 03:07:00 PM","County","EAST VILLAGE AVE","PLUM CREEK DR",,"N/A","PEDESTRIAN","SINGLE VEHICLE","CLEAR","DRY","DAYLIGHT","NO CONTROLS","NONE DETECTED","NONE DETECTED","1C67924E-A164-45E9-B952-1DF78A63723A","PEDESTRIAN","Walking/Cycling on Sidewalk","NO IMPROPER ACTIONS","SIDEWALK","No","SUSPECTED SERIOUS INJURY","N/A","39.18807","-77.16496","    (39.18807, -77.16496)"
"MCP2496003C","220030048","Montgomery County Police","Injury Crash","07/13/2022 09:58:00 AM","Municipality","SENECA CHASE PARK RD","SPATES HILL RD",,"POOLESVILLE","PEDESTRIAN","SINGLE VEHICLE","CLEAR","DRY","DAYLIGHT","NO CONTROLS","NONE DETECTED","NONE DETECTED","B5116F54-3D31-4883-B7F7-2CCF7ED59A6D","PEDESTRIAN","Getting off/on Vehicle","UNKNOWN","ON ROADWAY NOT AT CROSSWALK","Unknown","SUSPECTED MINOR INJURY","REFLECTIVE CLOTHING","39.11399667","-77.27276667","    (39.11399667, -77.27276667)"
"MCP30480089","220029908","Montgomery County Police","Injury Crash","07/12/2022 11:45:00 AM","Maryland (State)","CONNECTICUT AVE","DUNLOP ST",,"N/A","BICYCLIST","STRAIGHT MOVEMENT ANGLE","CLEAR","DRY","DAYLIGHT","STOP SIGN","N/A","N/A","88A2C1EB-ACA3-4116-9801-99F92B251507","BICYCLIST","Cross/Enter at Intersection","NO IMPROPER ACTIONS","SIDEWALK","No","SUSPECTED MINOR INJURY","MC/BIKE HELMET","38.991765","-77.07699833","    (38.991765, -77.07699833)"
"MCP32760025","220029082","Montgomery County Police","Injury Crash","07/11/2022 08:40:00 PM",,,,"8560 SECOND AVE SILVER SPRING MD PARKING GARAGE",,"PEDESTRIAN","OTHER","CLEAR",,"OTHER","NO CONTROLS","UNKNOWN","NONE DETECTED","2ED6652A-F4BD-4962-A2BA-B40C16C687FD","PEDESTRIAN","Other","NO IMPROPER ACTIONS","OTHER","No","SUSPECTED MINOR INJURY","NONE","38.99609","-77.03275","    (38.99609, -77.03275)"
"MCP3085003B","20029820","Montgomery County Police","Injury Crash","07/11/2022 06:27:00 PM","County","NICHOLSON LA","NICHOLSON CT",,"N/A","PEDESTRIAN","OTHER","CLEAR","DRY","DAYLIGHT","TRAFFIC SIGNAL","NONE DETECTED","NONE DETECTED","C9F13FD4-93FB-4124-96A8-8CDDD2159B8B","PEDESTRIAN","Cross/Enter at Intersection","NO IMPROPER ACTIONS","ON ROADWAY AT CROSSWALK","No","SUSPECTED MINOR INJURY","NONE","39.04544833","-77.10511833","    (39.04544833, -77.10511833)"
"MCP3085003M","220029820","Montgomery County Police","Injury Crash","07/11/2022 06:27:00 PM","County","NICHOLSON LA","NICHOLSON CT",,"N/A","PEDESTRIAN","HEAD ON LEFT TURN","CLEAR","DRY","DAYLIGHT","TRAFFIC SIGNAL","NONE DETECTED","NONE DETECTED","5F07B41F-D652-45E3-9B5D-F876586704CD","PEDESTRIAN","Cross/Enter at Intersection","NO IMPROPER ACTIONS","ON ROADWAY AT CROSSWALK","No","SUSPECTED MINOR INJURY","N/A","39.0454131","-77.10500228","    (39.0454131, -77.10500228)"
"MCP3134003J","220029813","Montgomery County Police","Injury Crash","07/11/2022 05:45:00 PM",,,,"SELF STORAGE PARKING LOT 15221 DINO DRIVE BUTONSVILLE MD",,"PEDESTRIAN","OTHER","CLEAR",,"DAYLIGHT","NO CONTROLS","N/A","N/A","8371B380-B6D7-4016-912F-F7BCAEDE89E3","PEDESTRIAN","Other Working","N/A","OTHER","No","POSSIBLE INJURY","NONE","39.109655","-76.92519517","    (39.109655, -76.92519517)"
"MCP2351004L","220029712","Montgomery County Police","Injury Crash","07/11/2022 06:42:00 AM","County","CHAPMAN AVE","BOU AVE",,"N/A","OTHER","OTHER","CLEAR","DRY","DAYLIGHT","TRAFFIC SIGNAL","UNKNOWN","NONE DETECTED","1298E7AA-B6B2-416A-B451-7583CC8AEBBC","OTHER","Cross/Enter at Intersection","UNKNOWN","AT INTERSECTION MARKED CROSSWALK","Unknown","SUSPECTED MINOR INJURY","MC/BIKE HELMET","39.0599561","-77.1200266","    (39.0599561, -77.1200266)"
"MCP30680046","220029582","Montgomery County Police","Injury Crash","07/10/2022 10:26:00 AM","County","MACARTHUR BLVD","EGGERT DR",,"N/A","BICYCLIST","OTHER","CLEAR","DRY","DAYLIGHT","N/A","N/A","N/A","58F06212-0F48-4129-A2F9-947AE42C594F","BICYCLIST","Walking/Riding w/Traffic","NO IMPROPER ACTIONS","SHOULDER","Yes","SUSPECTED MINOR INJURY","MC/BIKE HELMET","38.97599333","-77.18048333","    (38.97599333, -77.18048333)"
"MCP32960017","220029530","Montgomery County Police","Injury Crash","07/09/2022 09:27:00 PM","Maryland (State)","NEW HAMPSHIRE AVE","LOCKWOOD DR",,"N/A","PEDESTRIAN","OTHER","CLEAR","DRY","DARK -- UNKNOWN LIGHTING","TRAFFIC SIGNAL","UNKNOWN","NONE DETECTED","8701E56C-92CA-4910-B50D-5DAC61AF6ED5","PEDESTRIAN","Cross/Enter at Intersection","NOT VISIBLE","ON ROADWAY AT CROSSWALK","No","SUSPECTED MINOR INJURY","NONE","39.04016","-76.98971","    (39.04016, -76.98971)"
"MCP32000061","220029471","Montgomery County Police","Injury Crash","07/09/2022 12:24:00 PM","County","MONTROSE RD","EVELYN DR",,"ROCKVILLE","PEDESTRIAN","OTHER","RAINING","WET","DAYLIGHT","STOP SIGN","NONE DETECTED","NONE DETECTED","443D3B8C-0747-47D7-984F-FEE4FCD26BDD","PEDESTRIAN","Cross/Enter at Intersection","NO IMPROPER ACTIONS","ON ROADWAY NOT AT CROSSWALK","No","SUSPECTED MINOR INJURY","NONE","39.05342","-77.13329233","    (39.05342, -77.13329233)"
"DM8403000R","220029453","Takoma Park Police Depart","Injury Crash","07/09/2022 10:07:00 AM","Maryland (State)","NEW HAMPSHIRE AVE","LARCH AVE",,"TAKOMA PARK","PEDESTRIAN","SINGLE VEHICLE","CLEAR","DRY","DAYLIGHT","NO CONTROLS","NONE DETECTED","UNKNOWN","B044C418-B2BD-47D9-96A2-B4651AEFCDBB","PEDESTRIAN","Cross/Enter not at Intersection","IN ROADWAY IMPROPERLY","OTHER","Yes","SUSPECTED SERIOUS INJURY","N/A","38.99192361","-76.99186574","    (38.99192361, -76.99186574)"
"DD55780004","220029330","Rockville Police Departme","Injury Crash","07/08/2022 03:19:00 PM","Maryland (State)","HUNGERFORD DR","E MIDDLE LA",,"ROCKVILLE","PEDESTRIAN","OTHER","CLEAR","DRY","DAYLIGHT","TRAFFIC SIGNAL","UNKNOWN","NONE DETECTED","71A04C71-6736-4AF7-92C9-E8A68ACF1C3F","PEDESTRIAN","Cross/Enter at Intersection","NO IMPROPER ACTIONS","ON ROADWAY AT CROSSWALK","No","POSSIBLE INJURY","NONE","39.0891809","-77.1516253","    (39.0891809, -77.1516253)"
"MCP32440021","220029316","Montgomery County Police","Injury Crash","07/08/2022 07:00:00 AM","County","BONIFANT ST","GEORGIA AVE",,"N/A","PEDESTRIAN","SINGLE VEHICLE","CLEAR","DRY","DAYLIGHT","NO CONTROLS","UNKNOWN","NONE DETECTED","1C405AF2-B12D-404E-8015-56A461344CDC","PEDESTRIAN","Walking/Riding w/Traffic","INATTENTIVE","ON ROADWAY NOT AT CROSSWALK","Yes","SUSPECTED MINOR INJURY","NONE","38.9910875","-77.02782433","    (38.9910875, -77.02782433)"
"EJ78580072","220028667","Gaithersburg Police Depar","Injury Crash","07/05/2022 11:35:00 AM",,,,"SIDEWALK ON MUDDY BRANCH RD @ TIMBERBROOK DR",,"BICYCLIST","N/A","CLEAR",,"DAYLIGHT","NO CONTROLS",,"NONE DETECTED","920AFD2C-D12B-4A26-8FC0-58C845C0F35F","BICYCLIST","Walking/Riding w/Traffic","INATTENTIVE","SIDEWALK","Yes","SUSPECTED MINOR INJURY","NONE","39.14109613","-77.21031637","    (39.14109613, -77.21031637)"
"MCP2689008N","220028763","Montgomery County Police","Injury Crash","07/05/2022 09:02:00 AM","County","PINEY MEETINGHOUSE RD","DEERBROOK DR",,"N/A","BICYCLIST","SAME DIRECTION SIDESWIPE","CLOUDY","DRY","DAYLIGHT","NO CONTROLS","NONE DETECTED","NONE DETECTED","E0718BFC-ECD3-433F-B090-83E469C1DE91","BICYCLIST","Walking/Riding w/Traffic","NO IMPROPER ACTIONS","ON ROADWAY NOT AT CROSSWALK","No","SUSPECTED SERIOUS INJURY","MC/BIKE HELMET","39.07564833","-77.22235333","    (39.07564833, -77.22235333)"
"MCP3199003Y","220028752","Montgomery County Police","Injury Crash","07/05/2022 07:23:00 AM","Maryland (State)","GEORGIA AVE","HEWITT AVE",,"N/A","PEDESTRIAN","STRAIGHT MOVEMENT ANGLE","N/A","DRY","DAYLIGHT","TRAFFIC SIGNAL","NONE DETECTED","NONE DETECTED","EE98A67C-A490-4549-88D0-8B7FE7C4D2EE","PEDESTRIAN","Cross/Enter at Intersection","NO IMPROPER ACTIONS","ON ROADWAY AT CROSSWALK","No","SUSPECTED MINOR INJURY","NONE","39.07748667","-77.07118333","    (39.07748667, -77.07118333)"
"MCP32800029","220028685","Montgomery County Police","Injury Crash","07/04/2022 02:12:00 PM","Maryland (State)","SANDY SPRING RD","DINO DR",,"N/A","BICYCLIST, OTHER","ANGLE MEETS RIGHT TURN","CLEAR","DRY","DAYLIGHT","TRAFFIC SIGNAL","NONE DETECTED","NONE DETECTED","FA1E617F-5474-42B6-8EB7-961D6F8C58EF","BICYCLIST","Cross/Enter at Intersection","FAILURE TO YIELD RIGHT OF WAY","OUTSIDE RIGHT OF WAY","Yes","SUSPECTED SERIOUS INJURY","NONE","39.10874","-76.92343667","    (39.10874, -76.92343667)"
"MCP32800029","220028685","Montgomery County Police","Injury Crash","07/04/2022 02:12:00 PM","Maryland (State)","SANDY SPRING RD","DINO DR",,"N/A","BICYCLIST, OTHER","ANGLE MEETS RIGHT TURN","CLEAR","DRY","DAYLIGHT","TRAFFIC SIGNAL","NONE DETECTED","N/A","136559C1-479F-4C07-9B4F-B3F13512E6F1","OTHER","N/A","N/A","N/A","No","NO APPARENT INJURY","N/A","39.10874","-76.92343667","    (39.10874, -76.92343667)"
"EJ785600BB","220028616","Gaithersburg Police Depar","Injury Crash","07/03/2022 09:44:00 PM","Maryland (State)","FREDERICK RD","ODENDHAL AVE",,"GAITHERSBURG","PEDESTRIAN","OTHER","CLEAR","DRY","DARK LIGHTS ON","N/A","N/A","N/A","8A898BCC-5918-49F3-B6DE-B4AE066014C8","PEDESTRIAN","Standing","DISABLED VEHICLE RELATED","OTHER","Yes","SUSPECTED SERIOUS INJURY","N/A","39.14758608","-77.20593278","    (39.14758608, -77.20593278)"