"Report Number","Local Case Number","Agency Name","ACRS Report Type","Crash Date/Time","Route Type","Road Name","Cross-Street Name","Off-Road Description","Municipality","Related Non-Motorist","Collision Type","Weather","Surface Condition","Light","Traffic Control","Driver Substance Abuse","Non-Motorist Substance Abuse","Person ID","Pedestrian Type","Pedestrian Movement","Pedestrian Actions","Pedestrian Location","At Fault","Injury Severity","Safety Equipment","Latitude","Longitude","Location"
"EJ78930017","220028270","Gaithersburg Police Depar","Injury Crash","07/01/2022 10:44:00 AM",,,,"PARKNIG LOT TO THE REAR OF 124 E DIAMOND AVENUE",,"PEDESTRIAN","SAME DIRECTION SIDESWIPE","CLEAR",,"DAYLIGHT","NO CONTROLS","NONE DETECTED","NONE DETECTED","26C0B458-515A-41C0-A696-FFC28B0961DA","PEDESTRIAN","Standing","NO IMPROPER ACTIONS","OTHER","No","POSSIBLE INJURY","NONE","39.14258257","-77.19493868","    (39.14258257, -77.19493868)"
"MCP31900041","220028253","Montgomery County Police","Injury Crash","07/01/2022 09:00:00 AM","Maryland (State)","GEORGIA AVE","QUEEN MARY DR",,"N/A","PEDESTRIAN","OTHER","CLEAR","DRY","DAYLIGHT","OTHER","NONE DETECTED","NONE DETECTED","E0ABF675-E78C-4500-BD87-776FF3E97D4D","PEDESTRIAN","Cross/Enter at Intersection","NO IMPROPER ACTIONS","ON ROADWAY AT CROSSWALK","No","SUSPECTED MINOR INJURY","NONE","39.149255","-77.066515","    (39.149255, -77.066515)"
"MCP24200048","220028240","Montgomery County Police","Injury Crash","07/01/2022 06:55:00 AM","County","RANDOLPH RD","GLENMONT CIR #1",,"N/A","BICYCLIST","OTHER","CLEAR","DRY","DAYLIGHT","TRAFFIC SIGNAL","NONE DETECTED","NONE DETECTED","F346B0C8-89B3-43D4-8D4B-554809E8E335","BICYCLIST","Cross/Enter not at Intersection","N/A","ON ROADWAY NOT AT CROSSWALK","Yes","SUSPECTED SERIOUS INJURY","NONE","39.05796167","-77.048425","    (39.05796167, -77.048425)"
"MCP3129004L","220028006","Montgomery County Police","Property Damage Crash","06/30/2022 06:12:00 PM",,,,"PARKING LOT OF 623 BRANDON GREEN DR",,"OTHER","SINGLE VEHICLE","CLEAR",,"DAYLIGHT","N/A","NONE DETECTED","N/A","EEA4E39C-50E4-4B16-A862-3CF892C1C48F","OTHER","Other","N/A","OTHER","No","NO APPARENT INJURY","N/A","39.14592833","-77.06694667","    (39.14592833, -77.06694667)"
"MCP3255003R","220028180","Montgomery County Police","Injury Crash","06/30/2022 05:30:00 PM","County","MONTGOMERY VILLAGE AVE","ARROWHEAD RD",,"N/A","PEDESTRIAN","SINGLE VEHICLE","CLEAR","DRY","DAYLIGHT","NO CONTROLS","N/A","N/A","E84977D2-A2D3-4056-AE7D-B5EAEE514FE4","PEDESTRIAN","Cross/Enter not at Intersection","IN ROADWAY IMPROPERLY","MEDIAN","Yes","POSSIBLE INJURY","NONE","39.18790333","-77.19760167","    (39.18790333, -77.19760167)"
"MCP2298010D","220028163","Montgomery County Police","Injury Crash","06/30/2022 04:06:00 PM","County","BASSWOOD HILL DR","CHESTNUT GLEN RD",,"N/A","OTHER PEDALCYCLIST","SINGLE VEHICLE","CLEAR","DRY","DAYLIGHT","NO CONTROLS","NONE DETECTED","NONE DETECTED","A400E03F-5381-4279-AF49-7B03538A1159","OTHER PEDALCYCLIST","Playing","N/A","OTHER","No","POSSIBLE INJURY","MC/BIKE HELMET","39.24493833","-77.18666","    (39.24493833, -77.18666)"
"HA2483000W","22001096","Maryland-National Capital","Property Damage Crash","06/30/2022 03:50:00 PM","Government","LITTLE FALLS PKWY","ARLINGTON RD",,"N/A","OTHER","STRAIGHT MOVEMENT ANGLE","CLEAR","DRY","DAYLIGHT","STOP SIGN","NONE DETECTED","NONE DETECTED","D7F2ACB2-006B-4E84-909D-94960C9CECE8","OTHER","N/A","N/A","N/A","Unknown","NO APPARENT INJURY","N/A","38.97287633","-77.100504","    (38.97287633, -77.100504)"
"EJ78930016","220028119","Gaithersburg Police Depar","Injury Crash","06/30/2022 12:33:00 PM",,,,"PARKING LOT OF 880 RUSSELL AVENUE",,"PEDESTRIAN","OTHER","CLEAR",,"DAYLIGHT","NO CONTROLS","NONE DETECTED","NONE DETECTED","8E077D76-5F2F-46F9-ADDB-3AC9E65BC196","PEDESTRIAN","Standing","NO IMPROPER ACTIONS","OTHER","No","POSSIBLE INJURY","N/A","39.15587113","-77.21361772","    (39.15587113, -77.21361772)"
"DD55270043","220027984","Rockville Police Departme","Property Damage Crash","06/29/2022 04:00:00 PM",,,,"PARKING LOT OF 1518 ROCKVILLE PIKE",,"OTHER CONVEYANCE","OTHER","CLEAR",,"DAYLIGHT","NO CONTROLS","NONE DETECTED","NONE DETECTED","1AD99831-426C-468A-B984-369027C89846","OTHER CONVEYANCE","Other","N/A","OTHER","No","NO APPARENT INJURY","NONE","39.06470036","-77.12648117","    (39.06470036, -77.12648117)"
"MCP29770090","220027756","Montgomery County Police","Injury Crash","06/28/2022 08:37:00 AM","County","TIMBERWOOD AVE","COLESVILLE RD",,"N/A","PEDESTRIAN","OTHER","CLEAR","DRY","DAYLIGHT","NO CONTROLS","UNKNOWN","NONE DETECTED","2D2A3239-FDF5-4974-8570-5B335230016F","PEDESTRIAN","Getting off/on Vehicle","IN ROADWAY IMPROPERLY","ON ROADWAY NOT AT CROSSWALK","Yes","POSSIBLE INJURY","NONE","39.02165167","-77.01238833","    (39.02165167, -77.01238833)"
"MCP14330044","220027715","Montgomery County Police","Injury Crash","06/27/2022 07:25:00 PM",,,,"FEDERAL PLAZA SHOPPING CENTER 12266-E ROCKVILLE PIKE (TIGER SUGAR)",,"OTHER","SINGLE VEHICLE","CLEAR",,"DAYLIGHT","N/A","NONE DETECTED","NONE DETECTED","0164D6D2-2BAD-44A6-8DA5-57715C379D02","OTHER","N/A","NO IMPROPER ACTIONS","INSIDE BUILDING","No","POSSIBLE INJURY","N/A","39.057375","-77.12152333","    (39.057375, -77.12152333)"
"MCP2968004F","220027586","Montgomery County Police","Injury Crash","06/27/2022 08:47:00 AM","County","LINCOLNSHIRE DR","FALLS CHAPEL WAY",,"N/A","PEDESTRIAN","OTHER","CLEAR","DRY","DAYLIGHT","N/A","N/A","N/A","43448CF5-A2FC-49CA-90F8-0C19F24DC1A4","PEDESTRIAN","Other Working","NO IMPROPER ACTIONS","OTHER","No","SUSPECTED MINOR INJURY","REFLECTIVE CLOTHING","39.063115","-77.18202833","    (39.063115, -77.18202833)"
"MCP2968004F","220027586","Montgomery County Police","Injury Crash","06/27/2022 08:47:00 AM","County","LINCOLNSHIRE DR","FALLS CHAPEL WAY",,"N/A","PEDESTRIAN","OTHER","CLEAR","DRY","DAYLIGHT","N/A","N/A","N/A","62ABED7D-4ADA-4488-B4E1-AAF2E7314B98","PEDESTRIAN","Other Working","NO IMPROPER ACTIONS","OTHER","No","NO APPARENT INJURY","REFLECTIVE CLOTHING","39.063115","-77.18202833","    (39.063115, -77.18202833)"
"DM8500000X","220027533","Takoma Park Police Depart","Injury Crash","06/26/2022 05:52:00 PM",,,,"7611 PINEY BRANCH RD, MIDDLE SCHOOL PARKING LOT.",,"PEDESTRIAN","OTHER","CLEAR",,"DAYLIGHT","NO CONTROLS","N/A","N/A","7C38972F-0B89-4283-8367-9FD89810BE88","PEDESTRIAN","Standing","UNKNOWN","OTHER","No","SUSPECTED MINOR INJURY","N/A","38.98549165","-77.01284714","    (38.98549165, -77.01284714)"
"MCP2875005Y","220027515","Montgomery County Police","Injury Crash","06/26/2022 02:00:00 PM",,,,"PARKING LOT OF 26075 RIDGE RD.",,"PEDESTRIAN","OTHER","CLEAR",,"DAYLIGHT","NO CONTROLS","NONE DETECTED","NONE DETECTED","3CCDD0E9-2B24-43F5-9CBC-DA61C29A6B1F","PEDESTRIAN","Standing","NO IMPROPER ACTIONS","OTHER","No","POSSIBLE INJURY","N/A","39.28503986","-77.20887197","    (39.28503986, -77.20887197)"
"MCP32390028","220027483","Montgomery County Police","Injury Crash","06/26/2022 09:35:00 AM","County","LOCKWOOD DR","HEATHER HOLLOW CIR",,"N/A","PEDESTRIAN","SINGLE VEHICLE","CLEAR","DRY","DAYLIGHT","NO CONTROLS","NONE DETECTED","NONE DETECTED","AB23A77E-0FC1-4CD7-A24D-B008C2B32A97","PEDESTRIAN","Cross/Enter not at Intersection","INATTENTIVE","ON ROADWAY NOT AT CROSSWALK","No","POSSIBLE INJURY","NONE","39.04116277","-76.98640652","    (39.04116277, -76.98640652)"
"MCP2899005Q","220027447","Montgomery County Police","Injury Crash","06/25/2022 10:57:00 PM","Maryland (State)","NEW HAMPSHIRE AVE","POWDER MILL RD",,"N/A","PEDESTRIAN","OTHER","CLEAR","DRY","DARK LIGHTS ON","NO CONTROLS","UNKNOWN","UNKNOWN","42275784-1562-4C3E-949C-509C52AFBE4A","PEDESTRIAN","Cross/Enter not at Intersection","UNKNOWN","ON ROADWAY NOT AT CROSSWALK","Yes","SUSPECTED SERIOUS INJURY","NONE","39.02297333","-76.97816167","    (39.02297333, -76.97816167)"
"MCP31690059","220027392","Montgomery County Police","Injury Crash","06/25/2022 12:17:00 PM","County","FLOWER AVE","ARLISS ST",,"N/A","PEDESTRIAN","SAME DIRECTION SIDESWIPE","CLEAR","DRY","DAYLIGHT","N/A","ALCOHOL PRESENT, N/A","N/A","9932A74C-FDBC-4AC4-9E4D-0AB59FCEC50D","PEDESTRIAN","Cross/Enter at Intersection","NO IMPROPER ACTIONS","ON ROADWAY AT CROSSWALK","No","SUSPECTED MINOR INJURY","NONE","38.99832333","-77.00416167","    (38.99832333, -77.00416167)"
"MCP2001001S","220027189","Montgomery County Police","Fatal Crash","06/24/2022 04:30:00 AM","Maryland (State)","GEORGIA AVE","ROSSMOOR BLVD",,"N/A","PEDESTRIAN","SINGLE VEHICLE","CLEAR","DRY","DARK NO LIGHTS","NO CONTROLS","NONE DETECTED","N/A","47FBE4D0-CEC8-4C4C-900A-7D45E68A1A18","PEDESTRIAN","Cross/Enter not at Intersection","IN ROADWAY IMPROPERLY","ON ROADWAY NOT AT CROSSWALK","Yes","FATAL INJURY","N/A","39.09968167","-77.07761667","    (39.09968167, -77.07761667)"
"MCP295400BV","220026993","Montgomery County Police","Injury Crash","06/22/2022 08:50:00 PM","Maryland (State)","UNIVERSITY BLVD E","PATTON DR",,"N/A","PEDESTRIAN","STRAIGHT MOVEMENT ANGLE","RAINING","WET","DARK -- UNKNOWN LIGHTING","NO CONTROLS","NONE DETECTED","ALCOHOL PRESENT","46533662-9065-487B-B8BA-3CCA6EFBB463","PEDESTRIAN","Cross/Enter not at Intersection","FAILURE TO YIELD RIGHT OF WAY","ON ROADWAY NOT AT CROSSWALK","Yes","POSSIBLE INJURY","NONE","39.00114405","-76.99546947","    (39.00114405, -76.99546947)"
"MCP2895002B","220026615","Montgomery County Police","Injury Crash","06/20/2022 07:30:00 PM","County","MIDDLEBROOK RD","RIDGECREST DR",,"N/A","BICYCLIST","OTHER","N/A","DRY","DAYLIGHT","STOP SIGN","NONE DETECTED","NONE DETECTED","46288F10-D0F2-4D72-9703-7C4073441B6E","BICYCLIST","Cross/Enter at Intersection","NO IMPROPER ACTIONS","ON ROADWAY NOT AT CROSSWALK","No","POSSIBLE INJURY","NONE","39.17487664","-77.25918558","    (39.17487664, -77.25918558)"
"MCP1301001V","220026609","Montgomery County Police","Injury Crash","06/20/2022 06:24:00 PM","Maryland (State)","WOODFIELD RD","CLEARSPRING RD",,"N/A","PEDESTRIAN","OTHER","CLEAR","DRY","DAYLIGHT","NO CONTROLS","NONE DETECTED","UNKNOWN","5FDD7FA0-6442-4A06-9E93-51BA6FF56622","PEDESTRIAN","Cross/Enter not at Intersection","FAILURE TO YIELD RIGHT OF WAY","ON ROADWAY NOT AT CROSSWALK","Yes","SUSPECTED SERIOUS INJURY","N/A","39.27226333","-77.20455333","    (39.27226333, -77.20455333)"
"MCP2278003X","220026555","Montgomery County Police","Injury Crash","06/20/2022 12:08:00 PM","Maryland (State)","WISCONSIN AVE","NOTTINGHAM DR",,"N/A","BICYCLIST","STRAIGHT MOVEMENT ANGLE","CLEAR","DRY","DAYLIGHT","STOP SIGN","NONE DETECTED","NONE DETECTED","958D63A9-4D04-4B4A-A57A-D83675B07B93","BICYCLIST","Cross/Enter at Intersection","NO IMPROPER ACTIONS","ON ROADWAY AT CROSSWALK","No","SUSPECTED MINOR INJURY","NONE","38.97637399","-77.09030635","    (38.97637399, -77.09030635)"
"MCP30660021","220026432","Montgomery County Police","Injury Crash","06/19/2022 07:00:00 AM","Maryland (State)","EAST WEST HWY","GRUBB RD",,"N/A","PEDESTRIAN","OTHER","CLEAR","DRY","DAYLIGHT","TRAFFIC SIGNAL","N/A","N/A","940A01F0-9941-42D2-98E3-9D1A234E64EC","PEDESTRIAN","Cross/Enter at Intersection","NO IMPROPER ACTIONS","ON ROADWAY AT CROSSWALK","No","SUSPECTED SERIOUS INJURY","N/A","38.99374076","-77.05190853","    (38.99374076, -77.05190853)"
"MCP285900CH","220026307","Montgomery County Police","Injury Crash","06/18/2022 03:36:00 PM","Maryland (State)","FREDERICK RD","RAMP 2 FR RP 7 (FR IS370 WB) TO MD355 NB",,"N/A","BICYCLIST","OTHER","CLEAR","DRY","DAYLIGHT","NO CONTROLS","NONE DETECTED","NONE DETECTED","CA6999A8-7C82-4FD6-9BF3-6A27BB91A703","BICYCLIST","Cross/Enter not at Intersection","NO IMPROPER ACTIONS","ON ROADWAY AT CROSSWALK","No","SUSPECTED MINOR INJURY","NONE","39.12460926","-77.18016095","    (39.12460926, -77.18016095)"
"MCP3086006V","220026096","Montgomery County Police","Injury Crash","06/17/2022 12:40:00 PM","County","BRENISH DR","WOODFIELD RD",,"N/A","OTHER CONVEYANCE","SINGLE VEHICLE","CLEAR","DRY","DAYLIGHT","STOP SIGN","UNKNOWN","NONE DETECTED","86F7A410-C65C-46DD-88A2-DE2EC294FEA6","OTHER CONVEYANCE","Cross/Enter at Intersection","NO IMPROPER ACTIONS","ON ROADWAY AT CROSSWALK","No","POSSIBLE INJURY","NONE","39.17550333","-77.15181667","    (39.17550333, -77.15181667)"
"MCP2689008K","220026071","Montgomery County Police","Injury Crash","06/17/2022 09:44:00 AM",,,,"PARKING LOT BEHIND CVS AT 7955 TUCKERMAN LA AND NEXT TO AN UNDER CONTRUCTION CAPITAL ONE BANK BRANCH",,"PEDESTRIAN","SINGLE VEHICLE","CLEAR",,"DAYLIGHT","NO CONTROLS",,"NONE DETECTED","F8677410-535D-4049-AED6-97FB1082C436","PEDESTRIAN","Getting off/on Vehicle","N/A","ON ROADWAY NOT AT CROSSWALK","Yes","SUSPECTED SERIOUS INJURY","N/A","39.04169749","-77.15658611","    (39.04169749, -77.15658611)"
"MCP32570052","220026008","Montgomery County Police","Injury Crash","06/16/2022 09:25:00 PM",,,,"PARKING LOT OF 11601 BOILING BROOK PL",,"PEDESTRIAN","SINGLE VEHICLE","CLEAR",,"DARK LIGHTS ON","NO CONTROLS","NONE DETECTED","NONE DETECTED","6D4B5C5F-AE20-4CD0-9BAE-7393610A062E","PEDESTRIAN","Other","FAILURE TO YIELD RIGHT OF WAY","OTHER","No","SUSPECTED MINOR INJURY","NONE","39.04673924","-77.09930908","    (39.04673924, -77.09930908)"
"MCP32570052","220026008","Montgomery County Police","Injury Crash","06/16/2022 09:25:00 PM",,,,"PARKING LOT OF 11601 BOILING BROOK PL",,"PEDESTRIAN","SINGLE VEHICLE","CLEAR",,"DARK LIGHTS ON","NO CONTROLS","NONE DETECTED","NONE DETECTED","B6FF466E-EC54-4B1A-A96E-D58DC1015322","PEDESTRIAN","Other","OTHER","OTHER","No","SUSPECTED MINOR INJURY","NONE","39.04673924","-77.09930908","    (39.04673924, -77.09930908)"
"MCP22910065","220025975","Montgomery County Police","Injury Crash","06/16/2022 06:25:00 PM","County","WOODMONT AVE","RUGBY AVE",,"N/A","PEDESTRIAN","OTHER","CLEAR","DRY","DAYLIGHT","NO CONTROLS","NONE DETECTED","NONE DETECTED","DBEE00AD-2431-4F87-A2C4-7337FE4FF347","PEDESTRIAN","Cross/Enter not at Intersection","IN ROADWAY IMPROPERLY","ON ROADWAY NOT AT CROSSWALK","Yes","SUSPECTED MINOR INJURY","N/A","38.99111846","-77.09678378","    (38.99111846, -77.09678378)"
"MCP3153004C","220025898","Montgomery County Police","Injury Crash","06/15/2022 12:11:00 PM","Maryland (State)","LAYHILL RD","RAMP 2 FR MD 200 WB TO MD 182",,"N/A","BICYCLIST","STRAIGHT MOVEMENT ANGLE","CLEAR","DRY","DAYLIGHT","TRAFFIC SIGNAL","NONE DETECTED","NONE DETECTED","90171B6E-A3A8-43E8-9A9A-E437246981E7","BICYCLIST","Walking/Riding w/Traffic","NO IMPROPER ACTIONS","IN BIKEWAY","No","SUSPECTED MINOR INJURY","MC/BIKE HELMET","39.10011367","-77.04173487","    (39.10011367, -77.04173487)"
"MCP21870013","220025540","Montgomery County Police","Injury Crash","06/14/2022 09:50:00 AM","County","FIELDS RD","RIO BLVD",,"GAITHERSBURG","PEDESTRIAN","OTHER","CLEAR","DRY","DAYLIGHT","TRAFFIC SIGNAL","NONE DETECTED","NONE DETECTED","BD85CAF7-6D76-482A-96AA-6C571F2E7154","PEDESTRIAN","Cross/Enter not at Intersection","FAILURE TO YIELD RIGHT OF WAY","ON ROADWAY NOT AT CROSSWALK","Yes","SUSPECTED MINOR INJURY","NONE","39.11546","-77.20414833","    (39.11546, -77.20414833)"
"MCP14330042","220025437","Montgomery County Police","Injury Crash","06/13/2022 04:10:00 PM","Maryland (State)","ROCKVILLE PIKE","ENT TO WINTERGREEN PLAZA",,"N/A","OTHER CONVEYANCE","OTHER","CLEAR","DRY","DAYLIGHT","NO CONTROLS","UNKNOWN","NONE DETECTED","735441ED-39C8-404E-99FF-811DBD61A27C","OTHER CONVEYANCE","Walking/Riding against Traffic","WRONG WAY RIDING OR WALKING","ON ROADWAY AT CROSSWALK","Yes","POSSIBLE INJURY","MC/BIKE HELMET","39.0753","-77.13718167","    (39.0753, -77.13718167)"
"MCP2708007Q","220025421","Montgomery County Police","Injury Crash","06/13/2022 03:58:00 PM","County","GREENWOOD AVE","PINEY BRANCH RD",,"N/A","PEDESTRIAN","HEAD ON LEFT TURN","CLEAR","DRY","DAYLIGHT","TRAFFIC SIGNAL","NONE DETECTED","NONE DETECTED","8944645C-8B3D-4718-A906-1A81DB0C2AD4","PEDESTRIAN","Cross/Enter at Intersection","NO IMPROPER ACTIONS","ON ROADWAY AT CROSSWALK","No","SUSPECTED MINOR INJURY","NONE","38.99822301","-77.00215043","    (38.99822301, -77.00215043)"
"MCP1465005S","220025349","Montgomery County Police","Injury Crash","06/13/2022 11:01:00 AM","County","NORWOOD RD","ATTLEBORO RD",,"N/A","PEDESTRIAN","SINGLE VEHICLE","CLEAR","DRY","DAYLIGHT","OTHER","NONE DETECTED","NONE DETECTED","65CFE011-284E-41AB-9F6A-162EBD498663","PEDESTRIAN","Other Working","NO IMPROPER ACTIONS","OTHER","No","SUSPECTED MINOR INJURY","N/A","39.11543667","-77.01710667","    (39.11543667, -77.01710667)"
"MCP32760020","220025299","Montgomery County Police","Injury Crash","06/12/2022 11:59:00 PM","US (State)","COLESVILLE RD","FENTON ST",,"N/A","PEDESTRIAN","OTHER","CLEAR","DRY","DARK LIGHTS ON","TRAFFIC SIGNAL","NONE DETECTED","NONE DETECTED","74539BFA-5049-488D-9799-99C81790A8C4","PEDESTRIAN","Cross/Enter at Intersection","FAILURE TO YIELD RIGHT OF WAY","ON ROADWAY NOT AT CROSSWALK","Yes","SUSPECTED MINOR INJURY","N/A","38.99748321","-77.02703596","    (38.99748321, -77.02703596)"
"MCP3268001Z","220025065","Montgomery County Police","Injury Crash","06/11/2022 09:32:00 AM",,,,"PARKING LOT OF 2128 INDUSTRIAL PARKWAY",,"OTHER","N/A","RAINING",,"DAYLIGHT","N/A","N/A","NONE DETECTED","AD78918C-830F-4D40-8AEE-A21B8C7C5EA8","OTHER","Other","N/A","OTHER","No","SUSPECTED MINOR INJURY","N/A","39.05456683","-76.967925","    (39.05456683, -76.967925)"
"MCP25340048","220025009","Montgomery County Police","Injury Crash","06/10/2022 10:35:00 PM","Maryland (State)","UNIVERSITY BLVD W","ELKIN ST",,"N/A","PEDESTRIAN","SINGLE VEHICLE","CLEAR","DRY","DARK LIGHTS ON","NO CONTROLS","NONE DETECTED","NONE DETECTED","FA1AABA5-45BB-46FE-996C-D36B69EA6BE7","PEDESTRIAN","Cross/Enter not at Intersection","UNKNOWN","ON ROADWAY NOT AT CROSSWALK","Yes","SUSPECTED MINOR INJURY","N/A","39.0414565","-77.05098933","    (39.0414565, -77.05098933)"
"MCP271700X4","220024969","Montgomery County Police","Injury Crash","06/10/2022 05:45:00 PM","Maryland (State)","ROCKVILLE PIKE","WOOTTON PKWY",,"ROCKVILLE","PEDESTRIAN","OTHER","CLEAR","DRY","DAYLIGHT","NO CONTROLS","NONE DETECTED","NONE DETECTED","80F0E87C-AAC1-4EB4-B26E-842B1FF3FB10","PEDESTRIAN","Cross/Enter at Intersection","NO IMPROPER ACTIONS","AT INTERSECTION BUT NO CROSSWALK","No","SUSPECTED MINOR INJURY","NONE","39.0756735","-77.13801","    (39.0756735, -77.13801)"
"MCP3220002R","220024808","Montgomery County Police","Injury Crash","06/09/2022 04:22:00 PM",,,,"PARKING LOT OF 15 METROPOLITAN GROVE RD",,"PEDESTRIAN","SAME DIR REAR END","CLEAR",,"DAYLIGHT","NO CONTROLS","NONE DETECTED","NONE DETECTED","4A7B955C-3CEC-4411-9B1D-A42B4B6D8895","PEDESTRIAN","Standing","INATTENTIVE","ON ROADWAY NOT AT CROSSWALK","Yes","POSSIBLE INJURY","NONE","39.148023","-77.22563867","    (39.148023, -77.22563867)"
"MCP27100045","220024661","Montgomery County Police","Injury Crash","06/08/2022 07:50:00 PM","County","LONGDRAFT RD","PHEASANT RUN DR",,"GAITHERSBURG","MACHINE OPERATOR/RIDER","STRAIGHT MOVEMENT ANGLE","RAINING","WET","DAYLIGHT","N/A","NONE DETECTED","NONE DETECTED","370591B1-A208-4699-B1B7-2A54755452D5","MACHINE OPERATOR/RIDER","Cross/Enter at Intersection","INATTENTIVE","ON ROADWAY NOT AT CROSSWALK","Yes","POSSIBLE INJURY","NONE","39.14463696","-77.23817045","    (39.14463696, -77.23817045)"
"MCP15500039","220024539","Montgomery County Police","Injury Crash","06/08/2022 09:18:00 AM","County","WOODGLEN DR","EXECUTIVE BLVD",,"N/A","PEDESTRIAN","OTHER","CLEAR","DRY","DAYLIGHT","STOP SIGN","NONE DETECTED","NONE DETECTED","A85A9DEC-495D-425E-B42F-94D6C660A4E6","PEDESTRIAN","Cross/Enter at Intersection","NO IMPROPER ACTIONS","ON ROADWAY AT CROSSWALK","No","SUSPECTED MINOR INJURY","N/A","39.04322833","-77.11333","    (39.04322833, -77.11333)"
"MCP2780005S","220024465","Montgomery County Police","Injury Crash","06/07/2022 05:10:00 PM","Maryland (State)","FREDERICK RD","WHEATFIELD DR",,"N/A","PEDESTRIAN","SAME DIR REAR END","RAINING","WET","DAYLIGHT","NO CONTROLS","N/A","N/A","51936AEE-1F19-4F9C-8746-7FCC80377864","PEDESTRIAN","Cross/Enter not at Intersection","IN ROADWAY IMPROPERLY","AT INTERSECTION BUT NO CROSSWALK","No","POSSIBLE INJURY","N/A","39.16776167","-77.23021833","    (39.16776167, -77.23021833)"
"MCP27380046","220024439","Montgomery County Police","Injury Crash","06/07/2022 03:47:00 PM","Maryland (State)","NEW HAMPSHIRE AVE","BRANTFORD AVE",,"N/A","BICYCLIST","OTHER","N/A","DRY","DAYLIGHT","N/A","N/A","NONE DETECTED","FDE19DA4-6899-4A8C-914D-96CD4B29DF4D","BICYCLIST","Other","NO IMPROPER ACTIONS","ON ROADWAY NOT AT CROSSWALK","No","SUSPECTED MINOR INJURY","MC/BIKE HELMET","39.05940333","-76.99742365","    (39.05940333, -76.99742365)"
"MCP3249003Q","220024244","Montgomery County Police","Injury Crash","06/06/2022 04:00:00 PM","Ramp","RAMP 4 FR US 29 NB TO MD 198 EB","SANDY SPRING RD",,"N/A","PEDESTRIAN","OTHER","CLEAR","DRY","DAYLIGHT","TRAFFIC SIGNAL","NONE DETECTED","NONE DETECTED","875A33BA-5D11-4526-93D9-90C54951F0D9","PEDESTRIAN","Cross/Enter at Intersection","NO IMPROPER ACTIONS","ON ROADWAY AT CROSSWALK","No","NO APPARENT INJURY","NONE","39.11157667","-76.92853833","    (39.11157667, -76.92853833)"
"MCP209400JZ","220024162","Montgomery County Police","Injury Crash","06/06/2022 08:27:00 AM","Maryland (State)","WISCONSIN AVE","STANFORD ST",,"N/A","PEDESTRIAN","OTHER","CLEAR","DRY","DAYLIGHT","TRAFFIC SIGNAL","NONE DETECTED","NONE DETECTED","C61A46CC-C815-41B8-85A5-459D2225C7DB","PEDESTRIAN","Cross/Enter at Intersection","NO IMPROPER ACTIONS","ON ROADWAY AT CROSSWALK","No","POSSIBLE INJURY","N/A","38.97849333","-77.09124833","    (38.97849333, -77.09124833)"
"DD5648000S","220024140","Rockville Police Departme","Injury Crash","06/06/2022 01:06:00 AM",,,,"2232 VEIRS MILL RD",,"PEDESTRIAN","OTHER","CLEAR",,"DARK LIGHTS ON","NO CONTROLS","UNKNOWN","ALCOHOL PRESENT","B233B25F-B1D7-4B47-AF42-28E4BB85E71E","PEDESTRIAN","Getting off/on Vehicle","UNKNOWN","OTHER","No","POSSIBLE INJURY","UNKNOWN","39.0764055","-77.11770133","    (39.0764055, -77.11770133)"
"MCP3283001J","220024093","Montgomery County Police","Injury Crash","06/05/2022 03:24:00 PM","County","TUCKERMAN LA","LONG PINE TRAIL",,"N/A","BICYCLIST","SINGLE VEHICLE","CLEAR","DRY","DAYLIGHT","NO CONTROLS","NONE DETECTED","NONE DETECTED","A4D83662-5BF9-4840-9C90-32248044173C","BICYCLIST","Unknown","UNKNOWN","UNKNOWN","Yes","SUSPECTED SERIOUS INJURY","UNKNOWN","39.0417576","-77.17706036","    (39.0417576, -77.17706036)"
"MCP3300001V","220024084","Montgomery County Police","Injury Crash","06/05/2022 02:39:00 PM","County","LINDELL ST","LIVINGSTON ST",,"N/A","PEDESTRIAN","OTHER","CLEAR","DRY","DAYLIGHT","NO CONTROLS","NONE DETECTED","NONE DETECTED","4B0F328F-55D2-4D5F-8004-7B1C06D61714","PEDESTRIAN","Cross/Enter not at Intersection","NOT VISIBLE","ON ROADWAY NOT AT CROSSWALK","No","POSSIBLE INJURY","NONE","39.0559565","-77.05680483","    (39.0559565, -77.05680483)"
"MCP2917009M","220023874","Montgomery County Police","Fatal Crash","06/03/2022 10:00:00 PM","County","GRIDLEY RD","SELFRIDGE RD",,"N/A","PEDESTRIAN","OTHER","CLEAR","DRY","DARK NO LIGHTS","STOP SIGN","NONE DETECTED","NONE DETECTED","42E9B725-3301-48D4-95F0-6B68D744E3B6","PEDESTRIAN","Cross/Enter at Intersection","NO IMPROPER ACTIONS","ON ROADWAY AT CROSSWALK","No","FATAL INJURY","NONE","39.05656167","-77.08530333","    (39.05656167, -77.08530333)"
"MCP2917009M","220023874","Montgomery County Police","Fatal Crash","06/03/2022 10:00:00 PM","County","GRIDLEY RD","SELFRIDGE RD",,"N/A","PEDESTRIAN","OTHER","CLEAR","DRY","DARK NO LIGHTS","STOP SIGN","NONE DETECTED","NONE DETECTED","E73AA02B-A59E-4561-ACCF-0780DA6409FF","PEDESTRIAN","Cross/Enter at Intersection","NO IMPROPER ACTIONS","ON ROADWAY AT CROSSWALK","No","NO APPARENT INJURY","NONE","39.05656167","-77.08530333","    (39.05656167, -77.08530333)"
"MCP1227001M","220023880","Montgomery County Police","Injury Crash","06/03/2022 09:25:00 PM","County","MONTGOMERY VILLAGE AVE","WALKERS CHOICE RD",,"N/A","PEDESTRIAN","SINGLE VEHICLE","CLEAR","DRY","DARK NO LIGHTS","TRAFFIC SIGNAL","NONE DETECTED","UNKNOWN","19CF2B07-9CD8-4EB0-A0E5-9F04F27C3697","PEDESTRIAN","Cross/Enter at Intersection","FAILURE TO OBEY TRAFFIC SIGNS SIGNALS OR OFFICER","ON ROADWAY NOT AT CROSSWALK","Yes","SUSPECTED SERIOUS INJURY","NONE","39.16146231","-77.20207556","    (39.16146231, -77.20207556)"