"Report Number","Local Case Number","Agency Name","ACRS Report Type","Crash Date/Time","Route Type","Road Name","Cross-Street Name","Off-Road Description","Municipality","Related Non-Motorist","Collision Type","Weather","Surface Condition","Light","Traffic Control","Driver Substance Abuse","Non-Motorist Substance Abuse","Person ID","Pedestrian Type","Pedestrian Movement","Pedestrian Actions","Pedestrian Location","At Fault","Injury Severity","Safety Equipment","Latitude","Longitude","Location"
"MCP2330003M","220023658","Montgomery County Police","Injury Crash","06/03/2022 04:38:00 PM",,,,"COSTCO TIRE CENTER @ 11160 VEIRS MILL RD",,"PEDESTRIAN","OTHER","RAINING",,"DAYLIGHT","NO CONTROLS","NONE DETECTED","NONE DETECTED","21B61811-5B30-4F81-BC8A-B168546A56F4","PEDESTRIAN","Other","N/A","OTHER","No","SUSPECTED MINOR INJURY","NONE","39.034865","-77.05549293","    (39.034865, -77.05549293)"
"MCP31960039","220023712","Montgomery County Police","Injury Crash","06/02/2022 11:31:00 PM","Maryland (State)","FREDERICK RD","SCENERY DR",,"N/A","PEDESTRIAN","UNKNOWN","UNKNOWN","UNKNOWN","UNKNOWN","OTHER",,"UNKNOWN","98BAC96B-0D9D-4549-B466-1E758B51AB7B","PEDESTRIAN","Unknown","UNKNOWN","UNKNOWN","Unknown","SUSPECTED SERIOUS INJURY","UNKNOWN","39.17539832","-77.23791537","    (39.17539832, -77.23791537)"
"MCP2683005X","220023650","Montgomery County Police","Injury Crash","06/02/2022 04:07:00 PM",,,,"PARKING LOT OF 18200 BLK OF LOST KNIFE CIRCLE, GAITHERSBURG, MD 20886",,"PEDESTRIAN","OTHER","RAINING",,"DAYLIGHT","NO CONTROLS","UNKNOWN","NONE DETECTED","E70C77E2-8571-4CFF-B34A-EACA3E271947","PEDESTRIAN","Other","NO IMPROPER ACTIONS","OTHER","No","SUSPECTED MINOR INJURY","NONE","39.15674245","-77.20225061","    (39.15674245, -77.20225061)"
"MCP913000CK","220023618","Montgomery County Police","Injury Crash","06/02/2022 02:01:00 PM","County","E WAYNE AVE","MANCHESTER PL",,"N/A","OTHER","SINGLE VEHICLE","CLOUDY","DRY","DAYLIGHT","NO CONTROLS","NONE DETECTED","NONE DETECTED","9C7EEDCD-9B77-48FC-8ECE-E1A584F0C643","OTHER","Other Working","IMPROPER TURN MERGE","OUTSIDE RIGHT OF WAY","Yes","POSSIBLE INJURY","NONE","39.00066833","-77.008745","    (39.00066833, -77.008745)"
"DD561500CL","220023561","Rockville Police Departme","Injury Crash","06/02/2022 09:00:00 AM",,,,"PARKING LOT OF 250 RICHARD MONTGOMERY DR ROCKVILLE, MARYLAND",,"PEDESTRIAN","SINGLE VEHICLE","CLEAR",,"DAYLIGHT","NO CONTROLS","NONE DETECTED","NONE DETECTED","EE03D31E-0D42-4803-947A-C10BA609BC3E","PEDESTRIAN","Walking to/from school","DART DASH","OTHER","No","NO APPARENT INJURY","NONE","39.07936509","-77.14508319","    (39.07936509, -77.14508319)"
"DD561500CL","220023561","Rockville Police Departme","Injury Crash","06/02/2022 09:00:00 AM",,,,"PARKING LOT OF 250 RICHARD MONTGOMERY DR ROCKVILLE, MARYLAND",,"PEDESTRIAN","SINGLE VEHICLE","CLEAR",,"DAYLIGHT","NO CONTROLS","NONE DETECTED","NONE DETECTED","DE2EADF2-BF90-4131-931B-1536125F0A9C","PEDESTRIAN","Walking to/from school","DART DASH","OTHER","No","POSSIBLE INJURY","NONE","39.07936509","-77.14508319","    (39.07936509, -77.14508319)"
"MCP2723006D","220023464","Montgomery County Police","Injury Crash","06/01/2022 04:10:00 PM","County","DRAKE DR","RUSSETT RD",,"N/A","BICYCLIST","SINGLE VEHICLE","CLEAR","DRY","DAYLIGHT","NO CONTROLS","N/A","N/A","513F5D3E-BC46-44B2-8835-C1D8BAC9D69B","BICYCLIST","Cross/Enter at Intersection","NO IMPROPER ACTIONS","SIDEWALK","No","SUSPECTED MINOR INJURY","UNKNOWN","39.08466833","-77.10403","    (39.08466833, -77.10403)"
"MCP1301001T","220023484","Montgomery County Police","Fatal Crash","06/01/2022 04:09:00 PM","Maryland (State)","OLD GEORGETOWN RD","CHESHIRE DR",,"N/A","BICYCLIST","SINGLE VEHICLE","CLEAR","DRY","DAYLIGHT","NO CONTROLS","NONE DETECTED","NONE DETECTED","B71FD9C4-97DB-44A8-B161-7FEF7E4B89AD","BICYCLIST","Walking/Cycling on Sidewalk","IN ROADWAY IMPROPERLY","ON ROADWAY NOT AT CROSSWALK","Yes","FATAL INJURY","NONE","39.02156833","-77.12286667","    (39.02156833, -77.12286667)"
"MCP24200047","220022518","Montgomery County Police","Property Damage Crash","06/01/2022 02:15:00 PM",,,,"PARKING LOT OF 12389 GEORGIA AVE",,"PEDESTRIAN","OTHER","CLEAR",,"DAYLIGHT","NO CONTROLS","N/A","NONE DETECTED","E2FE718F-2E2D-4790-8010-D79A7B6EA85B","PEDESTRIAN","Other","NO IMPROPER ACTIONS","OTHER","No","NO APPARENT INJURY","N/A","39.14941667","-77.06661833","    (39.14941667, -77.06661833)"
"MCP3290001G","220023403","Montgomery County Police","Property Damage Crash","06/01/2022 10:20:00 AM",,,,"PARKING LOT OF DAYS INN LOCATED AT 8040 13TH ST SILVER SPRING, MD 20910",,"OTHER","SINGLE VEHICLE","CLEAR",,"DAYLIGHT","N/A","NONE DETECTED","N/A","DC557953-1CC1-4466-B603-FD17FCDE7FD6","OTHER","Other","UNKNOWN","INSIDE BUILDING","No","NO APPARENT INJURY","N/A","38.98745833","-77.028725","    (38.98745833, -77.028725)"
"MCP3193003D","220023320","Montgomery County Police","Property Damage Crash","05/31/2022 06:17:00 PM","County","BLUHILL RD","RANDOLPH RD",,"N/A","PEDESTRIAN","OTHER","CLEAR","DRY","DAYLIGHT","OTHER","NONE DETECTED","NONE DETECTED","5650B2D8-7528-419C-A869-043C0CBC6AAE","PEDESTRIAN","Cross/Enter at Intersection","NO IMPROPER ACTIONS","ON ROADWAY AT CROSSWALK","No","NO APPARENT INJURY","NONE","39.05908017","-77.06501383","    (39.05908017, -77.06501383)"
"EJ7888002C","220023231","Gaithersburg Police Depar","Injury Crash","05/31/2022 08:00:00 AM","County","MONTGOMERY VILLAGE AVE","CENTERWAY RD",,"N/A","BICYCLIST","SAME DIRECTION SIDESWIPE","CLEAR","DRY","DAYLIGHT","UNKNOWN","UNKNOWN","NONE DETECTED","0BA6B6AB-4E2F-46A2-8755-0B9A55C1A24A","BICYCLIST","Walking/Riding w/Traffic","NO IMPROPER ACTIONS","ON ROADWAY NOT AT CROSSWALK","No","SUSPECTED SERIOUS INJURY","MC/BIKE HELMET","39.17209209","-77.2035929","    (39.17209209, -77.2035929)"
"MCP3176001R","220023174","Montgomery County Police","Injury Crash","05/30/2022 11:15:00 PM","US (State)","COLUMBIA PIKE","HILLWOOD DR",,"N/A","PEDESTRIAN","OTHER","CLEAR","DRY","DARK LIGHTS ON","NO CONTROLS","NONE DETECTED","ALCOHOL PRESENT","8F8C212E-F4B9-4B95-A920-A445C623E3A0","PEDESTRIAN","Cross/Enter at Intersection","DART DASH","ON ROADWAY NOT AT CROSSWALK","Yes","SUSPECTED SERIOUS INJURY","NONE","39.032518","-77.003423","    (39.032518, -77.003423)"
"MCP31390036","220023142","Montgomery County Police","Injury Crash","05/30/2022 07:19:00 PM",,,,"3660 CHILDRESS TERRACE",,"OTHER","OTHER","CLEAR",,"DAYLIGHT","NO CONTROLS","NONE DETECTED","N/A","2864C7ED-D495-4A2C-BCA9-95202CD521DA","OTHER","N/A","NO IMPROPER ACTIONS","INSIDE BUILDING","No","NO APPARENT INJURY","N/A","39.091989","-76.93580717","    (39.091989, -76.93580717)"
"MCP31390036","220023142","Montgomery County Police","Injury Crash","05/30/2022 07:19:00 PM",,,,"3660 CHILDRESS TERRACE",,"OTHER","OTHER","CLEAR",,"DAYLIGHT","NO CONTROLS","NONE DETECTED","N/A","A39584E4-94ED-4A03-B462-FF7ACB2CF16F","OTHER","N/A","NO IMPROPER ACTIONS","INSIDE BUILDING","No","NO APPARENT INJURY","N/A","39.091989","-76.93580717","    (39.091989, -76.93580717)"
"MCP3124005N","220022996","Montgomery County Police","Injury Crash","05/29/2022 03:34:00 PM",,,,"12015 GEORGIA AVE. SILVER SPRING, MD 20902",,"PEDESTRIAN","OTHER","CLOUDY",,"DAYLIGHT","N/A","NONE DETECTED","NONE DETECTED","84B6C073-42CA-4C5F-8380-19A4F7950E67","PEDESTRIAN","Other","N/A","OTHER","Unknown","SUSPECTED MINOR INJURY","N/A","39.05267","-77.05011667","    (39.05267, -77.05011667)"
"MCP2877009S","220022976","Montgomery County Police","Property Damage Crash","05/29/2022 11:00:00 AM","County","GLEN RD","S GLEN RD",,"N/A","BICYCLIST","SAME DIR REAR END","CLEAR","DRY","DAYLIGHT","STOP SIGN","NONE DETECTED","NONE DETECTED","39420612-269C-4543-81CD-D3D4E8997F73","BICYCLIST","Walking/Riding w/Traffic","OTHER","ON ROADWAY NOT AT CROSSWALK","Yes","NO APPARENT INJURY","MC/BIKE HELMET","39.04605037","-77.21778643","    (39.04605037, -77.21778643)"
"EJ7895001T","220022848","Gaithersburg Police Depar","Injury Crash","05/28/2022 01:35:00 PM",,,,"PARKING LOT IN FRONT OF 576 N FREDERICK AVENUE: YU ZHOU CAFE",,"PEDESTRIAN","OTHER","CLEAR",,"DAYLIGHT","N/A",,"NONE DETECTED","B9997750-FC4F-44AB-B460-2AAFC0885B55","PEDESTRIAN","Standing","ENTERING EXITING PARKED STANDING VEHICLE","OTHER","Yes","SUSPECTED MINOR INJURY","N/A","39.14814797","-77.21084375","    (39.14814797, -77.21084375)"
"MCP3010006Q","220022836","Montgomery County Police","Injury Crash","05/28/2022 01:00:00 PM","County","GROSVENOR LA","HATHERLEIGH DR",,"N/A","PEDESTRIAN","OTHER","N/A","DRY","DAYLIGHT","STOP SIGN","N/A","N/A","CBF2A074-1ED0-4FEB-8679-3DE19F8DAC45","PEDESTRIAN","Cross/Enter at Intersection","OTHER","AT INTERSECTION BUT NO CROSSWALK","No","SUSPECTED MINOR INJURY","NONE","39.02256018","-77.11860972","    (39.02256018, -77.11860972)"
"MCP2683005V","220022703","Montgomery County Police","Property Damage Crash","05/27/2022 04:23:00 PM","County","LOST KNIFE RD","CONTOUR RD",,"N/A","BICYCLIST","OTHER","CLOUDY","WET","DAYLIGHT","STOP SIGN","NONE DETECTED","N/A","D1311E5B-FCE1-40A8-AE36-73287AC992A1","BICYCLIST","Cross/Enter at Intersection","NO IMPROPER ACTIONS","AT INTERSECTION BUT NO CROSSWALK","No","NO APPARENT INJURY","NONE","39.1549356","-77.2010206","    (39.1549356, -77.2010206)"
"MCP2934004M","220022524","Montgomery County Police","Injury Crash","05/26/2022 03:03:00 PM","County","TILDEN LA","ENT SCHOOL",,"N/A","BICYCLIST","OTHER","CLOUDY","DRY","DAYLIGHT","NO CONTROLS","NONE DETECTED","NONE DETECTED","A6E19EC5-8F8D-4547-A883-B0C14E9966BF","BICYCLIST","Cross/Enter at Intersection","NO IMPROPER ACTIONS","ON ROADWAY AT CROSSWALK","No","POSSIBLE INJURY","MC/BIKE HELMET","39.04364167","-77.13082667","    (39.04364167, -77.13082667)"
"MCP3126003B","220022002","Montgomery County Police","Injury Crash","05/23/2022 04:45:00 PM","County","CLARKSBURG RD","OVERLOOK PARK DR",,"N/A","BICYCLIST","OTHER","CLEAR","DRY","DAYLIGHT","NO CONTROLS","NONE DETECTED","NONE DETECTED","10A93DE5-89C6-43EF-ABE1-12B324B20581","BICYCLIST","Walking/Riding w/Traffic","IN ROADWAY IMPROPERLY","ON ROADWAY NOT AT CROSSWALK","Yes","POSSIBLE INJURY","NONE","39.245105","-77.277885","    (39.245105, -77.277885)"
"MCP3006007D","220021952","Montgomery County Police","Property Damage Crash","05/23/2022 01:30:00 PM","Other Public Roadway","GEORGIAN WAY","GEORGIA AVE",,"N/A","BICYCLIST","STRAIGHT MOVEMENT ANGLE","CLEAR","DRY","DAYLIGHT","NO CONTROLS","NONE DETECTED","NONE DETECTED","678D9779-002C-4487-A0A3-AD02DE668CDF","BICYCLIST","Walking/Riding against Traffic","NO IMPROPER ACTIONS","SIDEWALK","No","NO APPARENT INJURY","NONE","39.054195","-77.05031","    (39.054195, -77.05031)"
"MCP2846007Z","220021835","Montgomery County Police","Injury Crash","05/22/2022 03:15:00 PM","Maryland (State)","GEORGIA AVE","BLUERIDGE AVE",,"N/A","PEDESTRIAN","HEAD ON LEFT TURN","CLEAR","DRY","DAYLIGHT","PERSON","NONE DETECTED","NONE DETECTED","5774AC8B-CA66-4240-9325-D4065FF845E1","PEDESTRIAN","Cross/Enter at Intersection","NO IMPROPER ACTIONS","ON ROADWAY AT CROSSWALK","No","POSSIBLE INJURY","N/A","39.04295333","-77.05214333","    (39.04295333, -77.05214333)"
"MCP2846007Z","220021835","Montgomery County Police","Injury Crash","05/22/2022 03:15:00 PM","Maryland (State)","GEORGIA AVE","BLUERIDGE AVE",,"N/A","PEDESTRIAN","HEAD ON LEFT TURN","CLEAR","DRY","DAYLIGHT","PERSON","NONE DETECTED","NONE DETECTED","C59007E7-C2ED-4EE1-BED0-A0BD62A7BA59","PEDESTRIAN","Cross/Enter at Intersection","NO IMPROPER ACTIONS","ON ROADWAY AT CROSSWALK","No","POSSIBLE INJURY","N/A","39.04295333","-77.05214333","    (39.04295333, -77.05214333)"
"MCP2846007Z","220021835","Montgomery County Police","Injury Crash","05/22/2022 03:15:00 PM","Maryland (State)","GEORGIA AVE","BLUERIDGE AVE",,"N/A","PEDESTRIAN","HEAD ON LEFT TURN","CLEAR","DRY","DAYLIGHT","PERSON","NONE DETECTED","NONE DETECTED","FD5A2B0A-B979-462B-9CE5-65E66341CC64","PEDESTRIAN","Cross/Enter at Intersection","NO IMPROPER ACTIONS","ON ROADWAY AT CROSSWALK","No","POSSIBLE INJURY","N/A","39.04295333","-77.05214333","    (39.04295333, -77.05214333)"
"MCP2799006Q","220021731","Montgomery County Police","Property Damage Crash","05/21/2022 06:30:00 PM",,,,"13468 NEW HAMPSHIRE AVE",,"PEDESTRIAN","OTHER","CLEAR",,"DAYLIGHT","NO CONTROLS","NONE DETECTED","NONE DETECTED","8225222C-4834-4C27-9E01-39D8F543758D","PEDESTRIAN","Walking/Riding w/Traffic","FAILURE TO YIELD RIGHT OF WAY","ON ROADWAY NOT AT CROSSWALK","Yes","NO APPARENT INJURY","NONE","39.077005","-77.00293","    (39.077005, -77.00293)"
"MCP3059007Y","220021726","Montgomery County Police","Injury Crash","05/21/2022 05:44:00 PM","County","SENECA FOREST CIR","SENECA FOREST CIR",,"N/A","OTHER","SAME DIR REAR END","CLEAR","DRY","DAYLIGHT","NO CONTROLS",,"NONE DETECTED","7C11BD5E-EA55-4E90-841B-38A1EECFDD2C","OTHER","Getting off/on Vehicle","ENTERING EXITING PARKED STANDING VEHICLE","OTHER","Yes","NO APPARENT INJURY","N/A","39.20750333","-77.234685","    (39.20750333, -77.234685)"
"MCP3059007Y","220021726","Montgomery County Police","Injury Crash","05/21/2022 05:44:00 PM","County","SENECA FOREST CIR","SENECA FOREST CIR",,"N/A","OTHER","SAME DIR REAR END","CLEAR","DRY","DAYLIGHT","NO CONTROLS",,"NONE DETECTED","504541DA-8575-446D-839E-846040927047","OTHER","Other","NO IMPROPER ACTIONS","OTHER","No","SUSPECTED SERIOUS INJURY","N/A","39.20750333","-77.234685","    (39.20750333, -77.234685)"
"MCP3320000V","220021711","Montgomery County Police","Injury Crash","05/21/2022 04:00:00 PM","County","FENTON ST","THAYER AVE",,"N/A","PEDESTRIAN","SINGLE VEHICLE","CLEAR","DRY","DAYLIGHT","TRAFFIC SIGNAL","NONE DETECTED","NONE DETECTED","93E2C2FC-B5DB-4F08-9E50-5D7B83F7E93C","PEDESTRIAN","Cross/Enter at Intersection","N/A","AT INTERSECTION MARKED CROSSWALK","No","SUSPECTED MINOR INJURY","N/A","38.99304768","-77.02408693","    (38.99304768, -77.02408693)"
"DM8479001C","220021661","Takoma Park Police Depart","Injury Crash","05/21/2022 10:12:00 AM",,,,"PARKING LOT",,"PEDESTRIAN","N/A","N/A",,"DAYLIGHT","NO CONTROLS","NONE DETECTED","NONE DETECTED","4A07043C-64F7-4703-8B5B-E53C84C844B2","PEDESTRIAN","Other","OTHER","OTHER","Unknown","POSSIBLE INJURY","NONE","38.98664837","-76.98786523","    (38.98664837, -76.98786523)"
"MCP27980050","220021583","Montgomery County Police","Injury Crash","05/20/2022 06:40:00 PM","County","MIDDLEBROOK RD","CELEBRATION WAY",,"N/A","PEDESTRIAN","OTHER","CLEAR","DRY","DAYLIGHT","OTHER","NONE DETECTED","NONE DETECTED","CE0DF1C3-CEB1-4634-87BD-B72BDD67125B","PEDESTRIAN","Cross/Enter not at Intersection","DART DASH","ON ROADWAY NOT AT CROSSWALK","Yes","POSSIBLE INJURY","NONE","39.18164167","-77.26942333","    (39.18164167, -77.26942333)"
"MCP2753005F","220021523","Montgomery County Police","Injury Crash","05/20/2022 01:20:00 PM","Maryland (State)","NORBECK RD","GEORGIA AVE",,"N/A","BICYCLIST","OTHER","N/A","DRY","DAYLIGHT","TRAFFIC SIGNAL","NONE DETECTED","NONE DETECTED","C67CEE2E-0D03-415C-B3BD-20F4CE1CFB9B","BICYCLIST","Cross/Enter at Intersection","NO IMPROPER ACTIONS","AT INTERSECTION MARKED CROSSWALK","No","SUSPECTED MINOR INJURY","MC/BIKE HELMET","39.109445","-77.07531333","    (39.109445, -77.07531333)"
"MCP3091003M","220021345","Montgomery County Police","Injury Crash","05/19/2022 01:44:00 PM","County","CRABBS BRANCH WAY","REDLAND RD",,"N/A","OTHER","STRAIGHT MOVEMENT ANGLE","CLEAR","DRY","DAYLIGHT","TRAFFIC SIGNAL","N/A","N/A","EDFA2194-354D-4FFF-9D3D-B13FFD4621B6","OTHER","Cross/Enter at Intersection","FAILURE TO YIELD RIGHT OF WAY","ON ROADWAY AT CROSSWALK","Yes","SUSPECTED MINOR INJURY","UNKNOWN","39.1232285","-77.15694217","    (39.1232285, -77.15694217)"
"MCP9419003F","220021170","Montgomery County Police","Injury Crash","05/18/2022 02:30:00 PM",,,,"SIDEWALK/PARKING LOT OF 1029 E. GUDE DRIVE",,"BICYCLIST","STRAIGHT MOVEMENT ANGLE","CLEAR",,"DAYLIGHT","NO CONTROLS","NONE DETECTED","NONE DETECTED","100068DE-6A4A-45C4-8A6B-09F37E9E5647","BICYCLIST","Walking/Cycling on Sidewalk","NO IMPROPER ACTIONS","SIDEWALK","No","SUSPECTED MINOR INJURY","MC/BIKE HELMET","39.098385","-77.13816","    (39.098385, -77.13816)"
"MCP2917009F","220021066","Montgomery County Police","Injury Crash","05/17/2022 08:11:00 PM","County","PARKLAND DR","ASPEN HILL RD",,"N/A","BICYCLIST","SAME DIRECTION SIDESWIPE","CLEAR","DRY","DUSK","TRAFFIC SIGNAL","N/A","NONE DETECTED","6ECEC3ED-EC73-4793-9CFB-EE4483096DAF","BICYCLIST","Walking/Riding w/Traffic","NO IMPROPER ACTIONS","SHOULDER","No","SUSPECTED MINOR INJURY","MC/BIKE HELMET","39.0790152","-77.08716104","    (39.0790152, -77.08716104)"
"MCP2522001K","220020960","Montgomery County Police","Property Damage Crash","05/17/2022 09:48:00 AM","County","MACARTHUR BLVD","SANGAMORE RD",,"N/A","BICYCLIST","HEAD ON LEFT TURN","CLEAR","DRY","DAYLIGHT","TRAFFIC SIGNAL","NONE DETECTED","NONE DETECTED","D7B66FCB-AE02-4CDD-9A7F-B88834A1BFF5","BICYCLIST","Cross/Enter at Intersection","NO IMPROPER ACTIONS","ON ROADWAY NOT AT CROSSWALK","No","NO APPARENT INJURY","MC/BIKE HELMET","38.9444045","-77.11671933","    (38.9444045, -77.11671933)"
"MCP3254001Y","220020677","Montgomery County Police","Injury Crash","05/15/2022 12:32:00 PM","County","MATENY RD","GREAT SENECA HWY",,"N/A","BICYCLIST","OTHER","CLEAR","DRY","DAYLIGHT","TRAFFIC SIGNAL","NONE DETECTED","NONE DETECTED","711D2483-9E85-4E98-BA2E-3322C1F79B19","BICYCLIST","Cross/Enter at Intersection","NO IMPROPER ACTIONS","ON ROADWAY AT CROSSWALK","No","SUSPECTED MINOR INJURY","MC/BIKE HELMET","39.14622307","-77.27464274","    (39.14622307, -77.27464274)"
"DD55220056","220020909","Rockville Police Departme","Injury Crash","05/15/2022 10:28:00 AM","Municipality","W EDMONSTON DR","ROCKVILLE PIKE",,"N/A","PEDESTRIAN","OTHER","UNKNOWN","UNKNOWN","DAYLIGHT","STOP SIGN","UNKNOWN","N/A","1ABB89A9-DEF8-489A-82E7-29037BA04666","PEDESTRIAN","Cross/Enter at Intersection","UNKNOWN","AT INTERSECTION MARKED CROSSWALK","Unknown","SUSPECTED MINOR INJURY","N/A","39.07372622","-77.13698762","    (39.07372622, -77.13698762)"
"EJ7893000W","220020145","Gaithersburg Police Depar","Injury Crash","05/12/2022 08:37:00 AM","County","SHADY GROVE RD","RAMP 6 FR SHADY GROVE RD EB TO IS 270 SB",,"N/A","BICYCLIST","OTHER","CLOUDY","DRY","DAYLIGHT","TRAFFIC SIGNAL","NONE DETECTED","NONE DETECTED","AC0FD610-C7CE-4182-9CD0-9945E865D30E","BICYCLIST","Walking/Cycling on Sidewalk","NO IMPROPER ACTIONS","AT INTERSECTION MARKED CROSSWALK","No","POSSIBLE INJURY","NONE","39.10946505","-77.18828765","    (39.10946505, -77.18828765)"
"MCP3039005Y","220019946","Montgomery County Police","Injury Crash","05/10/2022 10:00:00 PM","US (State)","GEORGIA AVE","THAYER AVE",,"N/A","PEDESTRIAN","STRAIGHT MOVEMENT ANGLE","CLEAR","DRY","DARK LIGHTS ON","TRAFFIC SIGNAL","NONE DETECTED","N/A","A18D68AF-E35A-4573-8603-43749067B9C2","PEDESTRIAN","Cross/Enter at Intersection","NO IMPROPER ACTIONS","AT INTERSECTION MARKED CROSSWALK","No","SUSPECTED MINOR INJURY","REFLECTIVE CLOTHING","38.99291668","-77.02660492","    (38.99291668, -77.02660492)"
"MCP30440058","220019942","Montgomery County Police","Property Damage Crash","05/10/2022 08:47:00 PM","County","BRIGGS CHANEY RD","ROBEY RD",,"N/A","BICYCLIST","OTHER","CLEAR","DRY","DARK NO LIGHTS","NO CONTROLS","NONE DETECTED","N/A","323A2E61-72AD-4D5A-80DB-965806551EC4","BICYCLIST","Cross/Enter at Intersection","N/A","ON ROADWAY AT CROSSWALK","No","NO APPARENT INJURY","NONE","39.07957667","-76.94478167","    (39.07957667, -76.94478167)"
"MCP3200005L","220019858","Montgomery County Police","Injury Crash","05/10/2022 01:45:00 PM","County","NEILWOOD DR","LUXMANOR RD",,"N/A","PEDESTRIAN","OTHER","CLEAR","DRY","DAYLIGHT","NO CONTROLS",,"NONE DETECTED","EDA9CF4A-10DF-4D13-90E9-5844F2C73522","PEDESTRIAN","Other Working","ENTERING EXITING PARKED STANDING VEHICLE","ON ROADWAY NOT AT CROSSWALK","Yes","SUSPECTED MINOR INJURY","NONE","39.04576333","-77.12315283","    (39.04576333, -77.12315283)"
"MCP3019004S","220019736","Montgomery County Police","Injury Crash","05/09/2022 06:40:00 PM","Maryland (State)","WISCONSIN AVE","CHASE AVE",,"N/A","PEDESTRIAN","SINGLE VEHICLE","CLEAR","DRY","DAYLIGHT","TRAFFIC SIGNAL","N/A","N/A","8F908C90-33F6-4379-BAE4-5602936A506C","PEDESTRIAN","Cross/Enter at Intersection","NO IMPROPER ACTIONS","AT INTERSECTION MARKED CROSSWALK","No","POSSIBLE INJURY","NONE","38.98870833","-77.09506667","    (38.98870833, -77.09506667)"
"MCP32790016","220019768","Montgomery County Police","Injury Crash","05/09/2022 05:30:00 PM","County","BLUHILL RD","RANDOLPH RD",,"N/A","PEDESTRIAN","SINGLE VEHICLE","UNKNOWN","UNKNOWN","UNKNOWN","STOP SIGN","NONE DETECTED","N/A","3897BA3A-91A1-45C8-9117-09D8E5E97CF3","PEDESTRIAN","Cross/Enter at Intersection","NO IMPROPER ACTIONS","ON ROADWAY AT CROSSWALK","No","SUSPECTED MINOR INJURY","NONE","39.05898675","-77.06498015","    (39.05898675, -77.06498015)"
"MCP2861005C","220019720","Montgomery County Police","Injury Crash","05/09/2022 05:05:00 PM","Maryland (State)","OLD GEORGETOWN RD","CHESHIRE DR",,"N/A","BICYCLIST","OTHER","CLEAR","DRY","DAYLIGHT","TRAFFIC SIGNAL","NONE DETECTED","NONE DETECTED","04EE3EF5-0363-43B0-ADBE-3DE5915B8B76","BICYCLIST","Cross/Enter not at Intersection","DART DASH","ON ROADWAY NOT AT CROSSWALK","Yes","SUSPECTED SERIOUS INJURY","MC/BIKE HELMET","39.02244667","-77.12369333","    (39.02244667, -77.12369333)"
"EJ7873005Y","220019686","Gaithersburg Police Depar","Injury Crash","05/09/2022 02:00:00 PM",,,,"PAARKING LOT OF 18749 N FREDERICK AVE GAITHERSBURG, MD 20879",,"PEDESTRIAN","OTHER","CLEAR",,"DAYLIGHT","NO CONTROLS","NONE DETECTED","N/A","830027DD-7944-4635-A6C9-AACF7857F7D9","PEDESTRIAN","Other","DART DASH","OTHER","Yes","POSSIBLE INJURY","NONE","39.16350472","-77.22561123","    (39.16350472, -77.22561123)"
"EJ7893000S","220019632","Gaithersburg Police Depar","Injury Crash","05/09/2022 09:12:00 AM",,"FELLOWSHIP CIRCLE","RUSSELL AVE",,"N/A","PEDESTRIAN","OTHER","CLEAR","DRY","DAYLIGHT","STOP SIGN","NONE DETECTED","NONE DETECTED","89E170D1-4B6B-4634-B445-53C54128308D","PEDESTRIAN","Cross/Enter at Intersection","N/A","ON ROADWAY AT CROSSWALK","No","SUSPECTED MINOR INJURY","NONE","39.14962532","-77.19932873","    (39.14962532, -77.19932873)"
"DD56450020","220019725","Rockville Police Departme","Injury Crash","05/09/2022 05:30:00 AM","County","TWINBROOK PKWY","VEIRS MILL RD",,"N/A","PEDESTRIAN","OTHER","CLEAR","N/A","DARK LIGHTS ON","N/A","N/A","NONE DETECTED","4EC82E48-3F1E-4DCB-B302-62C566BCEDC0","PEDESTRIAN","Walking/Riding w/Traffic","UNKNOWN","ON ROADWAY AT CROSSWALK","Unknown","SUSPECTED MINOR INJURY","NONE","39.07345014","-77.11184764","    (39.07345014, -77.11184764)"
"MCP3305001N","220019612","Montgomery County Police","Injury Crash","05/08/2022 11:45:00 PM","County","BROADBIRCH DR","BOURNEFIELD WAY",,"N/A","PEDESTRIAN","OTHER","CLEAR","DRY","DARK NO LIGHTS","NO CONTROLS","UNKNOWN","NONE DETECTED","F60DE789-1ED8-4046-BDD4-7B2A53221E9B","PEDESTRIAN","Cross/Enter not at Intersection","IN ROADWAY IMPROPERLY","ON ROADWAY NOT AT CROSSWALK","Yes","SUSPECTED MINOR INJURY","NONE","39.05549688","-76.96138742","    (39.05549688, -76.96138742)"
"MCP32150032","220019544","Montgomery County Police","Property Damage Crash","05/08/2022 12:40:00 PM","Maryland (State)","16TH ST","COLESVILLE RD",,"N/A","BICYCLIST","STRAIGHT MOVEMENT ANGLE","CLEAR","DRY","DAYLIGHT","TRAFFIC SIGNAL","UNKNOWN","NONE DETECTED","1D549C0A-F682-47E0-8815-2D9C4A0A33EE","BICYCLIST","Cross/Enter at Intersection","NO IMPROPER ACTIONS","AT INTERSECTION MARKED CROSSWALK","No","NO APPARENT INJURY","MC/BIKE HELMET","38.99255596","-77.03618228","    (38.99255596, -77.03618228)"
"MCP2231006L","220019432","Montgomery County Police","Injury Crash","05/07/2022 02:08:00 PM","Municipality","QUINCE ORCHARD BLVD","QUINCE ORCHARD RD",,"N/A","BICYCLIST","SINGLE VEHICLE","RAINING","WET","DAYLIGHT","TRAFFIC SIGNAL","NONE DETECTED","NONE DETECTED","7E05659A-DDCE-4382-B51B-399C9809081F","BICYCLIST","Cross/Enter at Intersection","FAILURE TO YIELD RIGHT OF WAY","ON ROADWAY AT CROSSWALK","Yes","SUSPECTED MINOR INJURY","MC/BIKE HELMET","39.13455833","-77.223985","    (39.13455833, -77.223985)"
"MCP2181004L","220019281","Montgomery County Police","Fatal Crash","05/06/2022 11:21:00 AM","County","ROCKLEDGE DR","DEMOCRACY BLVD",,"N/A","PEDESTRIAN","OTHER","RAINING","WET","DAYLIGHT","N/A","N/A","NONE DETECTED","79303E71-FB09-4962-A39A-ED2AEDB552F8","PEDESTRIAN","Cross/Enter not at Intersection","DART DASH","ON ROADWAY NOT AT CROSSWALK","Yes","FATAL INJURY","NONE","39.02436333","-77.13263667","    (39.02436333, -77.13263667)"