"Report Number","Local Case Number","Agency Name","ACRS Report Type","Crash Date/Time","Route Type","Road Name","Cross-Street Name","Off-Road Description","Municipality","Related Non-Motorist","Collision Type","Weather","Surface Condition","Light","Traffic Control","Driver Substance Abuse","Non-Motorist Substance Abuse","Person ID","Pedestrian Type","Pedestrian Movement","Pedestrian Actions","Pedestrian Location","At Fault","Injury Severity","Safety Equipment","Latitude","Longitude","Location"
"MCP21820030","220019289","Montgomery County Police","Property Damage Crash","05/06/2022 07:20:00 AM",,,,"FRONT PARKING LOT OF WALT WHITMAN HIGH SCHOOL",,"PEDESTRIAN","OTHER","RAINING",,"DAYLIGHT","NO CONTROLS","N/A","N/A","A5D26242-86EF-4A39-8996-9371877AEB60","PEDESTRIAN","Walking/Riding w/Traffic","NO IMPROPER ACTIONS","OTHER","No","NO APPARENT INJURY","N/A","38.9814697","-77.12575206","    (38.9814697, -77.12575206)"
"MCP2563001C","220019208","Montgomery County Police","Injury Crash","05/05/2022 09:54:00 PM","US (State)","COLUMBIA PIKE","PRELUDE DR",,"N/A","PEDESTRIAN","SINGLE VEHICLE","CLEAR","DRY","DARK LIGHTS ON","TRAFFIC SIGNAL","NONE DETECTED","UNKNOWN","C8DD5AFB-FE6D-4DDD-BE14-9CAE62BE3680","PEDESTRIAN","Cross/Enter at Intersection","NO IMPROPER ACTIONS","ON ROADWAY AT CROSSWALK","No","SUSPECTED SERIOUS INJURY","NONE","39.03919333","-76.99782333","    (39.03919333, -76.99782333)"
"MCP3246001F","220019023","Montgomery County Police","Injury Crash","05/04/2022 09:37:00 PM","Maryland (State)","LAYHILL RD","GLENALLAN AVE",,"N/A","PEDESTRIAN","OTHER","CLEAR","DRY","DARK LIGHTS ON","STOP SIGN","NONE DETECTED","NONE DETECTED","DDDD3956-29F0-4E9D-8077-1155303449E4","PEDESTRIAN","Cross/Enter at Intersection","OTHER","DRIVEWAY ACCESS MARKED CROSSWALK","No","SUSPECTED MINOR INJURY","N/A","39.0651185","-77.04827733","    (39.0651185, -77.04827733)"
"MCP32960014","220018844","Montgomery County Police","Injury Crash","05/03/2022 07:13:00 PM",,,,"PARKING LOT IN FRONT OF 1707 JANUARY DR.",,"PEDESTRIAN","SAME DIR REAR END","CLEAR",,"DUSK","NO CONTROLS",,"NONE DETECTED","C6389EAD-6444-4571-B7B4-3D23E8F22A50","PEDESTRIAN","Push/Work on Vehicle","DISABLED VEHICLE RELATED","OTHER","Unknown","SUSPECTED SERIOUS INJURY","NONE","39.04665833","-76.97653333","    (39.04665833, -76.97653333)"
"MCP29190099","220018434","Montgomery County Police","Injury Crash","04/30/2022 08:20:00 PM","Maryland (State)","UNIVERSITY BLVD E","E SCHUYLER RD",,"N/A","PEDESTRIAN","OTHER","CLEAR","DRY","DARK LIGHTS ON","N/A","NONE DETECTED","ALCOHOL PRESENT","D3037BAD-F845-493E-8E52-2348BBC0AC0D","PEDESTRIAN","Cross/Enter not at Intersection","IN ROADWAY IMPROPERLY","ON ROADWAY NOT AT CROSSWALK","Yes","POSSIBLE INJURY","N/A","39.00879833","-76.99838333","    (39.00879833, -76.99838333)"
"MCP32740019","220018295","Montgomery County Police","Injury Crash","04/29/2022 09:45:00 PM","Maryland (State)","RIVER RD","LANDY LA",,"N/A","PEDESTRIAN","STRAIGHT MOVEMENT ANGLE","CLEAR","DRY","DARK LIGHTS ON","NO CONTROLS","NONE DETECTED","ALCOHOL CONTRIBUTED","21A4737C-7222-447F-83D2-946A3DB54578","PEDESTRIAN","Other","IN ROADWAY IMPROPERLY","OUTSIDE RIGHT OF WAY","Yes","SUSPECTED SERIOUS INJURY","N/A","38.96501333","-77.10390833","    (38.96501333, -77.10390833)"
"MCP31680049","220018235","Montgomery County Police","Injury Crash","04/29/2022 03:00:00 PM",,,,"ENTERANCE/EXIT OF 12151 ROCKVILLE PIKE",,"BICYCLIST","STRAIGHT MOVEMENT ANGLE","CLEAR",,"DAYLIGHT","NO CONTROLS","NONE DETECTED","NONE DETECTED","5773DC59-65C9-486D-9579-733397973A4B","BICYCLIST","Cross/Enter at Intersection","NO IMPROPER ACTIONS","SIDEWALK","No","POSSIBLE INJURY","MC/BIKE HELMET","39.05814","-77.12053833","    (39.05814, -77.12053833)"
"MCP23480067","220018003","Montgomery County Police","Fatal Crash","04/28/2022 10:01:00 AM","County","TUCKERMAN LA","KINGS RIDING WAY",,"N/A","PEDESTRIAN","SINGLE VEHICLE","CLEAR","DRY","DAYLIGHT","TRAFFIC SIGNAL","NONE DETECTED","UNKNOWN","D935AA95-550D-4A0D-BAC6-FD4DEA333B80","PEDESTRIAN","Cross/Enter not at Intersection","FAILURE TO OBEY TRAFFIC SIGNS SIGNALS OR OFFICER","ON ROADWAY AT CROSSWALK","Yes","FATAL INJURY","NONE","39.03005928","-77.11307377","    (39.03005928, -77.11307377)"
"MCP3311000R","220017939","Montgomery County Police","Injury Crash","04/27/2022 08:45:00 PM","County","NICHOLSON LA","HUFF CT",,"N/A","PEDESTRIAN","OTHER","CLEAR","DRY","DARK LIGHTS ON","TRAFFIC SIGNAL","N/A","N/A","5EED2D05-283F-48A4-9384-461406B6E8E2","PEDESTRIAN","Cross/Enter not at Intersection","IN ROADWAY IMPROPERLY","ON ROADWAY NOT AT CROSSWALK","Yes","SUSPECTED SERIOUS INJURY","NONE","39.04491764","-77.10768173","    (39.04491764, -77.10768173)"
"MCP3024002G","220017750","Montgomery County Police","Injury Crash","04/27/2022 03:58:00 PM","County","WISTERIA DR","CIRCLE GATE DR",,"N/A","PEDESTRIAN","SINGLE VEHICLE","CLEAR","DRY","DAYLIGHT","NO CONTROLS","N/A","N/A","86E1A882-F253-4067-B374-E51D7BEB9CE3","PEDESTRIAN","Cross/Enter at Intersection","UNKNOWN","UNKNOWN","Unknown","SUSPECTED MINOR INJURY","N/A","39.17272678","-77.26414402","    (39.17272678, -77.26414402)"
"MCP20160065","220017857","Montgomery County Police","Injury Crash","04/27/2022 12:58:00 PM","Maryland (State)","ROCKVILLE PIKE","FIRST ST",,"N/A","OTHER PEDALCYCLIST","OTHER","CLEAR","DRY","DAYLIGHT","N/A","N/A","N/A","A683C053-B349-4FAB-AC2D-9D9E165E3ECE","OTHER PEDALCYCLIST","Cross/Enter at Intersection","FAILURE TO YIELD RIGHT OF WAY","SIDEWALK","Yes","POSSIBLE INJURY","N/A","39.11254","-77.23547667","    (39.11254, -77.23547667)"
"EJ7876004K","220017728","Gaithersburg Police Depar","Injury Crash","04/26/2022 03:30:00 PM","Municipality","E DIAMOND AVE","ALLEY #3",,"GAITHERSBURG","PEDESTRIAN","OTHER","CLOUDY","WET","DAYLIGHT","NO CONTROLS","NONE DETECTED","NONE DETECTED","0E786EB2-2A5C-4E4E-BDCE-7574AD59B36F","PEDESTRIAN","Cross/Enter not at Intersection","DART DASH","ON ROADWAY NOT AT CROSSWALK","Yes","SUSPECTED MINOR INJURY","NONE","39.14206915","-77.19098168","    (39.14206915, -77.19098168)"
"MCP3111005B","220017399","Montgomery County Police","Injury Crash","04/24/2022 01:00:00 PM","Maryland (State)","OLD GEORGETOWN RD","MCKINLEY ST",,"N/A","PEDESTRIAN","SINGLE VEHICLE","CLEAR","DRY","DAYLIGHT","TRAFFIC SIGNAL","UNKNOWN","NONE DETECTED","404C5CB6-119C-4022-9589-5C46EC5EFA6B","PEDESTRIAN","Cross/Enter at Intersection","NO IMPROPER ACTIONS","AT INTERSECTION MARKED CROSSWALK","No","POSSIBLE INJURY","NONE","38.99655795","-77.10891447","    (38.99655795, -77.10891447)"
"MCP22860049","220017425","Montgomery County Police","Injury Crash","04/22/2022 04:18:00 PM","Maryland (State)","HUNGERFORD DR","FREDERICK AVE #2",,"ROCKVILLE","BICYCLIST","STRAIGHT MOVEMENT ANGLE","CLEAR","DRY","DAYLIGHT","TRAFFIC SIGNAL","NONE DETECTED","NONE DETECTED","D098FA50-E4A0-4B41-8801-50E0B4720F29","BICYCLIST","Cross/Enter at Intersection","FAILURE TO YIELD RIGHT OF WAY","ON ROADWAY AT CROSSWALK","Yes","SUSPECTED SERIOUS INJURY","NONE","39.09421333","-77.15311833","    (39.09421333, -77.15311833)"
"MCP2798004Y","220017143","Montgomery County Police","Injury Crash","04/22/2022 03:33:00 PM",,,,"PARKING LOT OF 12204 EAGLES NEST DRIVE",,"PEDESTRIAN","SINGLE VEHICLE","CLEAR",,"DAYLIGHT","NO CONTROLS","UNKNOWN","NONE DETECTED","6ACCC548-8556-412D-B57E-3D5B59144D3A","PEDESTRIAN","Cross/Enter at Intersection","DART DASH","ON ROADWAY NOT AT CROSSWALK","Yes","SUSPECTED MINOR INJURY","NONE","39.16414831","-77.25150531","    (39.16414831, -77.25150531)"
"MCP2798004Z","220017138","Montgomery County Police","Injury Crash","04/22/2022 03:33:00 PM","County","WARING STATION RD","SUMMER OAK DR",,"N/A","PEDESTRIAN","SINGLE VEHICLE","CLEAR","DRY","DAYLIGHT","NO CONTROLS","NONE DETECTED","NONE DETECTED","4F308121-92D9-401F-AF15-4DF2430E8683","PEDESTRIAN","Cross/Enter at Intersection","INATTENTIVE","ON ROADWAY AT CROSSWALK","No","SUSPECTED MINOR INJURY","NONE","39.16580695","-77.24741821","    (39.16580695, -77.24741821)"
"MCP3161003V","220017123","Montgomery County Police","Injury Crash","04/22/2022 02:50:00 PM",,,,"10821 CONNECTICUT AVE PARKING LOT",,"PEDESTRIAN","SINGLE VEHICLE","CLEAR",,"DAYLIGHT","NO CONTROLS","NONE DETECTED","NONE DETECTED","73C7F462-9691-48FF-8DA9-FDD3B41A4247","PEDESTRIAN","Other","NO IMPROPER ACTIONS","OTHER","No","POSSIBLE INJURY","NONE","39.03365333","-77.07431167","    (39.03365333, -77.07431167)"
"MCP3149003C","220017080","Montgomery County Police","Injury Crash","04/22/2022 10:49:00 AM","US (State)","COLESVILLE RD","RAMP 3 FR IS 495 EB TO US 29 NB",,"N/A","PEDESTRIAN","OTHER","CLEAR","DRY","DAYLIGHT","NO CONTROLS","UNKNOWN","NONE DETECTED","6160703B-DA61-46E9-B0EB-DA1FE4A26003","PEDESTRIAN","Cross/Enter at Intersection","UNKNOWN","ON ROADWAY AT CROSSWALK","Unknown","SUSPECTED MINOR INJURY","N/A","39.015705","-77.01634","    (39.015705, -77.01634)"
"DM8504000H","220017048","Takoma Park Police Depart","Injury Crash","04/22/2022 01:43:00 AM","Maryland (State)","NEW HAMPSHIRE AVE","HOLTON LA",,"TAKOMA PARK","PEDESTRIAN","SINGLE VEHICLE","CLEAR","DRY","DARK LIGHTS ON","NO CONTROLS","UNKNOWN","N/A","8DDFCA43-5C53-4610-847A-C30F4EB17EB4","PEDESTRIAN","N/A","UNKNOWN","N/A","No","POSSIBLE INJURY","N/A","38.98380196","-76.98609604","    (38.98380196, -76.98609604)"
"MCP3084005S","220016909","Montgomery County Police","Injury Crash","04/21/2022 06:51:00 AM","County","CHESHIRE DR","GROSVENOR LA",,"N/A","BICYCLIST","OTHER","CLEAR","DRY","DAYLIGHT","STOP SIGN","NONE DETECTED","NONE DETECTED","6CE1F972-BA50-4C56-9C96-387B0FC2863B","BICYCLIST","Cross/Enter at Intersection","UNKNOWN","ON ROADWAY NOT AT CROSSWALK","Unknown","POSSIBLE INJURY","MC/BIKE HELMET","39.02338167","-77.12303","    (39.02338167, -77.12303)"
"MCP3026007Q","220016753","Montgomery County Police","Property Damage Crash","04/20/2022 11:22:00 AM","Municipality","GEORGIA ST","BRADLEY LA",,"CHEVY CHASE VILLAGE","OTHER","OTHER","CLEAR","DRY","DAYLIGHT","NO CONTROLS","UNKNOWN","NONE DETECTED","C149AC99-5CCF-4C87-8F09-3ACFF876862B","OTHER","N/A","NO IMPROPER ACTIONS","SIDEWALK","No","NO APPARENT INJURY","N/A","38.97668667","-77.07270333","    (38.97668667, -77.07270333)"
"MCP2724002N","220016604","Montgomery County Police","Injury Crash","04/20/2022 08:40:00 AM","Maryland (State)","NEW HAMPSHIRE AVE","HILLENDALE FIRE DEPARTMENT",,"N/A","PEDESTRIAN","OTHER","CLOUDY","N/A","DAYLIGHT","TRAFFIC SIGNAL","UNKNOWN","NONE DETECTED","F7C3DD70-8FC4-4753-BF85-3FE9223289D2","PEDESTRIAN","Walking to/from school","FAILURE TO OBEY TRAFFIC SIGNS SIGNALS OR OFFICER","MEDIAN","Yes","SUSPECTED MINOR INJURY","NONE","39.02970992","-76.98335105","    (39.02970992, -76.98335105)"
"MCP31140029","220016709","Montgomery County Police","Injury Crash","04/20/2022 05:20:00 AM","County","LITTLETON ST","DELANCY DR",,"N/A","OTHER","SINGLE VEHICLE","N/A","DRY","DAWN","N/A","N/A","N/A","831A1E18-87CC-444B-A7FE-094C19439C8F","OTHER","N/A","NO IMPROPER ACTIONS","INSIDE BUILDING","No","NO APPARENT INJURY","N/A","39.06476333","-77.08504167","    (39.06476333, -77.08504167)"
"MCP2445003N","220016587","Montgomery County Police","Injury Crash","04/19/2022 12:51:00 PM",,,,"IN THE CAR WASH BAY OF 20440 GERMANTOWN RD",,"PEDESTRIAN","SAME DIR REAR END","CLOUDY",,"DAYLIGHT","NO CONTROLS","NONE DETECTED","NONE DETECTED","371CEB44-45F2-4A67-8988-16791A4B215B","PEDESTRIAN","Standing","OTHER","OTHER","No","POSSIBLE INJURY","NONE","39.1921695","-77.24407583","    (39.1921695, -77.24407583)"
"MCP3300001P","220016529","Montgomery County Police","Injury Crash","04/19/2022 07:40:00 AM","Maryland (State)","UNIVERSITY BLVD W","GRANDVIEW AVE",,"N/A","PEDESTRIAN","OTHER","CLEAR","DRY","DAYLIGHT","NO CONTROLS","NONE DETECTED","NONE DETECTED","6EC6C4D2-C78D-4BFA-BE94-4C87920BED5D","PEDESTRIAN","Cross/Enter not at Intersection","IN ROADWAY IMPROPERLY","OTHER","Yes","SUSPECTED SERIOUS INJURY","NONE","39.04067067","-77.05456733","    (39.04067067, -77.05456733)"
"MCP32390023","220016559","Montgomery County Police","Injury Crash","04/19/2022 05:55:00 AM",,,,"IN FRONT OF 11225 OAK LEAF DR, SILVER SPRING, MD 20904 AT THE ROUNDABOUT.",,"PEDESTRIAN","OTHER","CLEAR",,"DARK LIGHTS ON","NO CONTROLS","UNKNOWN","NONE DETECTED","59A09E93-530D-4D66-A736-E45A86526582","PEDESTRIAN","Other","UNKNOWN","OTHER","No","POSSIBLE INJURY","NONE","39.04074984","-76.99475444","    (39.04074984, -76.99475444)"
"MCP31930037","20016483","Montgomery County Police","Property Damage Crash","04/18/2022 04:00:00 PM","County","SEMINARY RD","SELWAY LA",,"N/A","PEDESTRIAN","OTHER","RAINING","WET","DAYLIGHT","UNKNOWN","UNKNOWN","NONE DETECTED","F3923552-7D22-432E-A32D-1ABF54307E0C","PEDESTRIAN","Cross/Enter at Intersection","INATTENTIVE","CURB","No","NO APPARENT INJURY","NONE","39.00951005","-77.04136017","    (39.00951005, -77.04136017)"
"MCP29370047","220016211","Montgomery County Police","Injury Crash","04/16/2022 09:45:00 PM","County","GREENCASTLE RD","OLD COLUMBIA PIKE",,"N/A","PEDESTRIAN","SINGLE VEHICLE","CLEAR","DRY","DARK LIGHTS ON","TRAFFIC SIGNAL","NONE DETECTED","NONE DETECTED","83A637B8-93DF-4E81-8A97-3E6E5BFFA445","PEDESTRIAN","Cross/Enter at Intersection","NO IMPROPER ACTIONS","AT INTERSECTION MARKED CROSSWALK","No","SUSPECTED MINOR INJURY","N/A","39.09836809","-76.9442578","    (39.09836809, -76.9442578)"
"MCP3024002F","220016042","Montgomery County Police","Injury Crash","04/15/2022 05:56:00 PM","Other Public Roadway","WHEATFIELD TERR","WHEATFIELD DR",,"N/A","PEDESTRIAN","SINGLE VEHICLE","CLEAR","DRY","DAYLIGHT","NO CONTROLS","N/A","N/A","A6D88E77-F939-4F29-A60C-DEE312A24257","PEDESTRIAN","Playing","DART DASH","OTHER","Yes","SUSPECTED MINOR INJURY","N/A","39.17019822","-77.23152836","    (39.17019822, -77.23152836)"
"MCP27230069","220016036","Montgomery County Police","Injury Crash","04/15/2022 05:40:00 PM","Maryland (State)","GEORGIA AVE","WENDY LA",,"N/A","BICYCLIST","SINGLE VEHICLE","CLEAR","DRY","DAYLIGHT","NO CONTROLS","N/A","UNKNOWN","35CDA978-2A3F-405B-91BA-BCBD4FB749ED","BICYCLIST","Walking/Riding against Traffic","FAILURE TO YIELD RIGHT OF WAY","ON ROADWAY NOT AT CROSSWALK","Yes","SUSPECTED MINOR INJURY","NONE","39.08033167","-77.07376333","    (39.08033167, -77.07376333)"
"MCP3228003G","220016026","Montgomery County Police","Property Damage Crash","04/15/2022 05:16:00 PM","US (State)","COLESVILLE RD","SLIGO CREEK PKWY",,"N/A","BICYCLIST","STRAIGHT MOVEMENT ANGLE","CLEAR","DRY","DAYLIGHT","TRAFFIC SIGNAL","NONE DETECTED","NONE DETECTED","9EDAE691-2B65-4C5F-B18D-7ABA325E4C83","BICYCLIST","Walking/Cycling on Sidewalk","NO IMPROPER ACTIONS","ON ROADWAY AT CROSSWALK","No","NO APPARENT INJURY","MC/BIKE HELMET","39.0076268","-77.02030146","    (39.0076268, -77.02030146)"
"MCP3228003G","220016026","Montgomery County Police","Property Damage Crash","04/15/2022 05:16:00 PM","US (State)","COLESVILLE RD","SLIGO CREEK PKWY",,"N/A","BICYCLIST","STRAIGHT MOVEMENT ANGLE","CLEAR","DRY","DAYLIGHT","TRAFFIC SIGNAL","NONE DETECTED","NONE DETECTED","02411611-741E-484B-BCE5-105452BAF4CD","BICYCLIST","Walking/Cycling on Sidewalk","UNKNOWN","ON ROADWAY AT CROSSWALK","No","NO APPARENT INJURY","MC/BIKE HELMET","39.0076268","-77.02030146","    (39.0076268, -77.02030146)"
"MCP2968004B","220015977","Montgomery County Police","Injury Crash","04/15/2022 12:10:00 PM","County","SHADY GROVE RD","GUDELSKY WAY",,"N/A","OTHER PEDALCYCLIST","OTHER","CLEAR","DRY","DAYLIGHT","TRAFFIC SIGNAL","N/A","N/A","1EBAC4A2-0862-43E0-AD1D-D81E2F8D4DD9","OTHER PEDALCYCLIST","Walking/Riding w/Traffic","NO IMPROPER ACTIONS","SHOULDER","No","SUSPECTED MINOR INJURY","UNKNOWN","39.09067667","-77.199705","    (39.09067667, -77.199705)"
"MCP29370045","220013985","Montgomery County Police","Injury Crash","04/14/2022 12:45:00 AM","County","ROBEY RD","BRIGGS CHANEY RD",,"N/A","PEDESTRIAN","SINGLE VEHICLE","N/A","DRY","DARK LIGHTS ON","NO CONTROLS","UNKNOWN","NONE DETECTED","B01CBB4C-2CC9-4C00-851C-BD21EC916254","PEDESTRIAN","Unknown","UNKNOWN","UNKNOWN","Unknown","SUSPECTED SERIOUS INJURY","NONE","39.07990715","-76.94437646","    (39.07990715, -76.94437646)"
"MCP32390021","220015651","Montgomery County Police","Injury Crash","04/13/2022 10:16:00 AM","County","STEWART LA","LOCKWOOD DR",,"N/A","PEDESTRIAN","SINGLE VEHICLE","CLEAR","DRY","DAYLIGHT","NO CONTROLS","UNKNOWN","N/A","78D5E5C9-7F32-4AD9-993E-90D2723422C0","PEDESTRIAN","Unknown","NO IMPROPER ACTIONS","ON ROADWAY NOT AT CROSSWALK","No","SUSPECTED MINOR INJURY","NONE","39.0438284","-76.98218047","    (39.0438284, -76.98218047)"
"MCP209400JQ","220016790","Montgomery County Police","Injury Crash","04/12/2022 02:21:00 PM","Maryland (State)","OLD GEORGETOWN RD","RYLAND DR",,"N/A","PEDESTRIAN","OTHER","CLEAR","DRY","DAYLIGHT","TRAFFIC SIGNAL","ALCOHOL PRESENT","NONE DETECTED","FC83E7C3-2B63-4DC0-8D3D-8CB33DD4C5A9","PEDESTRIAN","Cross/Enter at Intersection","IN ROADWAY IMPROPERLY","ON ROADWAY NOT AT CROSSWALK","Yes","POSSIBLE INJURY","N/A","39.01301217","-77.11733431","    (39.01301217, -77.11733431)"
"MCP2720006P","220015282","Montgomery County Police","Injury Crash","04/10/2022 01:45:00 PM","County","13TH ST","GEORGIA AVE",,"N/A","PEDESTRIAN","SINGLE VEHICLE","CLEAR","DRY","DAYLIGHT","TRAFFIC SIGNAL","UNKNOWN","UNKNOWN","3CB68BF2-F3AF-4993-A0EA-B873A59B55CB","PEDESTRIAN","Cross/Enter at Intersection","UNKNOWN","ON ROADWAY AT CROSSWALK","No","POSSIBLE INJURY","NONE","38.98732533","-77.0267463","    (38.98732533, -77.0267463)"
"MCP1301001S","220014595","Montgomery County Police","Fatal Crash","04/06/2022 08:22:00 AM","County","GROSVENOR LA","KING CHARLES WAY",,"N/A","PEDESTRIAN","SINGLE VEHICLE","RAINING","WET","DAYLIGHT","NO CONTROLS","N/A","N/A","AE738545-2603-4B32-A623-996EDBBFECA5","PEDESTRIAN","Other","NO IMPROPER ACTIONS","OTHER","No","NO APPARENT INJURY","N/A","39.02236167","-77.10515","    (39.02236167, -77.10515)"
"MCP1301001S","220014595","Montgomery County Police","Fatal Crash","04/06/2022 08:22:00 AM","County","GROSVENOR LA","KING CHARLES WAY",,"N/A","PEDESTRIAN","SINGLE VEHICLE","RAINING","WET","DAYLIGHT","NO CONTROLS","N/A","N/A","5D02CF50-8E29-4EE3-A720-0623B5C96ECD","PEDESTRIAN","Standing","NO IMPROPER ACTIONS","OTHER","No","POSSIBLE INJURY","N/A","39.02236167","-77.10515","    (39.02236167, -77.10515)"
"MCP1301001S","220014595","Montgomery County Police","Fatal Crash","04/06/2022 08:22:00 AM","County","GROSVENOR LA","KING CHARLES WAY",,"N/A","PEDESTRIAN","SINGLE VEHICLE","RAINING","WET","DAYLIGHT","NO CONTROLS","N/A","N/A","27FD9615-11D6-483B-8B87-4B8FC356442D","PEDESTRIAN","Standing","NO IMPROPER ACTIONS","OTHER","No","FATAL INJURY","N/A","39.02236167","-77.10515","    (39.02236167, -77.10515)"
"MCP31960033","220014568","Montgomery County Police","Injury Crash","04/05/2022 09:42:00 PM","Maryland (State)","FREDERICK RD","MIDDLEBROOK RD",,"N/A","BICYCLIST","STRAIGHT MOVEMENT ANGLE","RAINING","WET","N/A","TRAFFIC SIGNAL","NONE DETECTED","NONE DETECTED","10B72421-7889-4D96-A788-9F094535B611","BICYCLIST","Other","IN ROADWAY IMPROPERLY","UNKNOWN","Yes","SUSPECTED MINOR INJURY","N/A","39.1809698","-77.23853506","    (39.1809698, -77.23853506)"
"MCP3038005R","220014558","Montgomery County Police","Property Damage Crash","04/05/2022 08:18:00 PM","US (State)","GEORGIA AVE","THAYER AVE",,"N/A","BICYCLIST","OTHER","RAINING","WET","DARK LIGHTS ON","TRAFFIC SIGNAL","NONE DETECTED","NONE DETECTED","65168208-9834-4331-A4F6-BC73683D2D1A","BICYCLIST","Cross/Enter at Intersection","FAILURE TO YIELD RIGHT OF WAY","AT INTERSECTION BUT NO CROSSWALK","Yes","NO APPARENT INJURY","NONE","38.99290105","-77.02658158","    (38.99290105, -77.02658158)"
"MCP28000052","220014387","Montgomery County Police","Injury Crash","04/04/2022 09:32:00 PM",,,,"GARAGE DRIVEWAY ACCESS OF WF MARKET 11355 WOODGLEN DR/CROSSWALK  FACING EXECUTIVE BLVD AT PASSEO DR",,"OTHER CONVEYANCE","OTHER","CLEAR",,"DARK LIGHTS ON","NO CONTROLS","NONE DETECTED","NONE DETECTED","4F458A28-67BD-4C20-8477-AADE4D6F3289","OTHER CONVEYANCE","Walking/Cycling on Sidewalk","NO IMPROPER ACTIONS","DRIVEWAY ACCESS MARKED CROSSWALK","No","SUSPECTED MINOR INJURY","N/A","39.04329667","-77.11219167","    (39.04329667, -77.11219167)"
"MCP28000052","220014387","Montgomery County Police","Injury Crash","04/04/2022 09:32:00 PM",,,,"GARAGE DRIVEWAY ACCESS OF WF MARKET 11355 WOODGLEN DR/CROSSWALK  FACING EXECUTIVE BLVD AT PASSEO DR",,"OTHER CONVEYANCE","OTHER","CLEAR",,"DARK LIGHTS ON","NO CONTROLS","NONE DETECTED","N/A","4BA7FBEB-2444-4A51-A586-FE577B8F0643","OTHER CONVEYANCE","Walking/Cycling on Sidewalk","NO IMPROPER ACTIONS","DRIVEWAY ACCESS MARKED CROSSWALK","No","SUSPECTED MINOR INJURY","N/A","39.04329667","-77.11219167","    (39.04329667, -77.11219167)"
"MCP3208002X","220014231","Montgomery County Police","Injury Crash","04/03/2022 10:34:00 PM","County","DIXON AVE","WAYNE AVE",,"N/A","PEDESTRIAN","HEAD ON","CLEAR","DRY","DARK LIGHTS ON","TRAFFIC SIGNAL","NONE DETECTED","ALCOHOL PRESENT","296DAB33-C360-4CA5-B9E9-BBC017124370","PEDESTRIAN","Cross/Enter at Intersection","UNKNOWN","ON ROADWAY AT CROSSWALK","Unknown","SUSPECTED MINOR INJURY","NONE","38.99424667","-77.02813","    (38.99424667, -77.02813)"
"EJ78890025","220014084","Gaithersburg Police Depar","Injury Crash","04/02/2022 06:40:00 PM","Municipality","CENTER POINT WAY","MARKET ST E",,"GAITHERSBURG","PEDESTRIAN","OTHER","N/A","DRY","DUSK","NO CONTROLS","UNKNOWN","NONE DETECTED","FB6B06D9-2DBE-4EED-9F4B-FC74C89C481D","PEDESTRIAN","Standing","NO IMPROPER ACTIONS","OTHER","No","POSSIBLE INJURY","NONE","39.12182466","-77.23451514","    (39.12182466, -77.23451514)"
"MCP285900BY","220014023","Montgomery County Police","Injury Crash","04/02/2022 10:50:00 AM","County","MONTGOMERY VILLAGE AVE","WHETSTONE DR",,"N/A","PEDESTRIAN","OTHER","CLEAR","DRY","DAYLIGHT","WARNING SIGN","NONE DETECTED","NONE DETECTED","40A818BA-5E7B-4439-86CA-937ED194F97C","PEDESTRIAN","Cross/Enter at Intersection","NO IMPROPER ACTIONS","ON ROADWAY AT CROSSWALK","No","POSSIBLE INJURY","NONE","39.1706","-77.20392667","    (39.1706, -77.20392667)"
"MCP3244001P","220014019","Montgomery County Police","Injury Crash","04/02/2022 10:03:00 AM","County","WAYNE AVE","GEORGIA AVE",,"N/A","OTHER","OTHER","CLEAR","DRY","DAYLIGHT","TRAFFIC SIGNAL","NONE DETECTED","ALCOHOL PRESENT","F2E49F52-6FFE-4BED-8ACC-7F60A103DE47","OTHER","Cross/Enter at Intersection","FAILURE TO YIELD RIGHT OF WAY","ON ROADWAY AT CROSSWALK","Yes","POSSIBLE INJURY","NONE","38.9944405","-77.02643267","    (38.9944405, -77.02643267)"
"EJ7893000N","220013966","Gaithersburg Police Depar","Injury Crash","04/01/2022 08:28:00 PM",,,,"SIDEWALK ENTRANCE TO 411 N FREDERICK AVE",,"PEDESTRIAN","OTHER","CLEAR",,"DARK LIGHTS ON","NO CONTROLS","NONE DETECTED","NONE DETECTED","5183627D-DAF8-4CCA-8F2A-B257EABD1078","PEDESTRIAN","Cross/Enter not at Intersection","NO IMPROPER ACTIONS","SIDEWALK","No","POSSIBLE INJURY","NONE","39.14639232","-77.20450323","    (39.14639232, -77.20450323)"
"MCP2437004S","220013942","Montgomery County Police","Injury Crash","04/01/2022 05:10:00 PM","County","PARKLAWN DR","RANDOLPH RD",,"N/A","PEDESTRIAN","STRAIGHT MOVEMENT ANGLE","CLEAR","DRY","DAYLIGHT","NO CONTROLS","NONE DETECTED","NONE DETECTED","0A3C3CFB-3F05-4242-8FA1-1ED4EE89B74A","PEDESTRIAN","Standing","NO IMPROPER ACTIONS","OTHER","No","POSSIBLE INJURY","N/A","39.0537535","-77.1067445","    (39.0537535, -77.1067445)"
"MCP2437004S","220013942","Montgomery County Police","Injury Crash","04/01/2022 05:10:00 PM","County","PARKLAWN DR","RANDOLPH RD",,"N/A","PEDESTRIAN","STRAIGHT MOVEMENT ANGLE","CLEAR","DRY","DAYLIGHT","NO CONTROLS","NONE DETECTED","NONE DETECTED","95D88FFF-5E80-4C42-B429-D90507F7C9B1","PEDESTRIAN","Standing","NO IMPROPER ACTIONS","OTHER","No","SUSPECTED SERIOUS INJURY","N/A","39.0537535","-77.1067445","    (39.0537535, -77.1067445)"
"MCP3055003B","220013657","Montgomery County Police","Injury Crash","03/31/2022 06:14:00 AM","County","HEWITT AVE","GEORGIA AVE",,"N/A","PEDESTRIAN","OTHER","CLEAR","DRY","DARK LIGHTS ON","TRAFFIC SIGNAL","N/A","N/A","61AE31A2-043F-4581-895C-842C1ABA3C2D","PEDESTRIAN","Cross/Enter at Intersection","NO IMPROPER ACTIONS","AT INTERSECTION MARKED CROSSWALK","No","POSSIBLE INJURY","NONE","39.07754667","-77.070575","    (39.07754667, -77.070575)"