"Report Number","Local Case Number","Agency Name","ACRS Report Type","Crash Date/Time","Route Type","Road Name","Cross-Street Name","Off-Road Description","Municipality","Related Non-Motorist","Collision Type","Weather","Surface Condition","Light","Traffic Control","Driver Substance Abuse","Non-Motorist Substance Abuse","Person ID","Pedestrian Type","Pedestrian Movement","Pedestrian Actions","Pedestrian Location","At Fault","Injury Severity","Safety Equipment","Latitude","Longitude","Location"
"MCP29170095","220013624","Montgomery County Police","Injury Crash","03/30/2022 08:11:00 PM","County","RANDOLPH RD","BUSHEY DR",,"N/A","PEDESTRIAN","STRAIGHT MOVEMENT ANGLE","CLEAR","DRY","DARK NO LIGHTS","NO CONTROLS","NONE DETECTED","NONE DETECTED","FD51FF84-75F5-4031-9437-7F2B1D63AE52","PEDESTRIAN","Cross/Enter not at Intersection","DART DASH","ON ROADWAY NOT AT CROSSWALK","Yes","SUSPECTED SERIOUS INJURY","NONE","39.05748","-77.07754","    (39.05748, -77.07754)"
"DM8388003W","220013424","Takoma Park Police Depart","Injury Crash","03/29/2022 04:24:00 PM","Maryland (State)","UNIVERSITY BLVD E","PRINCE GEORGES CO/L",,"N/A","PEDESTRIAN","OTHER","N/A","DRY","DAYLIGHT","TRAFFIC SIGNAL","NONE DETECTED","NONE DETECTED","CDA2F307-4FE4-4A8D-AD8F-AB1118A2FC65","PEDESTRIAN","Cross/Enter at Intersection","NO IMPROPER ACTIONS","ON ROADWAY AT CROSSWALK","No","POSSIBLE INJURY","NONE","38.98797353","-76.9864275","    (38.98797353, -76.9864275)"
"DM8388003W","220013424","Takoma Park Police Depart","Injury Crash","03/29/2022 04:24:00 PM","Maryland (State)","UNIVERSITY BLVD E","PRINCE GEORGES CO/L",,"N/A","PEDESTRIAN","OTHER","N/A","DRY","DAYLIGHT","TRAFFIC SIGNAL","NONE DETECTED","NONE DETECTED","EE9185AF-D5B5-406C-ACD6-48DC0C9B6C37","PEDESTRIAN","Cross/Enter at Intersection","NO IMPROPER ACTIONS","ON ROADWAY AT CROSSWALK","No","POSSIBLE INJURY","NONE","38.98797353","-76.9864275","    (38.98797353, -76.9864275)"
"MCP3019004M","220013413","Montgomery County Police","Injury Crash","03/29/2022 04:00:00 PM","County","GARFIELD ST","MCKINLEY ST",,"N/A","PEDESTRIAN","OTHER","CLEAR","DRY","DAYLIGHT","NO CONTROLS","N/A","N/A","C84B277E-4569-4C6E-A576-57A568CD2611","PEDESTRIAN","Standing","NO IMPROPER ACTIONS","SIDEWALK","No","SUSPECTED MINOR INJURY","NONE","38.99629833","-77.11574","    (38.99629833, -77.11574)"
"MCP2724002M","220013343","Montgomery County Police","Injury Crash","03/29/2022 08:00:00 AM",,,,"DRIVEWAY ENTRANCE TO FRANCIS SCOTT KEY MIDDLE SCHOOL",,"PEDESTRIAN","OTHER","CLEAR",,"DAYLIGHT","N/A","UNKNOWN","NONE DETECTED","0F46F120-F546-47B2-AE98-7DF425FCE2CD","PEDESTRIAN","Other","OTHER","SIDEWALK","Unknown","POSSIBLE INJURY","N/A","39.02635536","-76.99109161","    (39.02635536, -76.99109161)"
"EJ78950012","220012763","Gaithersburg Police Depar","Injury Crash","03/24/2022 09:10:00 PM","Maryland (State)","QUINCE ORCHARD RD","FIRSTFIELD RD",,"GAITHERSBURG","PEDESTRIAN","STRAIGHT MOVEMENT ANGLE","RAINING","WET","DARK LIGHTS ON","TRAFFIC SIGNAL","NONE DETECTED","UNKNOWN","5DDFE35C-8F2D-43C2-87C2-73A95C017107","PEDESTRIAN","Cross/Enter at Intersection","IN ROADWAY IMPROPERLY","ON ROADWAY AT CROSSWALK","Yes","POSSIBLE INJURY","NONE","39.14509574","-77.22008207","    (39.14509574, -77.22008207)"
"MCP3124005D","220012752","Montgomery County Police","Injury Crash","03/24/2022 07:39:00 PM","County","AMHERST AVE","ELKIN ST",,"N/A","PEDESTRIAN","OTHER","RAINING","WET","DARK LIGHTS ON","STOP SIGN","NONE DETECTED","NONE DETECTED","5B2A6FF9-E316-454A-827B-32EA5307C6BC","PEDESTRIAN","Unknown","UNKNOWN","UNKNOWN","Unknown","SUSPECTED SERIOUS INJURY","NONE","39.04479667","-77.04799667","    (39.04479667, -77.04799667)"
"MCP2877009M","220012689","Montgomery County Police","Injury Crash","03/24/2022 01:35:00 PM","County","DUVALL DR","MASSACHUSETTS AVE",,"N/A","PEDESTRIAN","STRAIGHT MOVEMENT ANGLE","CLOUDY","DRY","DAYLIGHT","STOP SIGN","NONE DETECTED","NONE DETECTED","6A9BF43C-8BF7-4B87-A8DB-7C8A0013E28C","PEDESTRIAN","Cross/Enter at Intersection","NO IMPROPER ACTIONS","ON ROADWAY AT CROSSWALK","No","SUSPECTED MINOR INJURY","NONE","38.95017787","-77.10169016","    (38.95017787, -77.10169016)"
"EJ7873005M","2200012634","Gaithersburg Police Depar","Injury Crash","03/24/2022 08:49:00 AM",,,,"PARKING LOT OF 220 GIRARD STREET GAITHERSBURG, MD 20877",,"PEDESTRIAN","OTHER","CLOUDY",,"DAYLIGHT","NO CONTROLS","UNKNOWN","NONE DETECTED","FEEB918E-01A9-49FE-BDDF-0105D5E559E0","PEDESTRIAN","Other","DART DASH","OTHER","Yes","POSSIBLE INJURY","N/A","39.14171512","-77.18314614","    (39.14171512, -77.18314614)"
"EJ7858006M","220012484","Gaithersburg Police Depar","Injury Crash","03/23/2022 08:59:00 AM","County","MUDDY BRANCH RD","WEST SIDE DR",,"GAITHERSBURG","PEDESTRIAN","OTHER","CLEAR","DRY","DAYLIGHT","TRAFFIC SIGNAL","NONE DETECTED","NONE DETECTED","4738D6A8-F5A6-428E-AC99-EEF42A8FDCFB","PEDESTRIAN","Cross/Enter at Intersection","FAILURE TO OBEY TRAFFIC SIGNS SIGNALS OR OFFICER","ON ROADWAY AT CROSSWALK","Yes","SUSPECTED MINOR INJURY","N/A","39.12923731","-77.20806466","    (39.12923731, -77.20806466)"
"MCP209400JH","220012302","Montgomery County Police","Injury Crash","03/22/2022 09:20:00 AM","County","FALLS RD","OAKLYN DR",,"N/A","OTHER, PEDESTRIAN","SAME DIR REAR END","CLEAR","DRY","DAYLIGHT","NO CONTROLS","NONE DETECTED","NONE DETECTED","F344969C-0DF3-419F-BB5C-BF88E82B5986","PEDESTRIAN","Other Working","OTHER","ON ROADWAY NOT AT CROSSWALK","No","SUSPECTED SERIOUS INJURY","REFLECTIVE CLOTHING","39.010215","-77.219505","    (39.010215, -77.219505)"
"MCP209400JH","220012302","Montgomery County Police","Injury Crash","03/22/2022 09:20:00 AM","County","FALLS RD","OAKLYN DR",,"N/A","OTHER, PEDESTRIAN","SAME DIR REAR END","CLEAR","DRY","DAYLIGHT","NO CONTROLS","NONE DETECTED","NONE DETECTED","665808A8-5C1B-4800-9AFF-67D80B211A6B","OTHER","Other Working","NO IMPROPER ACTIONS","ON ROADWAY NOT AT CROSSWALK","No","SUSPECTED SERIOUS INJURY","REFLECTIVE CLOTHING","39.010215","-77.219505","    (39.010215, -77.219505)"
"MCP3311000M","220012213","Montgomery County Police","Injury Crash","03/21/2022 05:48:00 PM","Maryland (State)","OLD GEORGETOWN RD","RAMP 6 FR RAMP 10 (FR IS270) TO MD 187",,"N/A","PEDESTRIAN","OTHER","CLEAR","N/A","DAYLIGHT","N/A","N/A","N/A","6EA87E5F-919A-4AFF-A0D8-4F67E8E8D3AF","PEDESTRIAN","Cross/Enter at Intersection","NO IMPROPER ACTIONS","ON ROADWAY AT CROSSWALK","No","SUSPECTED MINOR INJURY","N/A","39.03145229","-77.1259336","    (39.03145229, -77.1259336)"
"MCP3311000M","220012213","Montgomery County Police","Injury Crash","03/21/2022 05:48:00 PM","Maryland (State)","OLD GEORGETOWN RD","RAMP 6 FR RAMP 10 (FR IS270) TO MD 187",,"N/A","PEDESTRIAN","OTHER","CLEAR","N/A","DAYLIGHT","N/A","N/A","N/A","3460186D-8C2E-437E-82BF-8BEB522651A7","PEDESTRIAN","Cross/Enter at Intersection","NO IMPROPER ACTIONS","ON ROADWAY AT CROSSWALK","No","SUSPECTED MINOR INJURY","N/A","39.03145229","-77.1259336","    (39.03145229, -77.1259336)"
"MCP23560026","220012207","Montgomery County Police","Injury Crash","03/21/2022 05:43:00 PM","County","W WILLARD RD","WESTERLY RD",,"N/A","BICYCLIST","SAME DIR REAR END","N/A","DRY","DAYLIGHT","N/A","UNKNOWN","NONE DETECTED","E03404E8-D2F5-48F0-86E3-932EBCD80828","BICYCLIST","Walking/Riding w/Traffic","IN ROADWAY IMPROPERLY","N/A","No","POSSIBLE INJURY","UNKNOWN","39.13580813","-77.4225427","    (39.13580813, -77.4225427)"
"MCP3084005P","220012128","Montgomery County Police","Injury Crash","03/21/2022 11:24:00 AM","Maryland (State)","CONNECTICUT AVE","PERRY AVE",,"KENSINGTON","PEDESTRIAN","OTHER","CLEAR","DRY","DAYLIGHT","TRAFFIC SIGNAL","NONE DETECTED","NONE DETECTED","370766FA-7AE4-4839-BDBE-BD731F4EB474","PEDESTRIAN","Cross/Enter at Intersection","NO IMPROPER ACTIONS","ON ROADWAY AT CROSSWALK","No","POSSIBLE INJURY","N/A","39.03296333","-77.07479333","    (39.03296333, -77.07479333)"
"MCP209400JG","220012123","Montgomery County Police","Injury Crash","03/21/2022 11:05:00 AM","County","QUINTANA DR","DWIGHT DR",,"N/A","OTHER","OTHER","CLEAR","DRY","DAYLIGHT","NO CONTROLS","NONE DETECTED","NONE DETECTED","29DCC8DA-985E-4E6C-B4B0-72D20932A9AE","OTHER","Other","OTHER","ON ROADWAY NOT AT CROSSWALK","No","SUSPECTED SERIOUS INJURY","REFLECTIVE CLOTHING","39.00416","-77.15812833","    (39.00416, -77.15812833)"
"MCP32580020","220012119","Montgomery County Police","Injury Crash","03/21/2022 11:02:00 AM","Maryland (State)","UNIVERSITY BLVD W","VEIRS MILL RD",,"N/A","PEDESTRIAN","STRAIGHT MOVEMENT ANGLE","CLEAR","DRY","DAYLIGHT","TRAFFIC SIGNAL","NONE DETECTED","NONE DETECTED","E3542493-6C5F-41FE-B9E6-7A0544E08872","PEDESTRIAN","Cross/Enter at Intersection","N/A","AT INTERSECTION MARKED CROSSWALK","No","SUSPECTED MINOR INJURY","N/A","39.04006667","-77.05507667","    (39.04006667, -77.05507667)"
"EJ78090033","220012113","Gaithersburg Police Depar","Injury Crash","03/21/2022 10:15:00 AM",,,,"9811 WASHINGTONIAN BLVD. GAITHERSBURG, MD. 20878 (KOHLS PARKING LOT / DRIVEWAY)",,"BICYCLIST","STRAIGHT MOVEMENT ANGLE","CLEAR",,"DAYLIGHT","STOP SIGN","NONE DETECTED","N/A","51D69BB1-800F-43F4-AC95-E6D30FD217AE","BICYCLIST","Walking/Cycling on Sidewalk","N/A","SIDEWALK","Yes","SUSPECTED MINOR INJURY","NONE","39.11740876","-77.20402021","    (39.11740876, -77.20402021)"
"MCP29740044","220011985","Montgomery County Police","Injury Crash","03/20/2022 12:41:00 PM","County","CASTLE BLVD","BRIGGS CHANEY RD",,"N/A","BICYCLIST","OTHER","CLEAR","DRY","DAYLIGHT","NO CONTROLS","NONE DETECTED","NONE DETECTED","77A73065-9513-4487-901B-0490FE8B2E1C","BICYCLIST","Walking/Riding w/Traffic","INATTENTIVE","ON ROADWAY NOT AT CROSSWALK","Yes","SUSPECTED MINOR INJURY","NONE","39.08122333","-76.94549833","    (39.08122333, -76.94549833)"
"MCP3084005N","220011965","Montgomery County Police","Injury Crash","03/20/2022 08:27:00 AM","Maryland (State)","ROCKVILLE PIKE","NORTH DR",,"N/A","BICYCLIST","OTHER","CLEAR","DRY","DAYLIGHT","TRAFFIC SIGNAL","NONE DETECTED","NONE DETECTED","B2D0B4E9-94A8-4F15-A116-FF82E331806D","BICYCLIST","Cross/Enter at Intersection","NO IMPROPER ACTIONS","ON ROADWAY AT CROSSWALK","No","POSSIBLE INJURY","MC/BIKE HELMET","39.00444667","-77.09720167","    (39.00444667, -77.09720167)"
"MCP3290001B","220011433","Montgomery County Police","Injury Crash","03/17/2022 07:14:00 AM","Maryland (State)","COLESVILLE RD","EAST WEST HWY",,"N/A","PEDESTRIAN","OTHER","CLOUDY","WET","DARK LIGHTS ON","TRAFFIC SIGNAL","NONE DETECTED","N/A","153E0EA1-40C3-47E5-9297-040D5A947DAE","PEDESTRIAN","Cross/Enter at Intersection","DART DASH","ON ROADWAY NOT AT CROSSWALK","Yes","SUSPECTED SERIOUS INJURY","NONE","38.99362539","-77.03204215","    (38.99362539, -77.03204215)"
"MCP3086006J","220011438","Montgomery County Police","Injury Crash","03/17/2022 06:45:00 AM","County","SNOUFFERS SCHOOL RD","WOODFIELD RD",,"N/A","PEDESTRIAN","SINGLE VEHICLE","RAINING","WET","DAWN","NO CONTROLS","UNKNOWN","NONE DETECTED","9B12B793-39AF-48C4-A554-0DE0B3569509","PEDESTRIAN","Unknown","UNKNOWN","ON ROADWAY AT CROSSWALK","No","SUSPECTED MINOR INJURY","UNKNOWN","39.16204046","-77.16521098","    (39.16204046, -77.16521098)"
"MCP31530041","220012851","Montgomery County Police","Injury Crash","03/16/2022 04:00:00 PM",,,,"PRIVATE PARKING LOT OF 2901 S LEISURE WORLD BLVD., SILVER SPRING, MD 20906",,"PEDESTRIAN","SINGLE VEHICLE","UNKNOWN",,"DAYLIGHT","NO CONTROLS","UNKNOWN","UNKNOWN","CD42D0E9-CA1A-497E-B3F3-F077C8444AD3","PEDESTRIAN","Standing","NO IMPROPER ACTIONS","OTHER","No","SUSPECTED MINOR INJURY","N/A","39.10434088","-77.05771562","    (39.10434088, -77.05771562)"
"MCP29910069","220011254","Montgomery County Police","Injury Crash","03/16/2022 07:59:00 AM","Maryland (State)","GEORGIA AVE","RANDOLPH RD",,"N/A","BICYCLIST","SINGLE VEHICLE","N/A","DRY","DAYLIGHT","OTHER","NONE DETECTED","NONE DETECTED","8222379E-738F-415D-A46F-2D41222780C8","BICYCLIST","Cross/Enter at Intersection","NO IMPROPER ACTIONS","AT INTERSECTION MARKED CROSSWALK","No","POSSIBLE INJURY","NONE","39.05780143","-77.0501592","    (39.05780143, -77.0501592)"
"MCP3134003C","220011182","Montgomery County Police","Property Damage Crash","03/15/2022 03:51:00 PM","County","GREENCASTLE RD","TURBRIDGE DR",,"N/A","MACHINE OPERATOR/RIDER","OTHER","CLEAR","DRY","DAYLIGHT","PERSON","N/A","NONE DETECTED","A584D558-CF59-40A9-81E5-25FE0C57337D","MACHINE OPERATOR/RIDER","Other Working","INATTENTIVE","SHOULDER","No","NO APPARENT INJURY","N/A","39.088662","-76.93069983","    (39.088662, -76.93069983)"
"MCP3160003D","220011176","Montgomery County Police","Injury Crash","03/15/2022 03:23:00 PM","Maryland (State)","EAST WEST HWY","BEACH DR",,"N/A","BICYCLIST","STRAIGHT MOVEMENT ANGLE","CLEAR","DRY","DAYLIGHT","FLASHING TRAFFIC SIGNAL","NONE DETECTED","NONE DETECTED","A5FAD599-CE6C-4B29-80EC-02135AB8F3B2","BICYCLIST","Cross/Enter at Intersection","UNKNOWN","SHOULDER","No","SUSPECTED SERIOUS INJURY","MC/BIKE HELMET","38.99323167","-77.06343333","    (38.99323167, -77.06343333)"
"MCP31240059","220011029","Montgomery County Police","Injury Crash","03/14/2022 06:50:00 AM","Maryland (State)","CONNECTICUT AVE","DENFELD AVE",,"N/A","PEDESTRIAN","OTHER","UNKNOWN","UNKNOWN","UNKNOWN","TRAFFIC SIGNAL","UNKNOWN","UNKNOWN","67FA9191-6885-4E7F-AEEC-FA2F850AE28B","PEDESTRIAN","Cross/Enter at Intersection","NO IMPROPER ACTIONS","ON ROADWAY AT CROSSWALK","No","POSSIBLE INJURY","N/A","39.03879422","-77.0755839","    (39.03879422, -77.0755839)"
"MCP2625001B","220010801","Montgomery County Police","Injury Crash","03/13/2022 08:40:00 AM","County","WILLARD AVE","FRIENDSHIP BLVD",,"N/A","PEDESTRIAN","N/A","CLEAR","DRY","DAYLIGHT","TRAFFIC SIGNAL","NONE DETECTED","NONE DETECTED","FA3CC034-D4C8-41D8-AC87-5005372C2403","PEDESTRIAN","Walking/Riding w/Traffic","NO IMPROPER ACTIONS","AT INTERSECTION MARKED CROSSWALK","No","SUSPECTED MINOR INJURY","N/A","38.96318833","-77.09128667","    (38.96318833, -77.09128667)"
"MCP23480066","220010562","Montgomery County Police","Injury Crash","03/11/2022 04:25:00 PM","Maryland (State)","FREDERICK RD","STRINGTOWN RD",,"N/A","BICYCLIST","SAME DIRECTION SIDESWIPE","CLEAR","DRY","DAYLIGHT","TRAFFIC SIGNAL","NONE DETECTED","NONE DETECTED","2A4142D2-82FB-4BBD-8565-0A8CDBD628A7","BICYCLIST","Walking/Riding w/Traffic","NO IMPROPER ACTIONS","OTHER","No","SUSPECTED SERIOUS INJURY","MC/BIKE HELMET","39.23779733","-77.27817375","    (39.23779733, -77.27817375)"
"MCP2664005M","220010551","Montgomery County Police","Injury Crash","03/11/2022 04:02:00 PM","Maryland (State)","OLNEY LAYTONSVILLE RD","ENT TO SHOPPING CENTER",,"N/A","BICYCLIST","SINGLE VEHICLE","CLEAR","DRY","DAYLIGHT","STOP SIGN","NONE DETECTED","NONE DETECTED","F2A0E6DB-05B2-47CA-AE37-0851A0E03920","BICYCLIST","Cross/Enter at Intersection","NO IMPROPER ACTIONS","ON ROADWAY AT CROSSWALK","No","SUSPECTED MINOR INJURY","MC/BIKE HELMET","39.15379386","-77.06830777","    (39.15379386, -77.06830777)"
"MCP2682003G","220010526","Montgomery County Police","Injury Crash","03/11/2022 01:28:00 PM",,,,"PARKING LOT OF 19150 MONTGOMERY VILLAGE AVE MONTGOMERY VILLAGE MD 20886",,"PEDESTRIAN","N/A","CLEAR",,"DAYLIGHT","OTHER","UNKNOWN","NONE DETECTED","6BC17D9A-CFF2-4C17-BE65-502452BD6F58","PEDESTRIAN","Other","NO IMPROPER ACTIONS","OTHER","No","POSSIBLE INJURY","NONE","39.17118644","-77.20506481","    (39.17118644, -77.20506481)"
"MCP24960037","220010506","Montgomery County Police","Injury Crash","03/11/2022 11:23:00 AM","Maryland (State)","DARNESTOWN RD","MUDDY BRANCH RD",,"N/A","BICYCLIST","SAME DIRECTION RIGHT TURN","CLEAR","DRY","DAYLIGHT","TRAFFIC SIGNAL","NONE DETECTED","NONE DETECTED","75B921E9-41CC-4E79-A2CB-1B12E8BBEB29","BICYCLIST","Walking/Riding w/Traffic","NO IMPROPER ACTIONS","SHOULDER","No","POSSIBLE INJURY","MC/BIKE HELMET","39.10272863","-77.22059213","    (39.10272863, -77.22059213)"
"MCP0617003J","220010472","Montgomery County Police","Injury Crash","03/11/2022 08:00:00 AM","County","FAIRLAND RD","TAMARACK RD",,"N/A","BICYCLIST","SAME DIRECTION RIGHT TURN","CLEAR","DRY","DAYLIGHT","NO CONTROLS","NONE DETECTED","NONE DETECTED","6E6EBA90-B599-4F00-A47E-4860FFD11330","BICYCLIST","Walking/Riding w/Traffic","NO IMPROPER ACTIONS","SHOULDER","No","SUSPECTED MINOR INJURY","MC/BIKE HELMET","39.07779667","-76.97765667","    (39.07779667, -76.97765667)"
"MCP2805004T","220010269","Montgomery County Police","Injury Crash","03/10/2022 07:50:00 AM","County","MONTGOMERY VILLAGE AVE","WALKERS CHOICE RD",,"N/A","PEDESTRIAN","SINGLE VEHICLE","N/A","DRY","DAYLIGHT","NO CONTROLS","NONE DETECTED","NONE DETECTED","7C7DD66A-9F62-4639-BD64-AAA95DBFF194","PEDESTRIAN","Cross/Enter at Intersection","NO IMPROPER ACTIONS","ON ROADWAY AT CROSSWALK","No","SUSPECTED SERIOUS INJURY","NONE","39.16560783","-77.20474133","    (39.16560783, -77.20474133)"
"DM8499000V","220010088","Takoma Park Police Depart","Injury Crash","03/09/2022 07:32:00 AM","County","RAY DR","PINEY BRANCH RD",,"N/A","PEDESTRIAN","OTHER","RAINING","WET","DAYLIGHT","SCHOOL ZONE SIGN DEVICE","N/A","N/A","70E3C7D3-41B5-4E52-8F8D-06CAE781EE53","PEDESTRIAN","Walking to/from school","UNKNOWN","ON ROADWAY AT CROSSWALK","No","POSSIBLE INJURY","UNKNOWN","38.98594162","-77.01355269","    (38.98594162, -77.01355269)"
"MCP1235003W","220009868","Montgomery County Police","Injury Crash","03/07/2022 07:06:00 PM","Maryland (State)","NEW HAMPSHIRE AVE","OAKVIEW DR",,"N/A","PEDESTRIAN","SINGLE VEHICLE","CLEAR","DRY","DARK LIGHTS ON","TRAFFIC SIGNAL","UNKNOWN","NONE DETECTED","73801C6B-1856-4496-8DE3-A862CEA99420","PEDESTRIAN","Cross/Enter at Intersection","NO IMPROPER ACTIONS","AT INTERSECTION MARKED CROSSWALK","No","POSSIBLE INJURY","NONE","39.01532032","-76.9781604","    (39.01532032, -76.9781604)"
"DD5650001C","220009976","Rockville Police Departme","Injury Crash","03/07/2022 06:20:00 PM","Municipality","N STONESTREET AVE","SPRING AVE",,"ROCKVILLE","PEDESTRIAN","OTHER","UNKNOWN","UNKNOWN","DUSK","NO CONTROLS","UNKNOWN","NONE DETECTED","77D3440A-EDB6-43B6-99B3-F9C3B1AC4514","PEDESTRIAN","Cross/Enter at Intersection","FAILURE TO YIELD RIGHT OF WAY","AT INTERSECTION BUT NO CROSSWALK","Unknown","POSSIBLE INJURY","UNKNOWN","39.09311918","-77.15012593","    (39.09311918, -77.15012593)"
"MCP3090005S","220009778","Montgomery County Police","Injury Crash","03/07/2022 10:30:00 AM","County","YANKEE HARBOR DR","EAST VILLAGE AVE",,"N/A","PEDESTRIAN","SINGLE VEHICLE","CLEAR","DRY","DAYLIGHT","STOP SIGN","N/A","N/A","DD923E11-3B09-4262-8069-2DE2373F21AB","PEDESTRIAN","Cross/Enter at Intersection","NO IMPROPER ACTIONS","AT INTERSECTION BUT NO CROSSWALK","No","SUSPECTED MINOR INJURY","N/A","39.18818079","-77.15921172","    (39.18818079, -77.15921172)"
"MCP3316000N","220009715","Montgomery County Police","Injury Crash","03/06/2022 08:34:00 PM","County","VALLEYWOOD DR","VEIRS MILL RD",,"N/A","PEDESTRIAN","OTHER","RAINING","WET","DARK NO LIGHTS","NO CONTROLS","NONE DETECTED","NONE DETECTED","F65F1296-FFB1-4183-B1A0-1D5FB5FB2CFC","PEDESTRIAN","Cross/Enter not at Intersection","UNKNOWN","UNKNOWN","Unknown","SUSPECTED MINOR INJURY","NONE","39.049535","-77.07046333","    (39.049535, -77.07046333)"
"MCP28370046","220009339","Montgomery County Police","Property Damage Crash","03/04/2022 02:14:00 PM","County","PINEY MEETINGHOUSE RD","GLEN RD",,"N/A","BICYCLIST","STRAIGHT MOVEMENT ANGLE","CLEAR","DRY","DAYLIGHT","STOP SIGN","NONE DETECTED","NONE DETECTED","F92C96B6-B623-480F-AB35-D217056200DE","BICYCLIST","Cross/Enter at Intersection","FAILURE TO YIELD RIGHT OF WAY","ON ROADWAY NOT AT CROSSWALK","Yes","NO APPARENT INJURY","REFLECTIVE CLOTHING","39.04835","-77.23317833","    (39.04835, -77.23317833)"
"MCP30790048","220009254","Montgomery County Police","Injury Crash","03/03/2022 05:55:00 PM",,,,"19815 GERMANTOWN RD EXXON GAS STATION",,"PEDESTRIAN","N/A","CLEAR",,"DAYLIGHT","NO CONTROLS","NONE DETECTED","UNKNOWN","23189FE8-258F-4B34-8DCB-8AD6E98E90BA","PEDESTRIAN","Cross/Enter at Intersection","NO IMPROPER ACTIONS","AT INTERSECTION BUT NO CROSSWALK","No","POSSIBLE INJURY","N/A","39.18134323","-77.26148406","    (39.18134323, -77.26148406)"
"MCP2339006T","220007845","Montgomery County Police","Injury Crash","03/02/2022 04:30:00 PM","County","E GUDE DR","CRABBS BRANCH WAY",,"N/A","BICYCLIST","OTHER","CLEAR","DRY","DAYLIGHT","TRAFFIC SIGNAL","N/A","N/A","63A84251-B207-4021-B8E3-EEF1B5D82544","BICYCLIST","Cross/Enter at Intersection","NO IMPROPER ACTIONS","ON ROADWAY AT CROSSWALK","No","SUSPECTED MINOR INJURY","UNKNOWN","39.10646067","-77.15212727","    (39.10646067, -77.15212727)"
"MCP11740054","220009024","Montgomery County Police","Injury Crash","03/02/2022 01:38:00 PM","Government","CENTER DR","OLD GEORGETOWN RD",,"N/A","PEDESTRIAN","SINGLE VEHICLE","CLEAR","DRY","DAYLIGHT","TRAFFIC SIGNAL","NONE DETECTED","NONE DETECTED","5039BFC4-5F70-4201-B34C-7B9C8FCFA389","PEDESTRIAN","Cross/Enter at Intersection","NO IMPROPER ACTIONS","AT INTERSECTION MARKED CROSSWALK","No","POSSIBLE INJURY","NONE","39.0029773","-77.10986325","    (39.0029773, -77.10986325)"
"MCP2353009R","220008992","Montgomery County Police","Injury Crash","03/02/2022 11:50:00 AM","County","CHESHIRE DR","OLD GEORGETOWN RD",,"N/A","PEDESTRIAN","SINGLE VEHICLE","CLOUDY","DRY","DAYLIGHT","PERSON","NONE DETECTED","NONE DETECTED","0C01E97D-0186-4594-B17A-CAE59F067250","PEDESTRIAN","Cross/Enter at Intersection","NO IMPROPER ACTIONS","ON ROADWAY AT CROSSWALK","No","SUSPECTED MINOR INJURY","NONE","39.0225","-77.12341833","    (39.0225, -77.12341833)"
"EJ78840042","220008914","Gaithersburg Police Depar","Property Damage Crash","03/01/2022 07:19:00 PM","Municipality","WASHINGTONIAN BLVD","ROUNDABOUT",,"N/A","PEDESTRIAN","SAME DIRECTION SIDESWIPE","CLEAR","DRY","DARK LIGHTS ON","N/A","N/A","N/A","13D09074-8A79-421F-90D3-4A0562CE8A1C","PEDESTRIAN","Walking/Riding w/Traffic","NO IMPROPER ACTIONS","ON ROADWAY NOT AT CROSSWALK","Unknown","NO APPARENT INJURY","LIGHTING","39.1178945","-77.20217447","    (39.1178945, -77.20217447)"
"DD5642002T","220008716","Rockville Police Departme","Injury Crash","02/28/2022 07:25:00 PM","Municipality","MARYLAND AVE","S WASHINGTON ST",,"ROCKVILLE","PEDESTRIAN","STRAIGHT MOVEMENT ANGLE","CLEAR","DRY","DARK LIGHTS ON","TRAFFIC SIGNAL","NONE DETECTED","NONE DETECTED","5FB85111-1F0F-4BFD-B743-FCB18EE99981","PEDESTRIAN","Cross/Enter at Intersection","NO IMPROPER ACTIONS","ON ROADWAY AT CROSSWALK","No","SUSPECTED SERIOUS INJURY","NONE","39.08041617","-77.15270717","    (39.08041617, -77.15270717)"
"MCP23580099","220008502","Montgomery County Police","Property Damage Crash","02/27/2022 10:30:00 AM","Maryland (State)","BRADLEY BLVD","DURBIN RD",,"N/A","BICYCLIST","STRAIGHT MOVEMENT ANGLE","CLEAR","DRY","DAYLIGHT","STOP SIGN","NONE DETECTED","NONE DETECTED","DF564117-8D67-4662-A82F-4B544CC8B851","BICYCLIST","Cross/Enter at Intersection","NO IMPROPER ACTIONS","SHOULDER","No","NO APPARENT INJURY","UNKNOWN","38.98364798","-77.11450791","    (38.98364798, -77.11450791)"
"MCP2339006S","220008272","Montgomery County Police","Injury Crash","02/25/2022 04:06:00 PM","Municipality","PICCARD DR","GAITHER RD",,"ROCKVILLE","OTHER, PEDESTRIAN","OTHER","CLEAR","DRY","DAYLIGHT","TRAFFIC SIGNAL","NONE DETECTED","NONE DETECTED","B32F79DC-2C2A-4423-9000-DA4AB954CD01","OTHER","Cross/Enter at Intersection","NO IMPROPER ACTIONS","ON ROADWAY AT CROSSWALK","No","POSSIBLE INJURY","NONE","39.115235","-77.17854167","    (39.115235, -77.17854167)"
"MCP2339006S","220008272","Montgomery County Police","Injury Crash","02/25/2022 04:06:00 PM","Municipality","PICCARD DR","GAITHER RD",,"ROCKVILLE","OTHER, PEDESTRIAN","OTHER","CLEAR","DRY","DAYLIGHT","TRAFFIC SIGNAL","NONE DETECTED","NONE DETECTED","E6DFE4E6-83D0-41AD-868F-3EB9BECC3D7B","PEDESTRIAN","Cross/Enter at Intersection","NO IMPROPER ACTIONS","ON ROADWAY AT CROSSWALK","No","SUSPECTED MINOR INJURY","NONE","39.115235","-77.17854167","    (39.115235, -77.17854167)"
"MCP2339006S","220008272","Montgomery County Police","Injury Crash","02/25/2022 04:06:00 PM","Municipality","PICCARD DR","GAITHER RD",,"ROCKVILLE","OTHER, PEDESTRIAN","OTHER","CLEAR","DRY","DAYLIGHT","TRAFFIC SIGNAL","NONE DETECTED","NONE DETECTED","4850C407-E0CF-4AA3-9D41-3447CC487744","PEDESTRIAN","Cross/Enter at Intersection","NO IMPROPER ACTIONS","ON ROADWAY AT CROSSWALK","No","POSSIBLE INJURY","NONE","39.115235","-77.17854167","    (39.115235, -77.17854167)"