"Report Number","Local Case Number","Agency Name","ACRS Report Type","Crash Date/Time","Route Type","Road Name","Cross-Street Name","Off-Road Description","Municipality","Related Non-Motorist","Collision Type","Weather","Surface Condition","Light","Traffic Control","Driver Substance Abuse","Non-Motorist Substance Abuse","Person ID","Pedestrian Type","Pedestrian Movement","Pedestrian Actions","Pedestrian Location","At Fault","Injury Severity","Safety Equipment","Latitude","Longitude","Location"
"MCP271700WW","220008165","Montgomery County Police","Injury Crash","02/24/2022 06:30:00 PM","Maryland (State)","NEW HAMPSHIRE AVE","POWDER MILL RD",,"N/A","PEDESTRIAN","OTHER","RAINING","WET","DARK LIGHTS ON","TRAFFIC SIGNAL","UNKNOWN","NONE DETECTED","20A7CE26-47AB-4C82-9E55-1E0AF67E4962","PEDESTRIAN","Cross/Enter at Intersection","FAILURE TO OBEY TRAFFIC SIGNS SIGNALS OR OFFICER","ON ROADWAY AT CROSSWALK","Yes","SUSPECTED MINOR INJURY","NONE","39.020268","-76.975427","    (39.020268, -76.975427)"
"MCP271700WW","220008165","Montgomery County Police","Injury Crash","02/24/2022 06:30:00 PM","Maryland (State)","NEW HAMPSHIRE AVE","POWDER MILL RD",,"N/A","PEDESTRIAN","OTHER","RAINING","WET","DARK LIGHTS ON","TRAFFIC SIGNAL","UNKNOWN","NONE DETECTED","3239B165-C001-46EA-AF91-2C8D3F8AA665","PEDESTRIAN","Cross/Enter at Intersection","FAILURE TO OBEY TRAFFIC SIGNS SIGNALS OR OFFICER","ON ROADWAY AT CROSSWALK","Yes","SUSPECTED MINOR INJURY","NONE","39.020268","-76.975427","    (39.020268, -76.975427)"
"MCP32980015","220008285","Montgomery County Police","Injury Crash","02/23/2022 11:30:00 PM",,,,"PARKING LOT OF RESIDENCE",,"PEDESTRIAN","N/A","CLEAR",,"DARK LIGHTS ON","NO CONTROLS","UNKNOWN","NONE DETECTED","76F12666-A7E9-4116-A655-4AAD8AFD2C71","PEDESTRIAN","Other","NO IMPROPER ACTIONS","N/A","No","SUSPECTED MINOR INJURY","N/A","39.18853182","-77.16383449","    (39.18853182, -77.16383449)"
"MCP3134003B","220009059","Montgomery County Police","Injury Crash","02/23/2022 04:29:00 PM","County","GREENCASTLE RD","COLUMBIA PIKE",,"N/A","PEDESTRIAN","SINGLE VEHICLE","CLEAR","DRY","DAYLIGHT","TRAFFIC SIGNAL","N/A","N/A","F7F132FE-A153-4E0E-BB00-754D2180AE97","PEDESTRIAN","Cross/Enter at Intersection","FAILURE TO YIELD RIGHT OF WAY","ON ROADWAY AT CROSSWALK","No","SUSPECTED MINOR INJURY","NONE","39.09563444","-76.93811154","    (39.09563444, -76.93811154)"
"DD5652000C","220007964","Rockville Police Departme","Injury Crash","02/23/2022 03:26:00 PM","Municipality","N WASHINGTON ST","DAWSON AVE",,"ROCKVILLE","PEDESTRIAN","OTHER","CLEAR","DRY","DAYLIGHT","TRAFFIC SIGNAL","NONE DETECTED","NONE DETECTED","395952AA-D774-40B9-937F-E6BBEBF663A8","PEDESTRIAN","Cross/Enter at Intersection","NO IMPROPER ACTIONS","ON ROADWAY AT CROSSWALK","No","SUSPECTED MINOR INJURY","NONE","39.08850983","-77.1536315","    (39.08850983, -77.1536315)"
"MCP3115005Q","220007955","Montgomery County Police","Injury Crash","02/23/2022 03:00:00 PM",,,,"PARKING LOT OF 3116 GRACEFIELD ROAD",,"MACHINE OPERATOR/RIDER","N/A","CLEAR",,"N/A","STOP SIGN","N/A","N/A","5907E3A7-5599-41F1-B91A-974C52192072","MACHINE OPERATOR/RIDER","Walking/Riding against Traffic","NOT VISIBLE","ON ROADWAY NOT AT CROSSWALK","Yes","POSSIBLE INJURY","NONE","39.050635","-76.95096667","    (39.050635, -76.95096667)"
"MCP94280045","220007951","Montgomery County Police","Injury Crash","02/23/2022 02:14:00 PM","Maryland (State)","RIDGE RD","DAMASCUS MANOR RD",,"N/A","PEDESTRIAN","STRAIGHT MOVEMENT ANGLE","CLEAR","DRY","DAYLIGHT","NO CONTROLS","NONE DETECTED","NONE DETECTED","94AD48CB-BEDB-4584-8A10-F3983C352176","PEDESTRIAN","Cross/Enter not at Intersection","DART DASH","ON ROADWAY NOT AT CROSSWALK","Yes","SUSPECTED MINOR INJURY","NONE","39.28011119","-77.21175433","    (39.28011119, -77.21175433)"
"DD56530013","220007841","Rockville Police Departme","Property Damage Crash","02/22/2022 06:00:00 PM","Municipality","N WASHINGTON ST","W MONTGOMERY AVE",,"ROCKVILLE","PEDESTRIAN","SINGLE VEHICLE","CLOUDY","WET","DARK LIGHTS ON","TRAFFIC SIGNAL","N/A","N/A","B5B12EF5-DEBC-4AD2-9360-FB6E763EFC9E","PEDESTRIAN","Cross/Enter at Intersection","UNKNOWN","ON ROADWAY AT CROSSWALK","No","NO APPARENT INJURY","NONE","39.084364","-77.15278617","    (39.084364, -77.15278617)"
"MCP3064004C","220007560","Montgomery County Police","Injury Crash","02/21/2022 10:45:00 AM","County","SHOREFIELD RD","GEORGIA AVE",,"N/A","PEDESTRIAN","SINGLE VEHICLE","CLEAR","DRY","DAYLIGHT","TRAFFIC SIGNAL","NONE DETECTED","NONE DETECTED","643E452F-611A-4871-BEF1-5B414644148E","PEDESTRIAN","Cross/Enter at Intersection","UNKNOWN","AT INTERSECTION BUT NO CROSSWALK","Unknown","POSSIBLE INJURY","NONE","39.05301805","-77.05083386","    (39.05301805, -77.05083386)"
"EJ78760045","220007194","Gaithersburg Police Depar","Injury Crash","02/18/2022 04:30:00 PM",,,,"229 KENTLANDS BLVD",,"PEDESTRIAN","N/A","CLEAR",,"DAYLIGHT","NO CONTROLS","NONE DETECTED","NONE DETECTED","23426D55-A9B6-4DF5-A4DB-0F3BDA253D69","PEDESTRIAN","Other","NO IMPROPER ACTIONS","DRIVEWAY ACCESS MARKED CROSSWALK","No","POSSIBLE INJURY","N/A","39.1251866","-77.23845782","    (39.1251866, -77.23845782)"
"MCP3160003B","220007043","Montgomery County Police","Injury Crash","02/17/2022 07:30:00 PM","Maryland (State)","CONNECTICUT AVE","WOODBINE ST",,"CHEVY CHASE #4","PEDESTRIAN","SINGLE VEHICLE","CLEAR","DRY","DARK LIGHTS ON","NO CONTROLS","UNKNOWN","ALCOHOL PRESENT","9339E048-1E8C-44D6-8BD1-D8FEF9F2F8D0","PEDESTRIAN","Cross/Enter at Intersection","NOT VISIBLE","MEDIAN","Yes","POSSIBLE INJURY","NONE","38.99143","-77.09789167","    (38.99143, -77.09789167)"
"MCP3121004P","220007039","Montgomery County Police","Injury Crash","02/17/2022 06:50:00 PM","County","SNOUFFERS SCHOOL RD","WOODFIELD RD",,"N/A","PEDESTRIAN","SINGLE VEHICLE","CLEAR","DRY","DARK LIGHTS ON","N/A","NONE DETECTED","NONE DETECTED","E066EFA5-B1EC-4E19-B11A-1260319C4434","PEDESTRIAN","Other","NO IMPROPER ACTIONS","ON ROADWAY AT CROSSWALK","No","SUSPECTED MINOR INJURY","NONE","39.16073083","-77.1630515","    (39.16073083, -77.1630515)"
"MCP285900BR","220006572","Montgomery County Police","Injury Crash","02/15/2022 12:30:00 PM","County","SAM EIG HWY","DIAMONDBACK DR",,"N/A","PEDESTRIAN","OTHER","CLEAR","DRY","DAYLIGHT","NO CONTROLS","NONE DETECTED","NONE DETECTED","0579B0A0-A852-45C7-9FD1-9E7130FB9954","PEDESTRIAN","Cross/Enter at Intersection","NO IMPROPER ACTIONS","AT INTERSECTION MARKED CROSSWALK","No","POSSIBLE INJURY","NONE","39.11360525","-77.20839938","    (39.11360525, -77.20839938)"
"MCP3300001K","220006429","Montgomery County Police","Injury Crash","02/14/2022 01:57:00 PM",,,,"COMING OUT OF THE PARKING LOT OF 2601 UNIVERISTY BLVD W",,"PEDESTRIAN","OTHER","CLEAR",,"DAYLIGHT","NO CONTROLS","NONE DETECTED","NONE DETECTED","FA82322E-7A9C-4C07-BDEA-094BA640C279","PEDESTRIAN","Walking/Cycling on Sidewalk","NO IMPROPER ACTIONS","SIDEWALK","No","POSSIBLE INJURY","NONE","39.04094983","-77.05382283","    (39.04094983, -77.05382283)"
"MCP2353009P","220006367","Montgomery County Police","Injury Crash","02/14/2022 07:19:00 AM","Maryland (State)","OLD GEORGETOWN RD","BEECH AVE",,"N/A","PEDESTRIAN","SINGLE VEHICLE","CLOUDY","DRY","DAYLIGHT","PERSON","NONE DETECTED","NONE DETECTED","50E4DB99-42DA-45DD-9562-E44A2A5232D3","PEDESTRIAN","Cross/Enter at Intersection","NO IMPROPER ACTIONS","ON ROADWAY AT CROSSWALK","No","SUSPECTED MINOR INJURY","NONE","39.009995","-77.11493667","    (39.009995, -77.11493667)"
"MCP3130004H","220006366","Montgomery County Police","Injury Crash","02/14/2022 07:00:00 AM","Maryland (State)","CONNECTICUT AVE","WELLER RD",,"N/A","PEDESTRIAN","STRAIGHT MOVEMENT ANGLE","CLOUDY","DRY","DAYLIGHT","TRAFFIC SIGNAL","NONE DETECTED","NONE DETECTED","73D2F379-3DB2-41CC-86F9-DEA59003D2D4","PEDESTRIAN","Walking to/from school","NO IMPROPER ACTIONS","AT INTERSECTION MARKED CROSSWALK","No","SUSPECTED MINOR INJURY","N/A","39.06367167","-77.07343","    (39.06367167, -77.07343)"
"MCP2291005S","220006216","Montgomery County Police","Injury Crash","02/12/2022 04:11:00 PM","Maryland (State)","OLD GEORGETOWN RD","BEECH AVE",,"N/A","BICYCLIST","HEAD ON LEFT TURN","CLEAR","DRY","DAYLIGHT","TRAFFIC SIGNAL","NONE DETECTED","NONE DETECTED","EA371688-8B06-4C7D-BB2D-F2AEC11B66E3","BICYCLIST","Standing","NO IMPROPER ACTIONS","SIDEWALK","No","SUSPECTED MINOR INJURY","MC/BIKE HELMET","39.01002068","-77.11475414","    (39.01002068, -77.11475414)"
"MCP2291005S","220006216","Montgomery County Police","Injury Crash","02/12/2022 04:11:00 PM","Maryland (State)","OLD GEORGETOWN RD","BEECH AVE",,"N/A","BICYCLIST","HEAD ON LEFT TURN","CLEAR","DRY","DAYLIGHT","TRAFFIC SIGNAL","NONE DETECTED","NONE DETECTED","57FA5AF7-8B73-4632-B844-123A07A02E5D","BICYCLIST","Standing","NO IMPROPER ACTIONS","SIDEWALK","No","SUSPECTED SERIOUS INJURY","MC/BIKE HELMET","39.01002068","-77.11475414","    (39.01002068, -77.11475414)"
"MCP2291005S","220006216","Montgomery County Police","Injury Crash","02/12/2022 04:11:00 PM","Maryland (State)","OLD GEORGETOWN RD","BEECH AVE",,"N/A","BICYCLIST","HEAD ON LEFT TURN","CLEAR","DRY","DAYLIGHT","TRAFFIC SIGNAL","NONE DETECTED","NONE DETECTED","C48ACC2E-1FEC-4072-A715-0E3E6BA2EDB1","BICYCLIST","Standing","NO IMPROPER ACTIONS","SIDEWALK","No","POSSIBLE INJURY","MC/BIKE HELMET","39.01002068","-77.11475414","    (39.01002068, -77.11475414)"
"MCP2291005S","220006216","Montgomery County Police","Injury Crash","02/12/2022 04:11:00 PM","Maryland (State)","OLD GEORGETOWN RD","BEECH AVE",,"N/A","BICYCLIST","HEAD ON LEFT TURN","CLEAR","DRY","DAYLIGHT","TRAFFIC SIGNAL","NONE DETECTED","NONE DETECTED","DEE0F2C1-D29C-450F-9CD6-2A278036DD0C","BICYCLIST","Standing","NO IMPROPER ACTIONS","SIDEWALK","No","SUSPECTED SERIOUS INJURY","MC/BIKE HELMET","39.01002068","-77.11475414","    (39.01002068, -77.11475414)"
"MCP2291005S","220006216","Montgomery County Police","Injury Crash","02/12/2022 04:11:00 PM","Maryland (State)","OLD GEORGETOWN RD","BEECH AVE",,"N/A","BICYCLIST","HEAD ON LEFT TURN","CLEAR","DRY","DAYLIGHT","TRAFFIC SIGNAL","NONE DETECTED","NONE DETECTED","D5C859F3-BE43-42F9-B9FD-8B12AF26BAC1","BICYCLIST","Standing","NO IMPROPER ACTIONS","SIDEWALK","No","POSSIBLE INJURY","MC/BIKE HELMET","39.01002068","-77.11475414","    (39.01002068, -77.11475414)"
"MCP3093003M","220006051","Montgomery County Police","Injury Crash","02/11/2022 04:05:00 PM","Government","BEACH DR","CONNECTICUT AVE",,"N/A","BICYCLIST","OTHER","N/A","DRY","DAYLIGHT","TRAFFIC SIGNAL","N/A","N/A","36EE9DCC-2A7D-45A3-8E21-74E1198E52B8","BICYCLIST","Walking/Riding w/Traffic","NO IMPROPER ACTIONS","ON ROADWAY NOT AT CROSSWALK","No","SUSPECTED MINOR INJURY","N/A","39.00798023","-77.0803757","    (39.00798023, -77.0803757)"
"MCP2192004B","220006027","Montgomery County Police","Injury Crash","02/11/2022 02:19:00 PM",,,,"PARKING LOT 18140 VILLAGE CENTER DR.",,"PEDESTRIAN","OTHER","CLEAR",,"DAYLIGHT","N/A","NONE DETECTED","NONE DETECTED","D3EE4E19-AA05-44E0-8006-05117AD33E7D","PEDESTRIAN","N/A","NO IMPROPER ACTIONS","OTHER","No","SUSPECTED MINOR INJURY","N/A","39.15276333","-77.06383","    (39.15276333, -77.06383)"
"MCP32000050","220005997","Montgomery County Police","Injury Crash","02/11/2022 11:50:00 AM","Maryland (State)","WISCONSIN AVE","DORSET AVE",,"SOMERSET","PEDESTRIAN","OTHER","CLEAR","DRY","DAYLIGHT","TRAFFIC SIGNAL","NONE DETECTED","NONE DETECTED","2AD12B4E-310A-4603-BDA4-F9556EB1D379","PEDESTRIAN","Cross/Enter at Intersection","NO IMPROPER ACTIONS","ON ROADWAY AT CROSSWALK","No","SUSPECTED MINOR INJURY","NONE","38.9672009","-77.08865523","    (38.9672009, -77.08865523)"
"MCP20550038","220006376","Montgomery County Police","Injury Crash","02/11/2022 11:00:00 AM","Municipality","ROCKBORN ST","STONEMASON DR",,"GAITHERSBURG","PEDESTRIAN","OTHER","CLEAR","DRY","DAYLIGHT","STOP SIGN","UNKNOWN","N/A","02E137A7-F7C5-4956-BFAF-4373986879B8","PEDESTRIAN","Walking/Riding against Traffic","NO IMPROPER ACTIONS","SHOULDER","No","POSSIBLE INJURY","N/A","39.1142601","-77.2288545","    (39.1142601, -77.2288545)"
"DM84760036","220005815","Takoma Park Police Depart","Injury Crash","02/10/2022 10:58:00 AM","Maryland (State)","NEW HAMPSHIRE AVE","HOLTON LA",,"TAKOMA PARK","PEDESTRIAN","SINGLE VEHICLE","CLEAR","DRY","DAYLIGHT","TRAFFIC SIGNAL","N/A","N/A","1411A1A9-3D6B-4E9A-ACE4-C33240B88357","PEDESTRIAN","Cross/Enter at Intersection","NO IMPROPER ACTIONS","ON ROADWAY AT CROSSWALK","No","SUSPECTED SERIOUS INJURY","N/A","38.98603167","-76.98817933","    (38.98603167, -76.98817933)"
"MCP3269001C","220005458","Montgomery County Police","Injury Crash","02/08/2022 07:30:00 AM","Maryland (State)","UNIVERSITY BLVD E","LANGLEY DR",,"N/A","PEDESTRIAN","OTHER","CLEAR","DRY","DAYLIGHT","NO CONTROLS","N/A","N/A","3456D8E9-C88F-4B7B-A581-C02AB05703B1","PEDESTRIAN","Cross/Enter at Intersection","NO IMPROPER ACTIONS","AT INTERSECTION MARKED CROSSWALK","No","POSSIBLE INJURY","N/A","39.00151344","-76.99572256","    (39.00151344, -76.99572256)"
"DD5653000Y","220005236","Rockville Police Departme","Injury Crash","02/07/2022 08:36:00 AM","Municipality","TAFT ST","E GUDE DR",,"ROCKVILLE","PEDESTRIAN","SINGLE VEHICLE","CLOUDY","DRY","DAYLIGHT","TRAFFIC SIGNAL","NONE DETECTED","NONE DETECTED","AF9E9766-6903-42C0-953E-9CECC88965B7","PEDESTRIAN","Cross/Enter at Intersection","NO IMPROPER ACTIONS","AT INTERSECTION MARKED CROSSWALK","No","SUSPECTED SERIOUS INJURY","N/A","39.094198","-77.132573","    (39.094198, -77.132573)"
"EJ7888001V","220005225","Gaithersburg Police Depar","Injury Crash","02/07/2022 07:05:00 AM","Maryland (State)","W DIAMOND AVE","BUREAU DR",,"GAITHERSBURG","PEDESTRIAN","OTHER","CLEAR","DRY","DAWN","TRAFFIC SIGNAL","NONE DETECTED","NONE DETECTED","E0C94809-14A2-47FC-804C-B4BC5E29E3FE","PEDESTRIAN","Cross/Enter at Intersection","FAILURE TO OBEY TRAFFIC SIGNS SIGNALS OR OFFICER","AT INTERSECTION MARKED CROSSWALK","Yes","SUSPECTED MINOR INJURY","N/A","39.14213818","-77.21737642","    (39.14213818, -77.21737642)"
"DD5645001M","220005078","Rockville Police Departme","Injury Crash","02/05/2022 09:20:00 PM","Municipality","HALPINE RD","ROCKVILLE PIKE",,"N/A","PEDESTRIAN","SINGLE VEHICLE","CLEAR","DRY","DARK LIGHTS ON","TRAFFIC SIGNAL","N/A","NONE DETECTED","7877268B-A189-494D-AB34-E098FC4801F0","PEDESTRIAN","Cross/Enter at Intersection","NO IMPROPER ACTIONS","ON ROADWAY AT CROSSWALK","No","POSSIBLE INJURY","NONE","39.0619688","-77.12399478","    (39.0619688, -77.12399478)"
"MCP32790011","220004942","Montgomery County Police","Injury Crash","02/04/2022 10:43:00 PM","County","RANDOLPH RD","BENNION RD",,"N/A","PEDESTRIAN","HEAD ON","CLEAR","DRY","DARK NO LIGHTS","N/A","NONE DETECTED","NONE DETECTED","4924D8BA-ACDF-4FCB-81B7-0D43672955CE","PEDESTRIAN","Getting off/on Vehicle","IN ROADWAY IMPROPERLY","ON ROADWAY NOT AT CROSSWALK","Yes","SUSPECTED SERIOUS INJURY","N/A","39.05491713","-77.08482227","    (39.05491713, -77.08482227)"
"MCP3325000D","220004915","Montgomery County Police","Injury Crash","02/04/2022 05:56:00 PM",,,,"PARKING LOT  OF 15660 OLD COLUMBIA PIKE BURTONSVILLE MD, INFRONT OF THE  GREEN TURTLE",,"PEDESTRIAN","OTHER","RAINING",,"DARK LIGHTS ON","NO CONTROLS","N/A","N/A","A8A7976C-EA8A-460F-B51E-B7CD6A58C6C4","PEDESTRIAN","Other","NO IMPROPER ACTIONS","OTHER","No","POSSIBLE INJURY","N/A","39.11191899","-76.93350961","    (39.11191899, -76.93350961)"
"DD5633006J","220004821","Rockville Police Departme","Injury Crash","02/04/2022 07:20:00 AM","County","ROTHGEB DR","ROTHGEB DR (BACK)",,"ROCKVILLE","PEDESTRIAN","SINGLE VEHICLE","N/A","DRY","DAYLIGHT","N/A","UNKNOWN","NONE DETECTED","B172C407-17F8-4E18-9D37-8D9A2AB8E0AA","PEDESTRIAN","Walking/Cycling on Sidewalk","NO IMPROPER ACTIONS","SIDEWALK","No","POSSIBLE INJURY","NONE","39.09748875","-77.13356118","    (39.09748875, -77.13356118)"
"MCP30640045","220004815","Montgomery County Police","Injury Crash","02/04/2022 06:40:00 AM","County","ARCOLA AVE","KENBROOK DR",,"N/A","PEDESTRIAN","SINGLE VEHICLE","RAINING","WET","DARK NO LIGHTS","N/A","NONE DETECTED","NONE DETECTED","697DD1AE-47CA-4506-B8ED-84CBCE021915","PEDESTRIAN","Other","NOT VISIBLE","OTHER","Unknown","SUSPECTED MINOR INJURY","NONE","39.03899833","-77.02845167","    (39.03899833, -77.02845167)"
"DD5540001L","220004798","Rockville Police Departme","Injury Crash","02/03/2022 09:40:00 PM",,,,"16001 SHADY GROVE RD",,"PEDESTRIAN","OTHER","RAINING",,"DARK LIGHTS ON","TRAFFIC SIGNAL","NONE DETECTED","ALCOHOL PRESENT","D5DE4AEE-96BF-4596-97E6-4C062CA7E65A","PEDESTRIAN","Other","OTHER","OTHER","Yes","SUSPECTED SERIOUS INJURY","NONE","39.11910052","-77.18213407","    (39.11910052, -77.18213407)"
"EJ7869003B","220004545","Gaithersburg Police Depar","Injury Crash","02/02/2022 03:00:00 PM",,,,"474 N FREDERICK AVE GAITHERSBURG, MD 20878",,"PEDESTRIAN","OTHER","CLEAR",,"DAYLIGHT","N/A","NONE DETECTED","NONE DETECTED","40688F48-3C0C-4F50-9C82-6751344D39ED","PEDESTRIAN","Getting off/on Vehicle","ENTERING EXITING PARKED STANDING VEHICLE","OTHER","Yes","SUSPECTED MINOR INJURY","NONE","39.14864952","-77.20825275","    (39.14864952, -77.20825275)"
"MCP1534000H","220004555","Montgomery County Police","Injury Crash","02/02/2022 02:50:00 PM","Maryland (State)","FREDERICK RD","FOREMAN BLVD",,"N/A","PEDESTRIAN","OTHER","CLEAR","DRY","DAYLIGHT","TRAFFIC SIGNAL","NONE DETECTED","N/A","010AA54B-4F37-4F9C-AAE1-F3728B1DC091","PEDESTRIAN","Cross/Enter at Intersection","N/A","ON ROADWAY AT CROSSWALK","No","POSSIBLE INJURY","N/A","39.22804167","-77.266165","    (39.22804167, -77.266165)"
"MCP3153003N","220004279","Montgomery County Police","Injury Crash","02/01/2022 08:45:00 AM","Maryland (State)","CONNECTICUT AVE","CONNECTICUT AVE (AHEAD)",,"N/A","PEDESTRIAN","STRAIGHT MOVEMENT ANGLE","CLEAR","DRY","DAYLIGHT","OTHER","NONE DETECTED","NONE DETECTED","1DAFBABA-3747-4D57-BF9A-42AF0383923A","PEDESTRIAN","Cross/Enter at Intersection","NO IMPROPER ACTIONS","AT INTERSECTION MARKED CROSSWALK","No","SUSPECTED SERIOUS INJURY","NONE","39.094905","-77.06913833","    (39.094905, -77.06913833)"
"MCP3042003M","220004277","Montgomery County Police","Injury Crash","02/01/2022 07:40:00 AM","County","GLENALLAN AVE","LAYHILL RD",,"N/A","PEDESTRIAN","OTHER","CLEAR","DRY","DAWN","TRAFFIC SIGNAL","UNKNOWN","NONE DETECTED","1444A6CF-24CF-4763-9295-83BA90D7BB4C","PEDESTRIAN","Cross/Enter at Intersection","NO IMPROPER ACTIONS","ON ROADWAY AT CROSSWALK","No","SUSPECTED MINOR INJURY","NONE","39.06318568","-77.05016024","    (39.06318568, -77.05016024)"
"EJ7895000D","220004216","Gaithersburg Police Depar","Injury Crash","01/31/2022 06:30:00 PM","Municipality","E DIAMOND AVE","E DIAMOND AVE",,"GAITHERSBURG","BICYCLIST","STRAIGHT MOVEMENT ANGLE","CLEAR","DRY","DARK LIGHTS ON","NO CONTROLS","N/A","N/A","CB7634EF-A687-414B-A19F-E0905765D671","BICYCLIST","Cross/Enter not at Intersection","IMPROPER TURN MERGE","ON ROADWAY NOT AT CROSSWALK","Yes","POSSIBLE INJURY","NONE","39.14201479","-77.1888905","    (39.14201479, -77.1888905)"
"MCP3019004G","220004192","Montgomery County Police","Injury Crash","01/31/2022 04:30:00 PM",,,,"4310 MONTGOMERY AVENUE",,"PEDESTRIAN","OTHER","CLEAR",,"DAYLIGHT","NO CONTROLS","N/A","N/A","130F5AEA-F409-4463-9EF7-EA53207FCBF7","PEDESTRIAN","Other","N/A","SIDEWALK","No","POSSIBLE INJURY","NONE","38.98498","-77.08728333","    (38.98498, -77.08728333)"
"MCP32270039","220004178","Montgomery County Police","Injury Crash","01/31/2022 03:47:00 PM","US (State)","COLUMBIA PIKE","ENT TO BURNT MILLS SHOPPING CENTER",,"N/A","PEDESTRIAN","SINGLE VEHICLE","CLEAR","DRY","DAYLIGHT","TRAFFIC SIGNAL","NONE DETECTED","NONE DETECTED","03540B9E-BE08-460D-BD70-F855307A9B04","PEDESTRIAN","Cross/Enter at Intersection","NO IMPROPER ACTIONS","ON ROADWAY AT CROSSWALK","No","SUSPECTED MINOR INJURY","NONE","39.03101133","-77.0043415","    (39.03101133, -77.0043415)"
"MCP3010006L","220004103","Montgomery County Police","Injury Crash","01/31/2022 08:50:00 AM","Municipality","KENSINGTON PKWY","KENT ST",,"KENSINGTON","PEDESTRIAN","OTHER","CLOUDY","DRY","DAYLIGHT","NO CONTROLS","N/A","N/A","E84D21AD-92DD-4293-8EC3-87BF2B7B310D","PEDESTRIAN","Other","NO IMPROPER ACTIONS","SIDEWALK","No","SUSPECTED MINOR INJURY","NONE","39.022515","-77.07231667","    (39.022515, -77.07231667)"
"MCP3300001F","220004093","Montgomery County Police","Injury Crash","01/31/2022 07:55:00 AM","County","MONTICELLO AVE","KEMP MILL RD",,"N/A","PEDESTRIAN","OTHER","CLEAR","DRY","DAYLIGHT","PERSON","NONE DETECTED","NONE DETECTED","2881240F-F754-4790-BE6D-10CCC3E51B58","PEDESTRIAN","Other Working","DART DASH","ON ROADWAY NOT AT CROSSWALK","Yes","SUSPECTED MINOR INJURY","REFLECTIVE CLOTHING","39.047313","-77.0296645","    (39.047313, -77.0296645)"
"MCP31690052","220003904","Montgomery County Police","Injury Crash","01/29/2022 12:24:00 PM",,,,"PARKING LOT OF 10101 NEW HAMPSHIRE AVE",,"PEDESTRIAN","OTHER","CLEAR",,"DAYLIGHT","N/A","N/A","N/A","7D31B429-2809-4A67-9156-F190176ACE7A","PEDESTRIAN","Standing","NO IMPROPER ACTIONS","OTHER","No","POSSIBLE INJURY","NONE","39.02121072","-76.97599366","    (39.02121072, -76.97599366)"
"MCP2990000Y","220003872","Montgomery County Police","Injury Crash","01/29/2022 12:35:00 AM","Maryland (State)","FREDERICK RD","SHADY GROVE RD",,"N/A","OTHER","SAME DIR REND LEFT TURN","WINTRY MIX","WET","DARK LIGHTS ON","TRAFFIC SIGNAL","ALCOHOL PRESENT, N/A","UNKNOWN","DF95333A-FB40-46B9-A89C-B9CD223F6AD7","OTHER","Unknown","UNKNOWN","UNKNOWN","No","NO APPARENT INJURY","N/A","39.12221","-77.17792167","    (39.12221, -77.17792167)"
"MCP30310049","220003867","Montgomery County Police","Injury Crash","01/28/2022 11:07:00 PM","Maryland (State)","SPENCERVILLE RD","STABLER LA",,"N/A","OTHER","SAME DIR REND LEFT TURN","RAINING","WET","DARK LIGHTS ON","NO CONTROLS","ALCOHOL PRESENT, NONE DETECTED","NONE DETECTED","8A9CABEB-9594-462C-AB1F-4BA24796F7C3","OTHER","Standing","NO IMPROPER ACTIONS","SHOULDER","No","SUSPECTED SERIOUS INJURY","NONE","39.120805","-76.98727","    (39.120805, -76.98727)"
"MCP2450003X","220003835","Montgomery County Police","Injury Crash","01/28/2022 07:10:00 PM",,,,"PARKING LOT OF 8523 PINEY BRANCH RD",,"PEDESTRIAN","OTHER","SNOW",,"DARK LIGHTS ON","NO CONTROLS","ALCOHOL PRESENT","NONE DETECTED","3C1E2079-23AD-4A77-8C5E-05E95BB9DFE8","PEDESTRIAN","Other","NO IMPROPER ACTIONS","OTHER","No","SUSPECTED MINOR INJURY","N/A","38.99833014","-77.00240002","    (38.99833014, -77.00240002)"
"MCP271700WR","220003800","Montgomery County Police","Property Damage Crash","01/28/2022 04:04:00 PM","County","RANDOLPH RD","NEBEL ST",,"N/A","BICYCLIST","UNKNOWN","N/A","N/A","DAYLIGHT","TRAFFIC SIGNAL","NONE DETECTED","NONE DETECTED","43D577F1-C911-43B0-BF8E-1A8E73495F78","BICYCLIST","Cross/Enter at Intersection","UNKNOWN","OTHER","Unknown","NO APPARENT INJURY","MC/BIKE HELMET","39.1168015","-77.20569483","    (39.1168015, -77.20569483)"
"MCP3073005V","220003650","Montgomery County Police","Injury Crash","01/27/2022 06:41:00 PM","County","GRENOBLE DR","ASPEN HILL RD",,"N/A","PEDESTRIAN","OTHER","N/A","N/A","DARK LIGHTS ON","N/A","NONE DETECTED","NONE DETECTED","524D7E48-0AD5-4553-8C4B-683A98989AEE","PEDESTRIAN","Cross/Enter at Intersection","NO IMPROPER ACTIONS","AT INTERSECTION BUT NO CROSSWALK","No","POSSIBLE INJURY","N/A","39.07947","-77.08392","    (39.07947, -77.08392)"
"DD56440029","220003614","Rockville Police Departme","Injury Crash","01/27/2022 04:10:00 PM","Municipality","CHAPMAN AVE","BOUIC AVE",,"ROCKVILLE","PEDESTRIAN","OTHER","CLEAR","DRY","DAYLIGHT","STOP SIGN","NONE DETECTED","NONE DETECTED","5E40EFB2-828F-4AD3-BC11-84649440F2DE","PEDESTRIAN","Cross/Enter at Intersection","NO IMPROPER ACTIONS","ON ROADWAY AT CROSSWALK","No","SUSPECTED MINOR INJURY","NONE","39.06108889","-77.12089636","    (39.06108889, -77.12089636)"
"MCP3218002L","220003487","Montgomery County Police","Injury Crash","01/26/2022 08:00:00 PM","County","RANDOLPH RD","LINDELL ST",,"N/A","PEDESTRIAN","OTHER","CLEAR","DRY","DARK LIGHTS ON","TRAFFIC SIGNAL","NONE DETECTED","NONE DETECTED","5E4AAFA5-3F2D-44F9-B91E-D276E6FEEE4E","PEDESTRIAN","Cross/Enter at Intersection","NO IMPROPER ACTIONS","AT INTERSECTION MARKED CROSSWALK","No","SUSPECTED MINOR INJURY","NONE","39.0592945","-77.06216783","    (39.0592945, -77.06216783)"
"MCP3093003L","220003482","Montgomery County Police","Injury Crash","01/26/2022 07:08:00 PM","Municipality","ARMORY AVE","HOWARD AVE",,"KENSINGTON","PEDESTRIAN","OTHER","CLEAR","DRY","DARK LIGHTS ON","N/A","N/A","N/A","5DB408C3-DD7E-42A0-87D8-4C32A88EE708","PEDESTRIAN","Cross/Enter at Intersection","NO IMPROPER ACTIONS","ON ROADWAY AT CROSSWALK","No","POSSIBLE INJURY","NONE","39.02786204","-77.07455551","    (39.02786204, -77.07455551)"