"Report Number","Local Case Number","Agency Name","ACRS Report Type","Crash Date/Time","Route Type","Road Name","Cross-Street Name","Off-Road Description","Municipality","Related Non-Motorist","Collision Type","Weather","Surface Condition","Light","Traffic Control","Driver Substance Abuse","Non-Motorist Substance Abuse","Person ID","Pedestrian Type","Pedestrian Movement","Pedestrian Actions","Pedestrian Location","At Fault","Injury Severity","Safety Equipment","Latitude","Longitude","Location"
"MCP284800BQ","210051102","Montgomery County Police","Injury Crash","12/16/2021 08:08:00 AM","Maryland (State)","ROCKVILLE PIKE","NORTH DR",,"N/A","BICYCLIST","OTHER","CLEAR","DRY","DAYLIGHT","TRAFFIC SIGNAL","NONE DETECTED","NONE DETECTED","E65355DC-180E-4B72-99EC-0BF75FD19A66","BICYCLIST","Walking/Cycling on Sidewalk","NO IMPROPER ACTIONS","AT INTERSECTION MARKED CROSSWALK","No","POSSIBLE INJURY","MC/BIKE HELMET","39.00445333","-77.09722833","    (39.00445333, -77.09722833)"
"DD56280055","210050819","Rockville Police Departme","Injury Crash","12/14/2021 12:56:00 PM",,,,"PARKING LOT OF 838 ROCKVILLE PK",,"PEDESTRIAN","OTHER","CLEAR",,"DAYLIGHT","N/A",,"NONE DETECTED","1060C3AB-7E23-4D56-AED8-DB17A6CF4527","PEDESTRIAN","Getting off/on Vehicle","OTHER","OTHER","Yes","SUSPECTED SERIOUS INJURY","N/A","39.07605098","-77.13702113","    (39.07605098, -77.13702113)"
"DM84890012","210050804","Takoma Park Police Depart","Injury Crash","12/14/2021 11:23:00 AM","Municipality","BRIGHTON AVE","HOUSTON AVE",,"TAKOMA PARK","PEDESTRIAN","OTHER","CLEAR","DRY","DAYLIGHT","NO CONTROLS","N/A","N/A","4843BC48-43D3-4A64-B2C5-F8AE96455165","PEDESTRIAN","Standing","N/A","SHOULDER","No","POSSIBLE INJURY","N/A","38.99072","-77.0042035","    (38.99072, -77.0042035)"
"MCP31090064","210050789","Montgomery County Police","Injury Crash","12/14/2021 10:25:00 AM","US (State)","COLESVILLE RD","NOYES DR",,"N/A","PEDESTRIAN","SINGLE VEHICLE","CLEAR","DRY","DAYLIGHT","OTHER","NONE DETECTED","NONE DETECTED","AEDD9EB3-9DAE-43CC-9EFF-E3F6A21D7A5E","PEDESTRIAN","Cross/Enter at Intersection","NO IMPROPER ACTIONS","ON ROADWAY AT CROSSWALK","No","POSSIBLE INJURY","NONE","39.0003185","-77.02574717","    (39.0003185, -77.02574717)"
"MCP3200004H","210050607","Montgomery County Police","Injury Crash","12/13/2021 11:02:00 AM","Municipality","PLYERS MILL RD","METROPOLITAN AVE",,"N/A","OTHER","SINGLE VEHICLE","CLEAR","DRY","DAYLIGHT","NO CONTROLS",,"NONE DETECTED","CB709E8F-111B-4219-8EB3-84F1BF89C508","OTHER","Other","OTHER","OTHER","Yes","SUSPECTED MINOR INJURY","NONE","39.02931634","-77.07399464","    (39.02931634, -77.07399464)"
"MCP12100052","210050367","Montgomery County Police","Injury Crash","12/11/2021 01:52:00 PM",,,,"SHOPPING CENTER AT 480 N. FREDERICK AVE",,"PEDESTRIAN","OTHER","CLOUDY",,"DAYLIGHT","N/A","NONE DETECTED","NONE DETECTED","3BBE8313-8DAC-4603-A59E-1A8EE8562C1A","PEDESTRIAN","Other","NO IMPROPER ACTIONS","OTHER","No","SUSPECTED MINOR INJURY","NONE","39.14789586","-77.20843342","    (39.14789586, -77.20843342)"
"MCP2766006N","210050029","Montgomery County Police","Injury Crash","12/09/2021 03:22:00 PM","County","WIMBLEDON DR","LONGMEAD CROSSING DR",,"N/A","PEDESTRIAN","SINGLE VEHICLE","CLEAR","DRY","DAYLIGHT","STOP SIGN","NONE DETECTED","NONE DETECTED","BD24B073-C388-4597-ACCA-C6AFE3342B01","PEDESTRIAN","Cross/Enter at Intersection","NO IMPROPER ACTIONS","ON ROADWAY AT CROSSWALK","No","POSSIBLE INJURY","NONE","39.099425","-77.04786833","    (39.099425, -77.04786833)"
"MCP33000017","210049817","Montgomery County Police","Injury Crash","12/08/2021 10:45:00 AM",,,,"2519 ENNALS AVE WHEATON MD 20902",,"PEDESTRIAN","SINGLE VEHICLE","CLOUDY",,"DAYLIGHT","NO CONTROLS","NONE DETECTED","NONE DETECTED","53293DF6-5B3B-41EC-A735-B620FB66C225","PEDESTRIAN","Standing","NO IMPROPER ACTIONS","INSIDE BUILDING","No","POSSIBLE INJURY","NONE","39.03986433","-77.05333083","    (39.03986433, -77.05333083)"
"EJ7889001N","210049729","Gaithersburg Police Depar","Injury Crash","12/07/2021 04:40:00 PM","County","EMORY GROVE RD","CUL DE SAC",,"N/A","PEDESTRIAN","OTHER","CLEAR","DRY","DUSK","NO CONTROLS","NONE DETECTED","NONE DETECTED","94C668F7-497B-47F1-9AA5-00C48CCBFFFA","PEDESTRIAN","Getting off/on Vehicle","NO IMPROPER ACTIONS","N/A","No","SUSPECTED MINOR INJURY","NONE","39.15288863","-77.17652322","    (39.15288863, -77.17652322)"
"MCP3182001J","210048951","Montgomery County Police","Injury Crash","12/07/2021 04:04:00 PM",,,,"PARKINGLOT OF 3905 BLACKBURN LN",,"PEDESTRIAN","OTHER","CLEAR",,"DAYLIGHT","NO CONTROLS","NONE DETECTED","NONE DETECTED","AF255521-E9B3-4327-A078-CB41711FC5DA","PEDESTRIAN","Walking to/from school","NOT VISIBLE","ON ROADWAY NOT AT CROSSWALK","Yes","SUSPECTED MINOR INJURY","NONE","39.10493404","-76.93170185","    (39.10493404, -76.93170185)"
"MCP2008008Z","210049574","Montgomery County Police","Injury Crash","12/06/2021 05:08:00 PM","Other Public Roadway","MONTROSE PKWY","HOYA ST",,"N/A","PEDESTRIAN","OTHER","CLOUDY","DRY","DARK LIGHTS ON","TRAFFIC SIGNAL","NONE DETECTED","NONE DETECTED","D4DEB07B-CA3C-4FE7-8CA5-C791D8B8A6B4","PEDESTRIAN","Cross/Enter at Intersection","NO IMPROPER ACTIONS","ON ROADWAY AT CROSSWALK","No","SUSPECTED MINOR INJURY","NONE","39.05206667","-77.11865333","    (39.05206667, -77.11865333)"
"MCP3113003H","210049437","Montgomery County Police","Injury Crash","12/06/2021 06:00:00 AM","Maryland (State)","NEW HAMPSHIRE AVE","LOCKWOOD DR",,"N/A","PEDESTRIAN","OTHER","N/A","DRY","DARK LIGHTS ON","TRAFFIC SIGNAL","N/A","N/A","0488ED39-C216-431B-BC99-5898A9A2E4F6","PEDESTRIAN","Cross/Enter at Intersection","DART DASH","ON ROADWAY AT CROSSWALK","Yes","POSSIBLE INJURY","NONE","39.03981379","-76.99059636","    (39.03981379, -76.99059636)"
"MCP3112005P","210049341","Montgomery County Police","Injury Crash","12/05/2021 09:10:00 AM","Maryland (State)","BRADLEY BLVD","FAIRFAX RD",,"N/A","PEDESTRIAN","OTHER","CLEAR","DRY","DAYLIGHT","TRAFFIC SIGNAL","NONE DETECTED","NONE DETECTED","2E6DA2BC-A214-4943-8D1A-4B451F841F5F","PEDESTRIAN","Cross/Enter at Intersection","NO IMPROPER ACTIONS","ON ROADWAY AT CROSSWALK","No","SUSPECTED MINOR INJURY","NONE","38.97769577","-77.10072667","    (38.97769577, -77.10072667)"
"MCP29300021","210049298","Montgomery County Police","Injury Crash","12/04/2021 08:30:00 PM",,,,"PARKING LOT AT 12301 GEORGIA AVE (MCDONALDS)",,"PEDESTRIAN","OTHER","CLEAR",,"DARK LIGHTS ON","NO CONTROLS","UNKNOWN","NONE DETECTED","4C488E43-F17C-4A4D-B621-C17ABFC2DB02","PEDESTRIAN","Other","UNKNOWN","OTHER","No","POSSIBLE INJURY","NONE","39.05915086","-77.04962114","    (39.05915086, -77.04962114)"
"MCP1119009G","210049041","Montgomery County Police","Injury Crash","12/03/2021 08:18:00 AM","Maryland (State)","GEORGIA AVE","CONNECTICUT AVE",,"N/A","PEDESTRIAN","OTHER","CLEAR","N/A","DAYLIGHT","TRAFFIC SIGNAL","NONE DETECTED","NONE DETECTED","81F0566A-1B87-4FBF-9475-7295ACB734F6","PEDESTRIAN","Cross/Enter at Intersection","NO IMPROPER ACTIONS","AT INTERSECTION MARKED CROSSWALK","No","SUSPECTED MINOR INJURY","N/A","39.08398667","-77.07765833","    (39.08398667, -77.07765833)"
"MCP33070014","210048926","Montgomery County Police","Injury Crash","12/02/2021 02:02:00 PM",,,,"PARKING LOT OF GIANT FOOD 3860 ROSSMOOR BLVD",,"PEDESTRIAN","OTHER","CLEAR",,"DAYLIGHT","NO CONTROLS","NONE DETECTED","NONE DETECTED","3FFC30FF-4E13-48FC-B92E-CBBC878B93F5","PEDESTRIAN","Cross/Enter at Intersection","IN ROADWAY IMPROPERLY","AT INTERSECTION BUT NO CROSSWALK","Yes","SUSPECTED SERIOUS INJURY","NONE","39.10147","-77.07552833","    (39.10147, -77.07552833)"
"MCP3010006D","210048874","Montgomery County Police","Injury Crash","12/02/2021 08:19:00 AM","Maryland (State)","ROCKVILLE PIKE","SECURITY LA",,"N/A","BICYCLIST","STRAIGHT MOVEMENT ANGLE","CLEAR","DRY","DAYLIGHT","TRAFFIC SIGNAL","N/A","N/A","976D4648-EFA0-4E2C-97C7-36BCEE7413AA","BICYCLIST","Cross/Enter at Intersection","NO IMPROPER ACTIONS","ON ROADWAY AT CROSSWALK","No","SUSPECTED MINOR INJURY","NONE","39.04192477","-77.11052965","    (39.04192477, -77.11052965)"
"MCP30190048","210048803","Montgomery County Police","Property Damage Crash","12/01/2021 05:50:00 PM","Maryland (State)","EAST WEST HWY (W/B COUPLET)","WAVERLY ST",,"N/A","PEDESTRIAN","OTHER","CLEAR","DRY","DUSK","TRAFFIC SIGNAL","N/A","N/A","CC6C0F22-C832-4C60-B152-18FCEDBBD007","PEDESTRIAN","Cross/Enter at Intersection","NO IMPROPER ACTIONS","ON ROADWAY AT CROSSWALK","No","NO APPARENT INJURY","NONE","38.98461833","-77.09241167","    (38.98461833, -77.09241167)"
"MCP3050005H","210048794","Montgomery County Police","Injury Crash","12/01/2021 05:26:00 PM","Maryland (State)","GEORGIA AVE","ENT TO APTS",,"N/A","PEDESTRIAN","SINGLE VEHICLE","CLEAR","DRY","DARK NO LIGHTS","NO CONTROLS","NONE DETECTED","NONE DETECTED","67B6A2AC-0745-4049-85C2-A9CEE70CB712","PEDESTRIAN","Cross/Enter not at Intersection","IN ROADWAY IMPROPERLY","ON ROADWAY NOT AT CROSSWALK","Yes","SUSPECTED MINOR INJURY","NONE","39.09030351","-77.07972452","    (39.09030351, -77.07972452)"
"MCP136600BK","210048792","Montgomery County Police","Injury Crash","12/01/2021 05:02:00 PM","County","CONNECTICUT AVE","GEORGIA AVE",,"N/A","PEDESTRIAN","STRAIGHT MOVEMENT ANGLE","CLOUDY","DRY","DARK LIGHTS ON","TRAFFIC SIGNAL","NONE DETECTED","UNKNOWN","EFFADDDD-0696-41B0-A6F4-B2CF1B68488E","PEDESTRIAN","Cross/Enter at Intersection","UNKNOWN","ON ROADWAY AT CROSSWALK","Unknown","SUSPECTED SERIOUS INJURY","NONE","39.08410333","-77.07764833","    (39.08410333, -77.07764833)"
"MCP30190047","210048774","Montgomery County Police","Injury Crash","12/01/2021 04:00:00 PM","County","BETHESDA AVE","ARLINGTON RD",,"N/A","PEDESTRIAN","OTHER","CLEAR","DRY","DUSK","NO CONTROLS","N/A","N/A","2EE74486-5529-42CE-BEEB-3CCD7641E6D9","PEDESTRIAN","Other","N/A","SIDEWALK","No","POSSIBLE INJURY","N/A","38.980945","-77.0974","    (38.980945, -77.0974)"
"MCP2617009W","210048446","Montgomery County Police","Injury Crash","11/29/2021 03:45:00 PM","County","OLD COLUMBIA PIKE","OAKHURST DR",,"N/A","PEDESTRIAN","OTHER","CLEAR","DRY","DAYLIGHT","NO CONTROLS","UNKNOWN","NONE DETECTED","173B1597-A1F5-40AA-A5A1-C8A9C1EE9BE0","PEDESTRIAN","Cross/Enter not at Intersection","UNKNOWN","ON ROADWAY NOT AT CROSSWALK","Unknown","SUSPECTED MINOR INJURY","NONE","39.10077696","-76.94146436","    (39.10077696, -76.94146436)"
"MCP209400HY","210048390","Montgomery County Police","Injury Crash","11/29/2021 10:04:00 AM","County","MANNING DR","FAIRFAX RD",,"N/A","PEDESTRIAN","OTHER","CLEAR","DRY","DAYLIGHT","NO CONTROLS","NONE DETECTED","NONE DETECTED","66028F66-64E2-4F8E-A824-5A0BDB31CE19","PEDESTRIAN","Other Working","INATTENTIVE","ON ROADWAY NOT AT CROSSWALK","Yes","SUSPECTED SERIOUS INJURY","NONE","38.97854167","-77.10245667","    (38.97854167, -77.10245667)"
"MCP2664005H","210048328","Montgomery County Police","Injury Crash","11/28/2021 07:11:00 PM","Maryland (State)","GEORGIA AVE","NORTH HIGH ST",,"N/A","PEDESTRIAN","SINGLE VEHICLE","CLEAR","DRY","DARK LIGHTS ON","NO CONTROLS","NONE DETECTED","NONE DETECTED","3432F00F-99F6-491C-9081-10D07084C64A","PEDESTRIAN","Cross/Enter at Intersection","NO IMPROPER ACTIONS","AT INTERSECTION BUT NO CROSSWALK","No","POSSIBLE INJURY","NONE","39.15130217","-77.06704267","    (39.15130217, -77.06704267)"
"MCP3199003F","210048294","Montgomery County Police","Property Damage Crash","11/28/2021 12:42:00 PM","Maryland (State)","GEORGIA AVE","JONES LA",,"N/A","PEDESTRIAN","OTHER","CLEAR","DRY","DAYLIGHT","N/A","NONE DETECTED","NONE DETECTED","12BE61DB-2460-4E6B-8C96-75A63E85CD83","PEDESTRIAN","Cross/Enter at Intersection","UNKNOWN","AT INTERSECTION BUT NO CROSSWALK","No","NO APPARENT INJURY","NONE","39.05342","-77.05069167","    (39.05342, -77.05069167)"
"DD5527003P","210048073","Rockville Police Departme","Property Damage Crash","11/26/2021 05:15:00 PM",,,,"SHELL GAS STATION OF 1911 ROCKVILLE PIKE",,"BICYCLIST","OTHER","CLEAR",,"DARK LIGHTS ON","NO CONTROLS","UNKNOWN","NONE DETECTED","0906F3DD-C93E-408E-B955-06486F2FEEB0","BICYCLIST","Other","NO IMPROPER ACTIONS","OTHER","No","NO APPARENT INJURY","NONE","39.05842351","-77.1214181","    (39.05842351, -77.1214181)"
"MCP2492001Q","210047847","Montgomery County Police","Injury Crash","11/24/2021 05:46:00 PM",,,,"PARKING LOT OF 20944 FREDERICK ROAD",,"PEDESTRIAN","OTHER","CLEAR",,"DARK LIGHTS ON","NO CONTROLS","NONE DETECTED","NONE DETECTED","DE02BBED-E3F4-4BBF-A7D0-E351DF6570E8","PEDESTRIAN","Standing","NO IMPROPER ACTIONS","OTHER","No","SUSPECTED SERIOUS INJURY","NONE","39.2030324","-77.24767385","    (39.2030324, -77.24767385)"
"MCP30450048","210047562","Montgomery County Police","Injury Crash","11/23/2021 08:56:00 AM",,,,"ON SIDEWALK (REARENTRANCE/EXIT TO 6400 DEMOCRACY BLVD- BELLS MILL RD SIDE)",,"PEDESTRIAN","OTHER","CLEAR",,"DAYLIGHT","N/A","NONE DETECTED","NONE DETECTED","44E109D0-C527-4F94-B846-AF78FF4E9FB1","PEDESTRIAN","Walking/Cycling on Sidewalk","NO IMPROPER ACTIONS","SIDEWALK","No","POSSIBLE INJURY","N/A","39.022915","-77.128295","    (39.022915, -77.128295)"
"MCP26200020","210047518","Montgomery County Police","Property Damage Crash","11/22/2021 07:55:00 PM","County","BOWIE MILL RD","OLNEY LAYTONSVILLE RD",,"N/A","OTHER CONVEYANCE","STRAIGHT MOVEMENT ANGLE","CLEAR","DRY","DARK LIGHTS ON","N/A","ALCOHOL PRESENT","NONE DETECTED","0E821833-693B-445F-8421-8B0F169D82C0","OTHER CONVEYANCE","Other","NO IMPROPER ACTIONS","SHOULDER","No","NO APPARENT INJURY","NONE","39.16098741","-77.07971736","    (39.16098741, -77.07971736)"
"DM84780019","210047061","Takoma Park Police Depart","Property Damage Crash","11/19/2021 05:00:00 PM",,,,"IN THE DRIVE WAY LOCATED AT  7129 CARROLL AVE TAKOMA PARK, MONTGOMERY COUNTY, MD",,"OTHER","SINGLE VEHICLE","N/A",,"DARK -- UNKNOWN LIGHTING","NO CONTROLS","NONE DETECTED","NONE DETECTED","4DE1725F-40F8-49E9-9CD2-DA50DBBCDCAE","OTHER","Other","OTHER","OTHER","No","NO APPARENT INJURY","NONE","38.98136667","-77.01028167","    (38.98136667, -77.01028167)"
"MCP1301001P","210046973","Montgomery County Police","Fatal Crash","11/19/2021 08:22:00 AM","Maryland (State)","GEORGIA AVE","MASON ST",,"N/A","PEDESTRIAN","SINGLE VEHICLE","CLEAR","DRY","DAYLIGHT","NO CONTROLS","NONE DETECTED","UNKNOWN","6963838A-7455-428B-B350-E82F0AF470B7","PEDESTRIAN","Cross/Enter at Intersection","NO IMPROPER ACTIONS","ON ROADWAY AT CROSSWALK","No","FATAL INJURY","N/A","39.05534","-77.05017833","    (39.05534, -77.05017833)"
"MCP29300020","210046908","Montgomery County Police","Injury Crash","11/18/2021 08:15:00 PM","County","BEL PRE RD","PARKER FARM WAY",,"N/A","PEDESTRIAN","OTHER","RAINING","WET","DARK LIGHTS ON","TRAFFIC SIGNAL","NONE DETECTED","NONE DETECTED","AF171322-9C8B-4167-B9F4-9129AD0F3997","PEDESTRIAN","Cross/Enter at Intersection","NO IMPROPER ACTIONS","AT INTERSECTION MARKED CROSSWALK","No","SUSPECTED MINOR INJURY","N/A","39.09076333","-77.048355","    (39.09076333, -77.048355)"
"DD56420029","210046901","Rockville Police Departme","Injury Crash","11/18/2021 07:13:00 PM","Municipality","MARYLAND AVE","E MIDDLE LA",,"ROCKVILLE","PEDESTRIAN","STRAIGHT MOVEMENT ANGLE","RAINING","WET","DARK LIGHTS ON","TRAFFIC SIGNAL","NONE DETECTED","NONE DETECTED","99716B2C-8BF8-4BE5-9DEC-1DA41FA94DEA","PEDESTRIAN","Cross/Enter at Intersection","NOT VISIBLE","ON ROADWAY AT CROSSWALK","No","SUSPECTED MINOR INJURY","N/A","39.08494882","-77.15093401","    (39.08494882, -77.15093401)"
"MCP2936004Q","210046892","Montgomery County Police","Injury Crash","11/18/2021 06:18:00 PM","Maryland (State)","ROCKVILLE PIKE","ENT TO MID-PIKE PLAZA",,"N/A","PEDESTRIAN","OTHER","RAINING","WET","DARK LIGHTS ON","OTHER","NONE DETECTED","NONE DETECTED","5C05F135-2832-4AA1-838F-764EADC0348D","PEDESTRIAN","Cross/Enter at Intersection","NO IMPROPER ACTIONS","ON ROADWAY AT CROSSWALK","No","SUSPECTED MINOR INJURY","N/A","39.05054007","-77.11484291","    (39.05054007, -77.11484291)"
"MCP3073005K","210046883","Montgomery County Police","Injury Crash","11/18/2021 05:47:00 PM","Maryland (State)","GEORGIA AVE","KAYSON ST",,"N/A","PEDESTRIAN","OTHER","RAINING","WET","DARK LIGHTS ON","NO CONTROLS","NONE DETECTED","UNKNOWN","7C5E0E45-A348-43F8-BB90-5197F72E01ED","PEDESTRIAN","Cross/Enter not at Intersection","IN ROADWAY IMPROPERLY","ON ROADWAY NOT AT CROSSWALK","Yes","SUSPECTED MINOR INJURY","N/A","39.07086667","-77.06342667","    (39.07086667, -77.06342667)"
"MCP28610054","210046882","Montgomery County Police","Injury Crash","11/18/2021 05:40:00 PM","County","WESTLAKE DR","LAKEVIEW DR",,"N/A","PEDESTRIAN","OTHER","CLEAR","DRY","DARK LIGHTS ON","TRAFFIC SIGNAL","NONE DETECTED","NONE DETECTED","A72065E4-569E-4275-BF79-E1D5CC806585","PEDESTRIAN","Cross/Enter at Intersection","FAILURE TO YIELD RIGHT OF WAY","ON ROADWAY AT CROSSWALK","Yes","SUSPECTED SERIOUS INJURY","NONE","39.02475333","-77.149","    (39.02475333, -77.149)"
"DM8499000P","210046856","Takoma Park Police Depart","Property Damage Crash","11/18/2021 04:00:00 PM","Maryland (State)","CARROLL AVE","FLOWER AVE",,"TAKOMA PARK","OTHER","SINGLE VEHICLE","N/A","DRY","DAYLIGHT","TRAFFIC SIGNAL","ALCOHOL CONTRIBUTED","N/A","9D07F85D-1C6C-46BD-9D7E-DE92E4C1FEF8","OTHER","N/A","N/A","SIDEWALK","No","NO APPARENT INJURY","N/A","38.98475274","-76.99849128","    (38.98475274, -76.99849128)"
"MCP30860062","210046772","Montgomery County Police","Injury Crash","11/18/2021 08:30:00 AM","County","WATKINS MILL RD","CLUB HOUSE RD",,"N/A","PEDESTRIAN","OTHER","CLEAR","DRY","DAYLIGHT","TRAFFIC SIGNAL","NONE DETECTED","NONE DETECTED","02B96D01-1174-4371-8712-620254F0FDAE","PEDESTRIAN","Cross/Enter at Intersection","IN ROADWAY IMPROPERLY","ON ROADWAY AT CROSSWALK","Yes","SUSPECTED MINOR INJURY","NONE","39.17437333","-77.20837167","    (39.17437333, -77.20837167)"
"MCP1564005X","210046762","Montgomery County Police","Property Damage Crash","11/18/2021 07:22:00 AM",,,,"PARKING LOT 18111 PRINCE PHILIP DR",,"OTHER","SINGLE VEHICLE","CLEAR",,"DAYLIGHT","NO CONTROLS","NONE DETECTED","N/A","04D48590-F1C2-4568-A1F0-B27B225536F8","OTHER","Other","N/A","OTHER","No","NO APPARENT INJURY","N/A","39.15408833","-77.05594","    (39.15408833, -77.05594)"
"MCP3051004S","210046678","Montgomery County Police","Injury Crash","11/17/2021 02:15:00 PM","County","RIDGEFIELD RD","WESTBARD AVE",,"N/A","PEDESTRIAN","OTHER","CLEAR","DRY","DAYLIGHT","OTHER","NONE DETECTED","NONE DETECTED","45D7EEF5-3903-43BA-859B-8F0D79C80159","PEDESTRIAN","Cross/Enter at Intersection","UNKNOWN","ON ROADWAY AT CROSSWALK","Unknown","SUSPECTED MINOR INJURY","NONE","38.96588667","-77.10745","    (38.96588667, -77.10745)"
"DD5644001X","210046642","Rockville Police Departme","Property Damage Crash","11/17/2021 11:15:00 AM",,,,"315 NORTH WASHINGTON STREET PARKING LOT",,"OTHER","OTHER","CLEAR",,"DAYLIGHT","NO CONTROLS","NONE DETECTED","NONE DETECTED","BCE7513D-428F-4AAB-9A22-B0746E4E218D","OTHER","N/A","NO IMPROPER ACTIONS","INSIDE BUILDING","No","NO APPARENT INJURY","N/A","39.08926376","-77.15318746","    (39.08926376, -77.15318746)"
"DM84780018","210046451","Takoma Park Police Depart","Injury Crash","11/16/2021 09:25:00 AM","Municipality","MAPLE AVE","TULIP AVE",,"TAKOMA PARK","PEDESTRIAN","OTHER","CLEAR","DRY","DAYLIGHT","NO CONTROLS","NONE DETECTED","N/A","A46CB333-E2C1-41B6-9DBB-6817337B0456","PEDESTRIAN","Other","UNKNOWN","ON ROADWAY NOT AT CROSSWALK","No","POSSIBLE INJURY","NONE","38.986255","-77.002525","    (38.986255, -77.002525)"
"MCP30100067","210046432","Montgomery County Police","Injury Crash","11/16/2021 06:29:00 AM","County","TUCKERMAN LA","GROSVENOR PL",,"N/A","PEDESTRIAN","OTHER","CLEAR","DRY","DUSK","TRAFFIC SIGNAL","N/A","N/A","6605DF0F-EF7F-45F3-B52D-4D96814BDCC8","PEDESTRIAN","Cross/Enter at Intersection","NO IMPROPER ACTIONS","ON ROADWAY AT CROSSWALK","No","SUSPECTED MINOR INJURY","NONE","39.02901167","-77.10838167","    (39.02901167, -77.10838167)"
"MCP3258001Q","210046320","Montgomery County Police","Property Damage Crash","11/15/2021 01:47:00 PM",,,,"2ND FLOOR COSTCO GARAGE AT 11160 VEIRS MILL RD",,"PEDESTRIAN","STRAIGHT MOVEMENT ANGLE","CLEAR",,"DAYLIGHT","NO CONTROLS","N/A","N/A","D1A3AE56-9B71-4944-9F17-A9A06A9267C0","PEDESTRIAN","Other","NO IMPROPER ACTIONS","OTHER","Unknown","NO APPARENT INJURY","N/A","39.03514","-77.05408167","    (39.03514, -77.05408167)"
"MCP2269001L","210046177","Montgomery County Police","Injury Crash","11/14/2021 12:45:00 PM","Municipality","WATKINS MILL RD","FREDERICK RD",,"N/A","PEDESTRIAN","STRAIGHT MOVEMENT ANGLE","CLOUDY","DRY","DAYLIGHT","TRAFFIC SIGNAL","NONE DETECTED","NONE DETECTED","BC8914FB-1090-4343-AF6A-967ED0E6D91B","PEDESTRIAN","Cross/Enter at Intersection","NO IMPROPER ACTIONS","ON ROADWAY AT CROSSWALK","No","NO APPARENT INJURY","NONE","39.15336333","-77.230685","    (39.15336333, -77.230685)"
"MCP2269001L","210046177","Montgomery County Police","Injury Crash","11/14/2021 12:45:00 PM","Municipality","WATKINS MILL RD","FREDERICK RD",,"N/A","PEDESTRIAN","STRAIGHT MOVEMENT ANGLE","CLOUDY","DRY","DAYLIGHT","TRAFFIC SIGNAL","NONE DETECTED","NONE DETECTED","36B7FB7B-0FE1-4828-8688-6E8AB438250C","PEDESTRIAN","Cross/Enter at Intersection","NO IMPROPER ACTIONS","ON ROADWAY AT CROSSWALK","No","POSSIBLE INJURY","NONE","39.15336333","-77.230685","    (39.15336333, -77.230685)"
"MCP30550038","210046054","Montgomery County Police","Injury Crash","11/13/2021 01:59:00 PM","Maryland (State)","GEORGIA AVE","BEL PRE RD",,"N/A","BICYCLIST","OTHER","CLEAR","DRY","DAYLIGHT","TRAFFIC SIGNAL","N/A","N/A","A87EE2EE-D1F7-488B-8B6C-88F69953C719","BICYCLIST","Cross/Enter at Intersection","DART DASH","ON ROADWAY NOT AT CROSSWALK","Yes","SUSPECTED MINOR INJURY","NONE","39.092965","-77.07975833","    (39.092965, -77.07975833)"
"MCP30190045","210045939","Montgomery County Police","Injury Crash","11/12/2021 05:15:00 PM",,"GRAND PARK AVENUE","PERSEI PLACE",,"N/A","PEDESTRIAN","OTHER","CLEAR","DRY","DARK LIGHTS ON","STOP SIGN","N/A","N/A","7142C2F2-1B69-44EA-8873-9FCA56077EC5","PEDESTRIAN","Other","NO IMPROPER ACTIONS","ON ROADWAY AT CROSSWALK","No","POSSIBLE INJURY","N/A","39.050075","-77.117335","    (39.050075, -77.117335)"
"MCP30190045","210045939","Montgomery County Police","Injury Crash","11/12/2021 05:15:00 PM",,"GRAND PARK AVENUE","PERSEI PLACE",,"N/A","PEDESTRIAN","OTHER","CLEAR","DRY","DARK LIGHTS ON","STOP SIGN","N/A","N/A","0A51C1A7-2D28-49A4-8D4F-072C1C11B6B1","PEDESTRIAN","N/A","NO IMPROPER ACTIONS","ON ROADWAY AT CROSSWALK","No","POSSIBLE INJURY","NONE","39.050075","-77.117335","    (39.050075, -77.117335)"
"MCP289200BL","210045907","Montgomery County Police","Injury Crash","11/12/2021 03:18:00 PM",,,,"PARKING LOT LOCATED AT 9400 GEORGIA AVENUE SILVER SPRING, MD",,"PEDESTRIAN","OTHER","CLEAR",,"DAYLIGHT","NO CONTROLS","NONE DETECTED","NONE DETECTED","CE2BFB27-2E23-4EE1-B8F8-AAE6F1BF2F4D","PEDESTRIAN","Standing","OTHER","OTHER","Unknown","POSSIBLE INJURY","NONE","39.00864833","-77.04077167","    (39.00864833, -77.04077167)"
"MCP9428003W","210045828","Montgomery County Police","Injury Crash","11/12/2021 07:47:00 AM","County","STRINGTOWN RD","NEEDLE DR",,"N/A","PEDESTRIAN","OPPOSITE DIRECTION SIDESWIPE","RAINING","WET","DAYLIGHT","NO CONTROLS","NONE DETECTED","NONE DETECTED","5080FADF-275A-493D-A32E-E7B3E3C94962","PEDESTRIAN","Other","INATTENTIVE","OTHER","Yes","SUSPECTED MINOR INJURY","REFLECTIVE CLOTHING","39.24794561","-77.25990661","    (39.24794561, -77.25990661)"
"MCP2931005N","210045627","Montgomery County Police","Injury Crash","11/10/2021 06:00:00 PM",,,,"PARKING LOT OF 11720 ROCKVILLE PIKE",,"PEDESTRIAN","OTHER","CLEAR",,"DARK -- UNKNOWN LIGHTING","STOP SIGN","NONE DETECTED","NONE DETECTED","BA69F8EC-90B3-44FE-B6B1-CBDD32CC47E5","PEDESTRIAN","Walking/Cycling on Sidewalk","NO IMPROPER ACTIONS","SIDEWALK","No","POSSIBLE INJURY","NONE","39.04888786","-77.11413205","    (39.04888786, -77.11413205)"
"MCP2805004G","210045575","Montgomery County Police","Injury Crash","11/10/2021 02:47:00 PM",,,,"PL OF COSTCO, 880 RUSSELL AVE, GAITHERSBURG, MD",,"PEDESTRIAN","SAME DIR REAR END","CLEAR",,"DAYLIGHT","N/A","NONE DETECTED","NONE DETECTED","7ECB82FD-7F96-4A4B-BD97-82E3D8277ED7","PEDESTRIAN","Standing","NOT VISIBLE","CURB","No","SUSPECTED MINOR INJURY","N/A","39.15713833","-77.214125","    (39.15713833, -77.214125)"