"Report Number","Local Case Number","Agency Name","ACRS Report Type","Crash Date/Time","Route Type","Road Name","Cross-Street Name","Off-Road Description","Municipality","Related Non-Motorist","Collision Type","Weather","Surface Condition","Light","Traffic Control","Driver Substance Abuse","Non-Motorist Substance Abuse","Person ID","Pedestrian Type","Pedestrian Movement","Pedestrian Actions","Pedestrian Location","At Fault","Injury Severity","Safety Equipment","Latitude","Longitude","Location"
"EJ7876003Y","210045443","Gaithersburg Police Depar","Injury Crash","11/09/2021 06:00:00 PM","Municipality","STORY DR","CROWN FARM DR",,"N/A","BICYCLIST","OTHER","CLEAR","DRY","DARK -- UNKNOWN LIGHTING","NO CONTROLS","NONE DETECTED","NONE DETECTED","9036A371-124E-44E4-8342-B1E225F44399","BICYCLIST","Cross/Enter at Intersection","NO IMPROPER ACTIONS","ON ROADWAY AT CROSSWALK","No","POSSIBLE INJURY","MC/BIKE HELMET","39.11586362","-77.21188477","    (39.11586362, -77.21188477)"
"MCP23480063","210045409","Montgomery County Police","Fatal Crash","11/09/2021 03:04:00 PM",,"ASBURY DRIVE","FELLOWSHIP CIRCLE",,"N/A","PEDESTRIAN","SINGLE VEHICLE","CLEAR","DRY","DAYLIGHT","STOP SIGN","NONE DETECTED","UNKNOWN","A26A5D68-AEF0-4561-9C1C-A41AA013B402","PEDESTRIAN","Cross/Enter at Intersection","IN ROADWAY IMPROPERLY","ON ROADWAY NOT AT CROSSWALK","Yes","FATAL INJURY","N/A","39.15142833","-77.19793","    (39.15142833, -77.19793)"
"MCP137800Z6","210045261","Montgomery County Police","Injury Crash","11/08/2021 05:55:00 PM","County","HEWITT AVE","GEORGIA AVE",,"N/A","PEDESTRIAN","SINGLE VEHICLE","CLEAR","DRY","DARK LIGHTS ON","TRAFFIC SIGNAL","NONE DETECTED","NONE DETECTED","222AFC0D-3DC6-4465-8C71-3D5556EF22F5","PEDESTRIAN","Cross/Enter at Intersection","UNKNOWN","ON ROADWAY AT CROSSWALK","No","POSSIBLE INJURY","NONE","39.0775901","-77.07068374","    (39.0775901, -77.07068374)"
"MCP2617009T","210045236","Montgomery County Police","Injury Crash","11/08/2021 03:00:00 PM","County","RANDOLPH RD","TIVOLI LAKE BLVD",,"N/A","PEDESTRIAN","OTHER","CLEAR","DRY","DAYLIGHT","TRAFFIC SIGNAL","NONE DETECTED","NONE DETECTED","61898023-1DBF-4B9B-82E0-913E2FA1E2BC","PEDESTRIAN","Cross/Enter at Intersection","NO IMPROPER ACTIONS","AT INTERSECTION MARKED CROSSWALK","No","POSSIBLE INJURY","NONE","39.06626375","-77.0346701","    (39.06626375, -77.0346701)"
"MCP2679003F","210045140","Montgomery County Police","Injury Crash","11/07/2021 10:40:00 PM","County","RANDOLPH RD","GEORGIA AVE",,"N/A","PEDESTRIAN","OTHER","CLEAR","DRY","DARK LIGHTS ON","TRAFFIC SIGNAL","NONE DETECTED","NONE DETECTED","DA767146-3435-4035-9125-C44A88F51F52","PEDESTRIAN","Cross/Enter at Intersection","NO IMPROPER ACTIONS","ON ROADWAY AT CROSSWALK","No","POSSIBLE INJURY","NONE","39.058255","-77.04799833","    (39.058255, -77.04799833)"
"MCP28970027","210045112","Montgomery County Police","Injury Crash","11/07/2021 03:40:00 PM","County","FOREST BROOK RD","WARING STATION RD",,"N/A","PEDESTRIAN","SINGLE VEHICLE","CLEAR","DRY","N/A","NO CONTROLS","N/A","NONE DETECTED","1E7C7B8D-B930-4E7B-A877-32903B9C045B","PEDESTRIAN","Standing","DART DASH","ON ROADWAY NOT AT CROSSWALK","Yes","SUSPECTED MINOR INJURY","N/A","39.16538064","-77.25195586","    (39.16538064, -77.25195586)"
"MCP2191003S","210044956","Montgomery County Police","Injury Crash","11/06/2021 12:38:00 PM","County","WOODGLEN DR","EXECUTIVE BLVD",,"N/A","PEDESTRIAN","STRAIGHT MOVEMENT ANGLE","CLEAR","DRY","DAYLIGHT","STOP SIGN","NONE DETECTED","NONE DETECTED","AF199CD7-1E30-4D6B-93E6-BD3397127FBD","PEDESTRIAN","Cross/Enter at Intersection","NO IMPROPER ACTIONS","ON ROADWAY AT CROSSWALK","No","SUSPECTED MINOR INJURY","N/A","39.04352105","-77.11339455","    (39.04352105, -77.11339455)"
"EJ78840035","210044861","Gaithersburg Police Depar","Injury Crash","11/05/2021 05:12:00 PM","Maryland (State)","CLOPPER RD","SPUR FR MD 124",,"N/A","PEDESTRIAN","SINGLE VEHICLE","CLEAR","DRY","DAYLIGHT","TRAFFIC SIGNAL","NONE DETECTED","NONE DETECTED","57CB4AB7-A89A-4A08-9A74-27F8006D76E6","PEDESTRIAN","Cross/Enter at Intersection","UNKNOWN","ON ROADWAY AT CROSSWALK","Unknown","POSSIBLE INJURY","NONE","39.14250693","-77.22108205","    (39.14250693, -77.22108205)"
"EJ78840035","210044861","Gaithersburg Police Depar","Injury Crash","11/05/2021 05:12:00 PM","Maryland (State)","CLOPPER RD","SPUR FR MD 124",,"N/A","PEDESTRIAN","SINGLE VEHICLE","CLEAR","DRY","DAYLIGHT","TRAFFIC SIGNAL","NONE DETECTED","N/A","11E656AA-A656-4325-879E-CD3C4A5AF621","PEDESTRIAN","Cross/Enter at Intersection","UNKNOWN","ON ROADWAY AT CROSSWALK","Unknown","NO APPARENT INJURY","NONE","39.14250693","-77.22108205","    (39.14250693, -77.22108205)"
"MCP24960033","210044781","Montgomery County Police","Injury Crash","11/05/2021 08:48:00 AM","County","PEACH LEAF DR","QUINCE MILL DR",,"N/A","PEDESTRIAN","SINGLE VEHICLE","CLEAR","DRY","DAYLIGHT","NO CONTROLS","NONE DETECTED","NONE DETECTED","9241E9AE-B75D-4926-8B6A-A2BEF00E4CB9","PEDESTRIAN","Walking/Riding w/Traffic","NO IMPROPER ACTIONS","SIDEWALK","No","POSSIBLE INJURY","NONE","39.109153","-77.250823","    (39.109153, -77.250823)"
"MCP24960033","210044781","Montgomery County Police","Injury Crash","11/05/2021 08:48:00 AM","County","PEACH LEAF DR","QUINCE MILL DR",,"N/A","PEDESTRIAN","SINGLE VEHICLE","CLEAR","DRY","DAYLIGHT","NO CONTROLS","NONE DETECTED","NONE DETECTED","3208C231-7A7F-47ED-B7C4-B7E5316F7E40","PEDESTRIAN","Walking/Riding w/Traffic","NO IMPROPER ACTIONS","SIDEWALK","No","POSSIBLE INJURY","NONE","39.109153","-77.250823","    (39.109153, -77.250823)"
"MCP3105004D","210044653","Montgomery County Police","Injury Crash","11/04/2021 12:01:00 PM","Maryland (State)","GREAT SENECA HWY","WISTERIA DR",,"N/A","PEDESTRIAN","SINGLE VEHICLE","CLEAR","DRY","DAYLIGHT","TRAFFIC SIGNAL","NONE DETECTED","UNKNOWN","2ACB0F3E-52EB-4967-A981-6500599E9A7A","PEDESTRIAN","Cross/Enter at Intersection","NO IMPROPER ACTIONS","AT INTERSECTION MARKED CROSSWALK","No","SUSPECTED SERIOUS INJURY","N/A","39.17106033","-77.26291867","    (39.17106033, -77.26291867)"
"MCP32720011","210044515","Montgomery County Police","Injury Crash","11/03/2021 01:50:00 PM","US (State)","COLESVILLE RD","TIMBERWOOD AVE",,"N/A","BICYCLIST","STRAIGHT MOVEMENT ANGLE","CLEAR","DRY","DAYLIGHT","NO CONTROLS","NONE DETECTED","NONE DETECTED","E7B88553-B590-47D2-8B08-2D959B53E9A1","BICYCLIST","Cross/Enter at Intersection","NO IMPROPER ACTIONS","ON ROADWAY AT CROSSWALK","No","POSSIBLE INJURY","NONE","39.02128133","-77.01137133","    (39.02128133, -77.01137133)"
"MCP33000010","210044444","Montgomery County Police","Injury Crash","11/03/2021 08:05:00 AM","Maryland (State)","GEORGIA AVE","SHOREFIELD RD",,"N/A","PEDESTRIAN","OTHER","CLEAR","DRY","DAYLIGHT","TRAFFIC SIGNAL","NONE DETECTED","NONE DETECTED","544531EA-BC46-44DE-BE56-938A05CD899F","PEDESTRIAN","Cross/Enter at Intersection","UNKNOWN","ON ROADWAY NOT AT CROSSWALK","No","POSSIBLE INJURY","NONE","39.05300757","-77.05085627","    (39.05300757, -77.05085627)"
"MCP2608002X","210044397","Montgomery County Police","Injury Crash","11/02/2021 08:15:00 PM","Maryland (State)","UNIVERSITY BLVD E","PINEY BRANCH RD",,"N/A","PEDESTRIAN","SINGLE VEHICLE","RAINING","WET","DARK LIGHTS ON","TRAFFIC SIGNAL","NONE DETECTED","NONE DETECTED","4114B3ED-B84B-48D2-80BC-5F132B9F6608","PEDESTRIAN","Cross/Enter at Intersection","NO IMPROPER ACTIONS","ON ROADWAY AT CROSSWALK","No","POSSIBLE INJURY","N/A","39.00010833","-76.995005","    (39.00010833, -76.995005)"
"MCP2608002X","210044397","Montgomery County Police","Injury Crash","11/02/2021 08:15:00 PM","Maryland (State)","UNIVERSITY BLVD E","PINEY BRANCH RD",,"N/A","PEDESTRIAN","SINGLE VEHICLE","RAINING","WET","DARK LIGHTS ON","TRAFFIC SIGNAL","NONE DETECTED","NONE DETECTED","FBB0AA8A-ABBD-447F-B57C-5379F6260F43","PEDESTRIAN","Cross/Enter at Intersection","NO IMPROPER ACTIONS","ON ROADWAY AT CROSSWALK","No","POSSIBLE INJURY","N/A","39.00010833","-76.995005","    (39.00010833, -76.995005)"
"MCP2353009H","210044239","Montgomery County Police","Injury Crash","11/02/2021 08:51:00 AM","County","CHESTNUT ST","TILBURY ST",,"N/A","OTHER CONVEYANCE","SINGLE VEHICLE","CLOUDY","DRY","DAYLIGHT","OTHER","NONE DETECTED","NONE DETECTED","8C8FB770-6800-440D-B8E8-708ADF6C8A6B","OTHER CONVEYANCE","Cross/Enter at Intersection","FAILURE TO YIELD RIGHT OF WAY","ON ROADWAY AT CROSSWALK","Yes","SUSPECTED MINOR INJURY","MC/BIKE HELMET","38.99348254","-77.09284703","    (38.99348254, -77.09284703)"
"MCP2667007M","210044237","Montgomery County Police","Property Damage Crash","11/02/2021 08:39:00 AM","County","CONTOUR RD","HORIZON RUN RD",,"N/A","PEDESTRIAN","SINGLE VEHICLE","CLOUDY","WET","DAYLIGHT","NO CONTROLS","NONE DETECTED","NONE DETECTED","A02BAA0F-C068-4D63-964C-27A06D1EC99D","PEDESTRIAN","Cross/Enter at Intersection","NO IMPROPER ACTIONS","ON ROADWAY AT CROSSWALK","No","NO APPARENT INJURY","NONE","39.15582984","-77.1988261","    (39.15582984, -77.1988261)"
"MCP23990052","210044183","Montgomery County Police","Injury Crash","11/01/2021 07:37:00 PM","County","ROTHBURY DR","ARROWHEAD RD",,"N/A","PEDESTRIAN","OTHER","CLEAR","DRY","DARK NO LIGHTS","STOP SIGN","NONE DETECTED","NONE DETECTED","BCF15EBB-B84D-42BC-8FFE-452829B9B7E2","PEDESTRIAN","Cross/Enter at Intersection","NO IMPROPER ACTIONS","ON ROADWAY AT CROSSWALK","No","SUSPECTED MINOR INJURY","NONE","39.185115","-77.19390333","    (39.185115, -77.19390333)"
"MCP263900D6","210044096","Montgomery County Police","Injury Crash","11/01/2021 01:59:00 PM","Maryland (State)","LAYTONSVILLE RD","SUNDOWN RD",,"N/A","PEDESTRIAN","SAME DIRECTION SIDESWIPE","CLEAR","DRY","DAYLIGHT","PERSON","NONE DETECTED","NONE DETECTED","C8E25C34-B0F5-4010-8CCE-A84FCC2BEC9D","PEDESTRIAN","Standing","DART DASH","OTHER","No","POSSIBLE INJURY","REFLECTIVE CLOTHING","39.21172","-77.14255833","    (39.21172, -77.14255833)"
"MCP23580091","210044083","Montgomery County Police","Injury Crash","11/01/2021 12:58:00 PM","County","CARDIGAN RD","HOWELL RD",,"N/A","PEDESTRIAN","OTHER","CLEAR","DRY","DAYLIGHT","NO CONTROLS","UNKNOWN","NONE DETECTED","01343941-E94C-4BB2-8FD6-71781D7729C2","PEDESTRIAN","Walking/Riding against Traffic","NO IMPROPER ACTIONS","CURB","No","POSSIBLE INJURY","NONE","38.9965955","-77.1335605","    (38.9965955, -77.1335605)"
"MCP94420028","210044027","Montgomery County Police","Injury Crash","11/01/2021 07:00:00 AM","County","EAST VILLAGE AVE","WELBECK WAY",,"N/A","PEDESTRIAN","OTHER","CLEAR","DRY","DAWN","OTHER","NONE DETECTED","NONE DETECTED","57724B36-D1DA-4B15-A15F-D4C2F70F5E10","PEDESTRIAN","Cross/Enter at Intersection","NO IMPROPER ACTIONS","ON ROADWAY AT CROSSWALK","No","SUSPECTED MINOR INJURY","N/A","39.18806833","-77.180635","    (39.18806833, -77.180635)"
"MCP3078004B","210043992","Montgomery County Police","Injury Crash","10/31/2021 08:08:00 PM",,,,"109 HEIL ROAD",,"PEDESTRIAN","N/A","CLEAR",,"DARK NO LIGHTS","NO CONTROLS","NONE DETECTED","NONE DETECTED","68513824-C7E6-4E22-895D-778A21961867","PEDESTRIAN","Standing","NO IMPROPER ACTIONS","OTHER","No","POSSIBLE INJURY","NONE","39.09790333","-77.00586833","    (39.09790333, -77.00586833)"
"MCP32320027","210043862","Montgomery County Police","Injury Crash","10/30/2021 05:28:00 PM","Maryland (State)","OLNEY SANDY SPRING RD","VILLAGE CENTER DR",,"N/A","PEDESTRIAN","OTHER","CLEAR","DRY","DAYLIGHT","TRAFFIC SIGNAL","NONE DETECTED","NONE DETECTED","5416F9B7-70C8-42D1-B45A-FD789E9EBCF5","PEDESTRIAN","Cross/Enter at Intersection","NO IMPROPER ACTIONS","AT INTERSECTION MARKED CROSSWALK","No","POSSIBLE INJURY","N/A","39.15154033","-77.0651425","    (39.15154033, -77.0651425)"
"MCP137800Z3","210043711","Montgomery County Police","Injury Crash","10/29/2021 04:06:00 PM",,,,"PARKING LOT OF 12611B WISTERIA DR",,"OTHER","SINGLE VEHICLE","RAINING",,"DAYLIGHT","NO CONTROLS","NONE DETECTED","NONE DETECTED","977A4758-8D85-41CF-968F-D014CC94C6F6","OTHER","Other","OTHER","OTHER","Yes","POSSIBLE INJURY","N/A","39.17071333","-77.26153333","    (39.17071333, -77.26153333)"
"MCP2992003F","210043579","Montgomery County Police","Injury Crash","10/28/2021 07:12:00 PM","Maryland (State)","GEORGIA AVE","COLESVILLE RD",,"N/A","PEDESTRIAN","OTHER","N/A","DRY","DARK LIGHTS ON","TRAFFIC SIGNAL","N/A","N/A","791F69D6-2A56-45C3-9729-883684FD5DE7","PEDESTRIAN","Cross/Enter at Intersection","NO IMPROPER ACTIONS","N/A","No","SUSPECTED MINOR INJURY","N/A","39.07758667","-77.07069269","    (39.07758667, -77.07069269)"
"EJ7890000N","210043582","Gaithersburg Police Depar","Injury Crash","10/28/2021 07:09:00 PM","Maryland (State)","FREDERICK RD","TRAVIS AVE",,"GAITHERSBURG","OTHER","SAME DIR REAR END","CLEAR","DRY","DARK LIGHTS ON","NO CONTROLS","NONE DETECTED","NONE DETECTED","A9B33CE0-D050-4B20-8753-EAB1A2796EC2","OTHER","Standing","DISABLED VEHICLE RELATED","ON ROADWAY NOT AT CROSSWALK","No","SUSPECTED SERIOUS INJURY","N/A","39.16083498","-77.22127842","    (39.16083498, -77.22127842)"
"DM84780014","210043560","Takoma Park Police Depart","Property Damage Crash","10/28/2021 04:44:00 PM","Municipality","MAPLE AVE","LEE AVE",,"TAKOMA PARK","BICYCLIST","OTHER","N/A","DRY","DAYLIGHT","NO CONTROLS","UNKNOWN","NONE DETECTED","E3D9461D-2423-410F-90F3-026F0D754FC5","BICYCLIST","Walking/Riding w/Traffic","NO IMPROPER ACTIONS","ON ROADWAY AT CROSSWALK","No","NO APPARENT INJURY","NONE","38.98144667","-77.010315","    (38.98144667, -77.010315)"
"MCP3068003J","210043378","Montgomery County Police","Injury Crash","10/27/2021 04:10:00 PM","County","MACARTHUR BLVD","CONNECTOR RD",,"N/A","BICYCLIST","ANGLE MEETS RIGHT TURN","CLEAR","DRY","DAYLIGHT","TRAFFIC SIGNAL","N/A","N/A","DDA39D39-AAB0-4303-A7B4-736CC0C32131","BICYCLIST","Cross/Enter at Intersection","FAILURE TO OBEY TRAFFIC SIGNS SIGNALS OR OFFICER","AT INTERSECTION MARKED CROSSWALK","Yes","SUSPECTED SERIOUS INJURY","MC/BIKE HELMET","38.96442","-77.136085","    (38.96442, -77.136085)"
"EJ7886000T","210043401","Gaithersburg Police Depar","Injury Crash","10/27/2021 02:30:00 PM",,,,"87 BUREAU DRIVE, GAITHERSBURG, MD 20878",,"OTHER","OTHER","CLEAR",,"DAYLIGHT","N/A","N/A","N/A","45108DE0-CAB1-4206-A943-EE2FE9BA9960","OTHER","Push/Work on Vehicle","N/A","N/A","No","POSSIBLE INJURY","REFLECTIVE CLOTHING","39.14430513","-77.21514398","    (39.14430513, -77.21514398)"
"MCP27830044","210043191","Montgomery County Police","Injury Crash","10/27/2021 07:01:00 AM","County","RANDOLPH RD","COLIE DR",,"N/A","PEDESTRIAN","OTHER","CLEAR","DRY","N/A","OTHER","N/A","N/A","D707230B-B6D4-4A31-9589-5F8ABCE6755D","PEDESTRIAN","Cross/Enter at Intersection","NO IMPROPER ACTIONS","ON ROADWAY AT CROSSWALK","No","POSSIBLE INJURY","N/A","39.05750968","-77.08004686","    (39.05750968, -77.08004686)"
"MCP3196002K","210043008","Montgomery County Police","Injury Crash","10/25/2021 03:30:00 PM",,,,"12922 MIDDLEBROOK ROAD, GERMANTOWN, MD 20874 (DSW) PARKING LOT AREA",,"OTHER","HEAD ON LEFT TURN","CLEAR",,"N/A","TRAFFIC SIGNAL","N/A","N/A","B76346F8-4A5B-443F-A330-25B746EC0EF2","OTHER","N/A","OTHER","ON ROADWAY NOT AT CROSSWALK","Yes","SUSPECTED MINOR INJURY","N/A","39.17992133","-77.26920583","    (39.17992133, -77.26920583)"
"MCP3161003C","210042969","Montgomery County Police","Injury Crash","10/25/2021 03:03:00 PM","Maryland (State)","ROCKVILLE PIKE","CEDAR LA",,"N/A","PEDESTRIAN","SINGLE VEHICLE","CLEAR","DRY","DAYLIGHT","NO CONTROLS","NONE DETECTED","NONE DETECTED","8B35DAE4-7417-4A97-8807-1DE8C94C9404","PEDESTRIAN","Cross/Enter not at Intersection","IN ROADWAY IMPROPERLY","ON ROADWAY NOT AT CROSSWALK","Yes","SUSPECTED SERIOUS INJURY","NONE","38.99746667","-77.10965833","    (38.99746667, -77.10965833)"
"MCP2260002M","210042933","Montgomery County Police","Property Damage Crash","10/25/2021 01:00:00 PM",,,,"PARKING LOT OF GIANT AT 3860 INTERNATIONAL DRIVE",,"PEDESTRIAN","OTHER","N/A",,"DAYLIGHT","N/A","N/A","N/A","EEC9ECFF-8B6E-45FE-B672-2D276169E20A","PEDESTRIAN","Other","NO IMPROPER ACTIONS","OTHER","No","NO APPARENT INJURY","N/A","39.10162167","-77.07585333","    (39.10162167, -77.07585333)"
"HA2393000C","21002051","Maryland-National Capital","Injury Crash","10/24/2021 05:15:00 PM","County","SHOREFIELD RD","PARK ROAD WHEATON REGIONAL PARK",,"N/A","PEDESTRIAN","N/A","CLEAR","DRY","DAYLIGHT","NO CONTROLS","UNKNOWN","N/A","E42D7C81-CE58-48B2-9962-B034848C515B","PEDESTRIAN","Cross/Enter at Intersection","NO IMPROPER ACTIONS","ON ROADWAY AT CROSSWALK","Unknown","POSSIBLE INJURY","NONE","39.05310777","-77.04469202","    (39.05310777, -77.04469202)"
"MCP2927003Z","210042678","Montgomery County Police","Injury Crash","10/23/2021 12:00:00 PM",,,,"PARKING LOT OF 104 SCHUYLER ROAD",,"PEDESTRIAN","OTHER","N/A",,"DAYLIGHT","NO CONTROLS","UNKNOWN","NONE DETECTED","50D3FB8F-4CF5-464D-8B41-8DBC6C3F5830","PEDESTRIAN","Cross/Enter at Intersection","UNKNOWN","AT INTERSECTION BUT NO CROSSWALK","Unknown","SUSPECTED MINOR INJURY","N/A","39.00277261","-77.01248136","    (39.00277261, -77.01248136)"
"MCP3263001H","210042562","Montgomery County Police","Injury Crash","10/22/2021 05:04:00 PM","County","HIGHLAND AVE","TILBURY ST",,"N/A","PEDESTRIAN","OTHER","CLEAR","DRY","DARK LIGHTS ON","STOP SIGN","NONE DETECTED","NONE DETECTED","6276A9E3-5C13-44B7-9B96-1195BBE0665E","PEDESTRIAN","Cross/Enter at Intersection","NO IMPROPER ACTIONS","ON ROADWAY AT CROSSWALK","No","SUSPECTED MINOR INJURY","NONE","38.99110833","-77.09392833","    (38.99110833, -77.09392833)"
"MCP3271001G","210042535","Montgomery County Police","Injury Crash","10/22/2021 04:30:00 PM","Maryland (State)","WISCONSIN AVE","CORDELL AVE",,"N/A","BICYCLIST","SINGLE VEHICLE","CLEAR","DRY","DAYLIGHT","TRAFFIC SIGNAL","NONE DETECTED","NONE DETECTED","AC0D7082-0C84-4E53-97F3-05BD35BF9AF6","BICYCLIST","Cross/Enter at Intersection","NO IMPROPER ACTIONS","AT INTERSECTION MARKED CROSSWALK","No","POSSIBLE INJURY","NONE","38.99102878","-77.09559958","    (38.99102878, -77.09559958)"
"MCP285900BH","210042466","Montgomery County Police","Injury Crash","10/22/2021 10:50:00 AM",,,,"PARKING LOT 297 MUDDY BRANCH RD, GAITHERSBURG, MD 20878",,"PEDESTRIAN","OTHER","CLEAR",,"DAYLIGHT","NO CONTROLS","NONE DETECTED","NONE DETECTED","EDE3D255-AAA9-4CB5-9605-82166253EF9E","PEDESTRIAN","Other","NO IMPROPER ACTIONS","OTHER","No","POSSIBLE INJURY","NONE","39.12745","-77.20826167","    (39.12745, -77.20826167)"
"MCP1086000B","210042474","Montgomery County Police","Injury Crash","10/22/2021 07:30:00 AM","County","RICHTER FARM RD","MOLASSES RUN DR",,"N/A","BICYCLIST","OTHER","N/A","DRY","DAYLIGHT","STOP SIGN","NONE DETECTED","N/A","CC1A6065-745D-4B78-8FA5-5AE9EBF1E02E","BICYCLIST","Walking/Cycling on Sidewalk","INATTENTIVE","SIDEWALK","Yes","SUSPECTED MINOR INJURY","NONE","39.15318326","-77.28550537","    (39.15318326, -77.28550537)"
"MCP3192002F","210042406","Montgomery County Police","Injury Crash","10/21/2021 09:09:00 PM",,,,"IN PARKING LOT OF 2102 RANDOLPH RD",,"PEDESTRIAN","SINGLE VEHICLE","CLEAR",,"DARK LIGHTS ON","NO CONTROLS","UNKNOWN","NONE DETECTED","F7A14958-D0DB-4DDE-B352-AA2472488F2C","PEDESTRIAN","Other","NO IMPROPER ACTIONS","OTHER","No","POSSIBLE INJURY","NONE","39.05974367","-77.04569667","    (39.05974367, -77.04569667)"
"EJ7809002R","210042155","Gaithersburg Police Depar","Injury Crash","10/20/2021 02:19:00 PM",,,,"842 MUDDY BRANCH RD. (GIANT FOOD PARKING LOT) GAITHERSBURG, MD. 20878",,"PEDESTRIAN","OTHER","CLEAR",,"DAYLIGHT","NO CONTROLS","NONE DETECTED","NONE DETECTED","E8588356-A497-493D-951C-628DE63774ED","PEDESTRIAN","N/A","NO IMPROPER ACTIONS","OTHER","No","SUSPECTED MINOR INJURY","N/A","39.11471596","-77.21704388","    (39.11471596, -77.21704388)"
"MCP3192002D","210042051","Montgomery County Police","Injury Crash","10/19/2021 08:05:00 PM","County","GLENHAVEN PKWY","ALBERTI DR",,"N/A","OTHER PEDALCYCLIST","SINGLE VEHICLE","CLEAR","DRY","DARK LIGHTS ON","STOP SIGN","NONE DETECTED","NONE DETECTED","EC486484-68EB-4F34-941F-FD3F15D56627","OTHER PEDALCYCLIST","Other","IN ROADWAY IMPROPERLY","ON ROADWAY NOT AT CROSSWALK","Yes","SUSPECTED MINOR INJURY","NONE","39.034687","-77.04074217","    (39.034687, -77.04074217)"
"MCP271700W5","210041996","Montgomery County Police","Property Damage Crash","10/19/2021 03:15:00 PM","US (State)","COLUMBIA PIKE","TECH RD",,"N/A","PEDESTRIAN","OTHER","CLEAR","DRY","DAYLIGHT","TRAFFIC SIGNAL","NONE DETECTED","NONE DETECTED","3B6D1BE4-C94E-4058-B9FB-EC43E11A1FC0","PEDESTRIAN","Cross/Enter at Intersection","NO IMPROPER ACTIONS","ON ROADWAY AT CROSSWALK","No","NO APPARENT INJURY","NONE","39.05789533","-76.96816317","    (39.05789533, -76.96816317)"
"MCP263900D0","210041923","Montgomery County Police","Injury Crash","10/19/2021 07:40:00 AM",,"SNOWDEN FARM PKWY","SWEETSPIRE DR",,"N/A","BICYCLIST","STRAIGHT MOVEMENT ANGLE","CLEAR","DRY","DAYLIGHT","N/A","NONE DETECTED","NONE DETECTED","08591482-AE4C-4E70-91E7-3FA870F0BA44","BICYCLIST","Cross/Enter at Intersection","DART DASH","AT INTERSECTION MARKED CROSSWALK","Yes","POSSIBLE INJURY","MC/BIKE HELMET","39.226935","-77.24847833","    (39.226935, -77.24847833)"
"MCP32680017","210041737","Montgomery County Police","Injury Crash","10/18/2021 06:32:00 AM","County","BROADBIRCH DR","TECH RD",,"N/A","PEDESTRIAN","N/A","N/A","DRY","DARK LIGHTS ON","STOP SIGN","N/A","N/A","0E2C2542-D181-4A58-8E53-451452AC9238","PEDESTRIAN","Cross/Enter at Intersection","NO IMPROPER ACTIONS","SIDEWALK","No","POSSIBLE INJURY","N/A","39.05594117","-76.96627683","    (39.05594117, -76.96627683)"
"MCP26120048","210041716","Montgomery County Police","Injury Crash","10/17/2021 08:48:00 PM","County","RIPPLING BROOK DR","BEL PRE RD",,"N/A","BICYCLIST","OTHER","CLEAR","DRY","DARK LIGHTS ON","STOP SIGN","NONE DETECTED","NONE DETECTED","A4FADE77-C494-4BD0-AE22-B7CB0F300F55","BICYCLIST","Cross/Enter at Intersection","UNKNOWN","ON ROADWAY AT CROSSWALK","Yes","POSSIBLE INJURY","NONE","39.090145","-77.05401167","    (39.090145, -77.05401167)"
"MCP32560012","210041574","Montgomery County Police","Injury Crash","10/16/2021 07:49:00 PM",,,,"BACK LOADING DOCK AREA OF 11221 NEW HAMPSHIRE AVENUE, SILVER SPRING, MARYLAND 20904.",,"PEDESTRIAN","SINGLE VEHICLE","CLEAR",,"DARK NO LIGHTS","NO CONTROLS","NONE DETECTED","NONE DETECTED","8AAE149C-0A21-4A9A-8DB3-DAF29123B793","PEDESTRIAN","Other","INATTENTIVE","OTHER","Yes","SUSPECTED SERIOUS INJURY","NONE","39.04042549","-76.98952744","    (39.04042549, -76.98952744)"
"MCP3299000V","210041546","Montgomery County Police","Injury Crash","10/16/2021 03:39:00 PM",,,,"11160 VEIRS MILL ROAD. COSTCO/TARGET PARKING LOT.",,"PEDESTRIAN","OTHER","RAINING",,"DAYLIGHT","NO CONTROLS","NONE DETECTED","NONE DETECTED","97E52A8A-5E6D-4ABD-9208-5627D8CA3BEC","PEDESTRIAN","Cross/Enter not at Intersection","INATTENTIVE","OTHER","Yes","POSSIBLE INJURY","NONE","39.03576029","-77.05606393","    (39.03576029, -77.05606393)"
"MCP3282000X","210041460","Montgomery County Police","Injury Crash","10/15/2021 10:47:00 PM","Maryland (State)","GREAT SENECA HWY","WISTERIA DR",,"N/A","PEDESTRIAN","OTHER","CLEAR","DRY","DARK LIGHTS ON","TRAFFIC SIGNAL","UNKNOWN","NONE DETECTED","DF2997B9-7251-433E-BE6E-A880E6BC306B","PEDESTRIAN","Walking/Riding against Traffic","FAILURE TO OBEY TRAFFIC SIGNS SIGNALS OR OFFICER","AT INTERSECTION BUT NO CROSSWALK","Yes","SUSPECTED MINOR INJURY","NONE","39.1710268","-77.26262616","    (39.1710268, -77.26262616)"
"MCP271700W4","210041405","Montgomery County Police","Injury Crash","10/15/2021 05:20:00 PM","Maryland (State)","ROCKVILLE PIKE","ROLLINS AVE",,"ROCKVILLE","PEDESTRIAN","OTHER","CLEAR","DRY","DAYLIGHT","STOP SIGN","UNKNOWN","NONE DETECTED","C6066F36-D1E6-4E74-A68F-33FEF42C5338","PEDESTRIAN","Other","NO IMPROPER ACTIONS","OTHER","No","SUSPECTED MINOR INJURY","NONE","39.0596305","-77.12240167","    (39.0596305, -77.12240167)"
"EJ7884002Z","210041391","Gaithersburg Police Depar","Injury Crash","10/15/2021 04:32:00 PM","Maryland (State)","CLOPPER RD","W WATKINS MILL RD",,"GAITHERSBURG","PEDESTRIAN","OTHER","CLEAR","DRY","DAYLIGHT","TRAFFIC SIGNAL","N/A","NONE DETECTED","CD379948-DD29-4BB6-B015-85146CF2EC6F","PEDESTRIAN","Cross/Enter at Intersection","IN ROADWAY IMPROPERLY","CURB","Yes","SUSPECTED MINOR INJURY","NONE","39.14769317","-77.23312198","    (39.14769317, -77.23312198)"
"MCP3220001H","210041390","Montgomery County Police","Property Damage Crash","10/15/2021 04:11:00 PM","County","HOLLINGSWORTH DR","HOLLINGSWORTH TERR",,"N/A","MACHINE OPERATOR/RIDER","STRAIGHT MOVEMENT ANGLE","N/A","DRY","DAYLIGHT","NO CONTROLS","NONE DETECTED","NONE DETECTED","11E5FF05-4D5E-4E3C-BE53-B83033773569","MACHINE OPERATOR/RIDER","Push/Work on Vehicle","INATTENTIVE","OTHER","Yes","NO APPARENT INJURY","N/A","39.15200617","-77.13448917","    (39.15200617, -77.13448917)"