"Report Number","Local Case Number","Agency Name","ACRS Report Type","Crash Date/Time","Route Type","Road Name","Cross-Street Name","Off-Road Description","Municipality","Related Non-Motorist","Collision Type","Weather","Surface Condition","Light","Traffic Control","Driver Substance Abuse","Non-Motorist Substance Abuse","Person ID","Pedestrian Type","Pedestrian Movement","Pedestrian Actions","Pedestrian Location","At Fault","Injury Severity","Safety Equipment","Latitude","Longitude","Location"
"MCP3268000X","210022095","Montgomery County Police","Injury Crash","06/10/2021 10:17:00 AM","Maryland (State)","NEW HAMPSHIRE AVE","LOCKWOOD DR",,"N/A","OTHER","STRAIGHT MOVEMENT ANGLE","N/A","DRY","DAYLIGHT","N/A","N/A","NONE DETECTED","03CE9803-DCB5-4F31-9806-A1E5951CFCA1","OTHER","Cross/Enter at Intersection","FAILURE TO OBEY TRAFFIC SIGNS SIGNALS OR OFFICER","MEDIAN","Yes","SUSPECTED SERIOUS INJURY","N/A","39.03978967","-76.99066067","    (39.03978967, -76.99066067)"
"MCP271700VD","210021992","Montgomery County Police","Injury Crash","06/09/2021 05:00:00 PM","County","CHARLCOTE RD","MOORLAND LA",,"N/A","OTHER CONVEYANCE","OTHER","CLEAR","DRY","DAYLIGHT","NO CONTROLS","NONE DETECTED","NONE DETECTED","975B4082-8BE7-4B51-939D-130394720717","OTHER CONVEYANCE","Walking/Riding w/Traffic","NO IMPROPER ACTIONS","ON ROADWAY NOT AT CROSSWALK","No","SUSPECTED SERIOUS INJURY","MC/BIKE HELMET","38.992773","-77.1120785","    (38.992773, -77.1120785)"
"EJ7873003Y","210021964","Gaithersburg Police Depar","Property Damage Crash","06/09/2021 02:15:00 PM","Municipality","FEATHERSTONE ST","BRIGHT MEADOW DR",,"GAITHERSBURG","BICYCLIST","OTHER","CLEAR","DRY","DAYLIGHT","YIELD SIGN","UNKNOWN","NONE DETECTED","EC126DDF-47F4-4111-A3E8-07A1D392E8AB","BICYCLIST","Walking/Riding w/Traffic","NO IMPROPER ACTIONS","ON ROADWAY NOT AT CROSSWALK","No","NO APPARENT INJURY","MC/BIKE HELMET","39.11583933","-77.22935888","    (39.11583933, -77.22935888)"
"MCP3037003H","210021829","Montgomery County Police","Injury Crash","06/08/2021 04:17:00 PM",,"YORK MILL LANE","HAVENWORTH LANE",,"N/A","BICYCLIST","STRAIGHT MOVEMENT ANGLE","CLEAR","DRY","DAYLIGHT","NO CONTROLS","NONE DETECTED","NONE DETECTED","CA971408-4A1A-482B-898F-61AEEDAD3543","BICYCLIST","Cross/Enter not at Intersection","INATTENTIVE","N/A","Yes","SUSPECTED MINOR INJURY","NONE","39.22041904","-77.26438831","    (39.22041904, -77.26438831)"
"MCP243600CM","210021739","Montgomery County Police","Injury Crash","06/08/2021 07:30:00 AM","US (State)","COLUMBIA PIKE","ENT TO BURNT MILLS SHOPPING CENTER",,"N/A","PEDESTRIAN","SINGLE VEHICLE","CLEAR","DRY","DAYLIGHT","STOP SIGN","NONE DETECTED","NONE DETECTED","2284F3AD-1EEE-4DA5-A3B2-E59FF816D89A","PEDESTRIAN","Cross/Enter at Intersection","NO IMPROPER ACTIONS","AT INTERSECTION MARKED CROSSWALK","No","SUSPECTED MINOR INJURY","NONE","39.03182785","-77.00408697","    (39.03182785, -77.00408697)"
"MCP15650043","210021667","Montgomery County Police","Injury Crash","06/07/2021 04:46:00 PM",,,,"PARKING LOT OF 13490 NEW HAMPSHIRE AVE, GIANT FOODS",,"PEDESTRIAN","OTHER","CLEAR",,"DAYLIGHT","NO CONTROLS","NONE DETECTED","NONE DETECTED","09EB89CE-53A7-4927-971B-ECB35D0A5620","PEDESTRIAN","Other","NO IMPROPER ACTIONS","ON ROADWAY AT CROSSWALK","No","SUSPECTED MINOR INJURY","N/A","39.07677167","-77.00365167","    (39.07677167, -77.00365167)"
"MCP115100CK","210021599","Montgomery County Police","Injury Crash","06/07/2021 11:25:00 AM",,,,"PARKING LOT AREA OF 12301 MIDDLEBROOK ROAD",,"PEDESTRIAN","OTHER","CLEAR",,"DAYLIGHT","NO CONTROLS","NONE DETECTED","NONE DETECTED","F2C47FBA-2DBC-482C-8A5D-B82A42238FD9","PEDESTRIAN","Other","UNKNOWN","OTHER","Unknown","POSSIBLE INJURY","N/A","39.17573333","-77.25416333","    (39.17573333, -77.25416333)"
"MCP2432000F","210021556","Montgomery County Police","Injury Crash","06/07/2021 05:09:00 AM","Maryland (State)","MIDCOUNTY HWY","GOSHEN RD",,"N/A","PEDESTRIAN","SINGLE VEHICLE","CLEAR","DRY","DARK NO LIGHTS","NO CONTROLS","NONE DETECTED","NONE DETECTED","AE927132-6400-48A4-8636-D26F0EB1C96D","PEDESTRIAN","Walking/Riding w/Traffic","IN ROADWAY IMPROPERLY","SHOULDER","Yes","SUSPECTED MINOR INJURY","NONE","39.15740667","-77.18790667","    (39.15740667, -77.18790667)"
"DM8497000P","210021540","Takoma Park Police Depart","Injury Crash","06/06/2021 09:10:00 PM",,,,"PARKING LOT AT TAKOMA LANGLEY CROSSROADS",,"PEDESTRIAN","OTHER","CLEAR",,"DARK LIGHTS ON","N/A","N/A","N/A","C5C68526-6EB3-4108-873D-D0C57F28A3DB","PEDESTRIAN","Cross/Enter at Intersection","DART DASH","OTHER","Yes","SUSPECTED MINOR INJURY","N/A","38.98874631","-76.98905776","    (38.98874631, -76.98905776)"
"MCP2761002R","210021311","Montgomery County Police","Injury Crash","06/05/2021 02:00:00 AM",,,,"PARKING LOT IN FRONT OF 19041 STEDWICK DRIVE",,"PEDESTRIAN","STRAIGHT MOVEMENT ANGLE","CLEAR",,"DARK LIGHTS ON","NO CONTROLS","N/A","NONE DETECTED","B77D4543-FDEA-4A26-980D-D8BF00030EBE","PEDESTRIAN","Other","NO IMPROPER ACTIONS","ON ROADWAY NOT AT CROSSWALK","No","POSSIBLE INJURY","N/A","39.16933281","-77.2117296","    (39.16933281, -77.2117296)"
"DD5637002J","210021285","Rockville Police Departme","Injury Crash","06/04/2021 09:08:00 PM","Maryland (State)","FREDERICK RD","ENT TO SHADY GROVE METRO STATION",,"N/A","PEDESTRIAN","OTHER","CLEAR","DRY","DARK LIGHTS ON","TRAFFIC SIGNAL","NONE DETECTED","NONE DETECTED","00629468-FF2E-4FE5-8721-020A876CE3E8","PEDESTRIAN","Cross/Enter at Intersection","NO IMPROPER ACTIONS","AT INTERSECTION MARKED CROSSWALK","No","SUSPECTED MINOR INJURY","NONE","39.11735454","-77.16884108","    (39.11735454, -77.16884108)"
"MCP32710012","210021108","Montgomery County Police","Injury Crash","06/03/2021 05:28:00 PM","Maryland (State)","OLD GEORGETOWN RD","LINCOLN ST",,"N/A","BICYCLIST","SINGLE VEHICLE","CLOUDY","DRY","DAYLIGHT","TRAFFIC SIGNAL","NONE DETECTED","NONE DETECTED","8405D411-1EF6-4AE6-9184-2CBD43E7E8AE","BICYCLIST","Walking/Cycling on Sidewalk","NO IMPROPER ACTIONS","ON ROADWAY AT CROSSWALK","No","POSSIBLE INJURY","NONE","38.99831547","-77.10916162","    (38.99831547, -77.10916162)"
"MCP263900C8","210021006","Montgomery County Police","Injury Crash","06/03/2021 08:21:00 AM","Maryland (State)","GEORGIA AVE","GEORGIAN WAY",,"N/A","BICYCLIST","STRAIGHT MOVEMENT ANGLE","CLOUDY","WET","DAYLIGHT","NO CONTROLS","NONE DETECTED","NONE DETECTED","55DC5794-CEC4-4FCF-B5B0-DBC19A429BCA","BICYCLIST","Walking/Cycling on Sidewalk","NO IMPROPER ACTIONS","SIDEWALK","No","POSSIBLE INJURY","NONE","39.05428667","-77.05048833","    (39.05428667, -77.05048833)"
"MCP32400023","210020989","Montgomery County Police","Injury Crash","06/02/2021 09:25:00 PM",,,,"PARKING LOT OF 1 OBSERVATION CT",,"PEDESTRIAN","OTHER","CLEAR",,"DARK LIGHTS ON","NO CONTROLS","N/A","N/A","5A1DBE8B-F345-4D5A-9D70-A4C25E60AD77","PEDESTRIAN","Other","OTHER","OTHER","Unknown","POSSIBLE INJURY","NONE","39.19215117","-77.24754972","    (39.19215117, -77.24754972)"
"MCP32470017","210020613","Montgomery County Police","Injury Crash","05/31/2021 03:11:00 PM","US (State)","COLESVILLE RD","FENTON ST",,"N/A","PEDESTRIAN","SINGLE VEHICLE","CLEAR","DRY","DAYLIGHT","TRAFFIC SIGNAL","NONE DETECTED","NONE DETECTED","3F5DE650-6434-4A74-ADA5-29C380C0D8B5","PEDESTRIAN","Cross/Enter not at Intersection","FAILURE TO OBEY TRAFFIC SIGNS SIGNALS OR OFFICER","ON ROADWAY NOT AT CROSSWALK","Yes","SUSPECTED MINOR INJURY","NONE","38.99741059","-77.02707101","    (38.99741059, -77.02707101)"
"MCP27830043","210020523","Montgomery County Police","Injury Crash","05/30/2021 08:00:00 PM","County","LIVINGSTON ST","LINDELL ST",,"N/A","PEDESTRIAN","SAME DIRECTION SIDESWIPE","CLEAR","DRY","DAYLIGHT","NO CONTROLS","N/A","N/A","39A2FC92-DA57-4654-9BD1-0D514DACC520","PEDESTRIAN","Standing","N/A","N/A","No","POSSIBLE INJURY","NONE","39.05622096","-77.05809768","    (39.05622096, -77.05809768)"
"MCP3022003W","210020396","Montgomery County Police","Injury Crash","05/29/2021 06:35:00 PM",,"SERVICEBERRY DR","AURORA HILLS DR",,"N/A","BICYCLIST","STRAIGHT MOVEMENT ANGLE","RAINING","WET","DAYLIGHT","STOP SIGN","N/A","N/A","C6C3C2EC-DF76-488E-B34D-49476A67EEF9","BICYCLIST","Cross/Enter at Intersection","FAILURE TO OBEY TRAFFIC SIGNS SIGNALS OR OFFICER","AT INTERSECTION BUT NO CROSSWALK","Yes","SUSPECTED MINOR INJURY","NONE","39.23542333","-77.24341","    (39.23542333, -77.24341)"
"MCP30380053","210020082","Montgomery County Police","Injury Crash","05/27/2021 03:23:00 PM","County","FENTON ST","WAYNE AVE",,"N/A","PEDESTRIAN","OTHER","CLEAR","DRY","DAYLIGHT","TRAFFIC SIGNAL","N/A","NONE DETECTED","985C0FA5-9AC3-4F4D-99CC-A530FA31CD23","PEDESTRIAN","Cross/Enter at Intersection","NO IMPROPER ACTIONS","ON ROADWAY AT CROSSWALK","No","SUSPECTED MINOR INJURY","N/A","38.99552664","-77.02445613","    (38.99552664, -77.02445613)"
"MCP26100029","210019959","Montgomery County Police","Injury Crash","05/26/2021 05:22:00 PM",,,,"PARKING LOT OF 229 MUDDY BRANCH RD GAITHERSBURG MARYLAND",,"PEDESTRIAN","OTHER","CLEAR",,"DAYLIGHT","N/A","NONE DETECTED, UNKNOWN","NONE DETECTED","11CDB9B5-0FBF-4F8C-AC91-57589C0C3A36","PEDESTRIAN","Other","NO IMPROPER ACTIONS","OTHER","No","POSSIBLE INJURY","N/A","39.12816167","-77.20624167","    (39.12816167, -77.20624167)"
"MCP2852002V","210019830","Montgomery County Police","Injury Crash","05/25/2021 08:43:00 PM","Other Public Roadway","FATHER HURLEY BLVD","HOPKINS RD",,"N/A","BICYCLIST","ANGLE MEETS RIGHT TURN","CLEAR","DRY","DUSK","TRAFFIC SIGNAL","NONE DETECTED","NONE DETECTED","8E6E91B7-9823-4FD3-85A6-8D5EB016B2DE","BICYCLIST","Other","FAILURE TO YIELD RIGHT OF WAY","ON ROADWAY AT CROSSWALK","Yes","POSSIBLE INJURY","MC/BIKE HELMET","39.1692528","-77.28294472","    (39.1692528, -77.28294472)"
"DM8490000W","210019621","Takoma Park Police Depart","Injury Crash","05/24/2021 03:29:00 PM",,,,"1127 UNIVERSITY BLVD E / SHOPPING CENTER PARKING",,"PEDESTRIAN","OTHER","RAINING",,"DAYLIGHT","N/A","N/A","N/A","D6A8C144-6F07-40D1-91DC-EB52416FAB38","PEDESTRIAN","Other","OTHER","ON ROADWAY NOT AT CROSSWALK","No","POSSIBLE INJURY","NONE","38.98941383","-76.989808","    (38.98941383, -76.989808)"
"MCP9369001S","210019431","Montgomery County Police","Injury Crash","05/23/2021 02:15:00 AM","Maryland (State)","FREDERICK RD","RIDGEMONT AVE",,"ROCKVILLE","PEDESTRIAN","SINGLE VEHICLE","CLEAR","DRY","DARK LIGHTS ON","NO CONTROLS","NONE DETECTED","NONE DETECTED","D77E4A56-49F7-456A-A139-DFBE28EAB47E","PEDESTRIAN","Walking/Riding w/Traffic","IN ROADWAY IMPROPERLY","ON ROADWAY NOT AT CROSSWALK","Yes","SUSPECTED SERIOUS INJURY","NONE","39.12004667","-77.17367167","    (39.12004667, -77.17367167)"
"MCP31210043","210019391","Montgomery County Police","Injury Crash","05/22/2021 06:42:00 PM",,,,"IFO 1514 TANYARD HILL ROAD GAITHERSBURG MD",,"BICYCLIST","SINGLE VEHICLE","CLEAR",,"DAYLIGHT","NO CONTROLS","NONE DETECTED","NONE DETECTED","68DAD175-49CD-44A1-8B34-0E7C89E9A08F","BICYCLIST","Playing","NO IMPROPER ACTIONS","OTHER","No","POSSIBLE INJURY","PROTECTIVE PADS","39.16037857","-77.21167762","    (39.16037857, -77.21167762)"
"MCP32870013","210019100","Montgomery County Police","Injury Crash","05/20/2021 07:00:00 PM",,,,"PARKING LOT OF 7919 TUCKERMAN LN",,"PEDESTRIAN","SINGLE VEHICLE","CLEAR",,"DUSK","NO CONTROLS","N/A","N/A","4A372518-5354-4D0C-8535-B099996822D3","PEDESTRIAN","Other Working","NO IMPROPER ACTIONS","OTHER","No","POSSIBLE INJURY","N/A","39.04071029","-77.15659808","    (39.04071029, -77.15659808)"
"HA24490018","21000936","Maryland-National Capital","Injury Crash","05/20/2021 02:33:00 PM","Government","SLIGO CREEK PKWY","PARK VALLEY RD",,"N/A","BICYCLIST","SAME DIR REAR END","CLEAR","DRY","DAYLIGHT","NO CONTROLS","N/A","N/A","8E2F7706-9D45-43FD-8485-9C090D095A47","BICYCLIST","Walking/Riding w/Traffic","NO IMPROPER ACTIONS","ON ROADWAY NOT AT CROSSWALK","No","SUSPECTED MINOR INJURY","UNKNOWN","38.9896826","-77.00633868","    (38.9896826, -77.00633868)"
"MCP31230025","210019038","Montgomery County Police","Injury Crash","05/20/2021 12:58:00 PM","County","WILLOW TREE TERR","WILLOW TREE TERR",,"N/A","PEDESTRIAN","OTHER","CLEAR","DRY","DAYLIGHT","N/A","NONE DETECTED","NONE DETECTED","6086F579-800F-45FD-A75D-33B6F8FD7244","PEDESTRIAN","Walking/Cycling on Sidewalk","NO IMPROPER ACTIONS","SIDEWALK","No","POSSIBLE INJURY","N/A","39.086165","-77.20297583","    (39.086165, -77.20297583)"
"MCP31230025","210019038","Montgomery County Police","Injury Crash","05/20/2021 12:58:00 PM","County","WILLOW TREE TERR","WILLOW TREE TERR",,"N/A","PEDESTRIAN","OTHER","CLEAR","DRY","DAYLIGHT","N/A","NONE DETECTED","NONE DETECTED","4FAA6C44-DA31-4522-937B-ECEC7F8BA4AA","PEDESTRIAN","Walking/Cycling on Sidewalk","N/A","SIDEWALK","No","SUSPECTED SERIOUS INJURY","N/A","39.086165","-77.20297583","    (39.086165, -77.20297583)"
"MCP2917007R","210018952","Montgomery County Police","Injury Crash","05/19/2021 07:12:00 PM","County","GRENOBLE DR","PARKLAND DR",,"N/A","PEDESTRIAN","OTHER","CLEAR","DRY","DAYLIGHT","NO CONTROLS","NONE DETECTED","NONE DETECTED","7F20F036-A0AF-4DFE-9D2C-699AE4E3156A","PEDESTRIAN","Playing","DART DASH","ON ROADWAY NOT AT CROSSWALK","Yes","SUSPECTED MINOR INJURY","N/A","39.0783657","-77.08604655","    (39.0783657, -77.08604655)"
"MCP2849003W","210018785","Montgomery County Police","Injury Crash","05/18/2021 04:27:00 PM","Maryland (State)","W DIAMOND AVE","RAMP 1 FR IS 270 NB TO MD 117 WB",,"N/A","BICYCLIST","OTHER","CLEAR","DRY","DAYLIGHT","TRAFFIC SIGNAL","NONE DETECTED","NONE DETECTED","D44E4612-D2DE-4879-9AE0-EFBF2185E34F","BICYCLIST","Cross/Enter at Intersection","IN ROADWAY IMPROPERLY","ON ROADWAY AT CROSSWALK","Yes","SUSPECTED MINOR INJURY","MC/BIKE HELMET","39.14051939","-77.21074523","    (39.14051939, -77.21074523)"
"MCP3251000N","210018379","Montgomery County Police","Injury Crash","05/15/2021 08:00:00 PM","County","WISTERIA DR","GREAT SENECA HWY",,"N/A","BICYCLIST","OTHER","CLEAR","DRY","DARK LIGHTS ON","TRAFFIC SIGNAL","UNKNOWN","NONE DETECTED","3D094995-9B65-4844-886D-91D2E442142E","BICYCLIST","Cross/Enter at Intersection","N/A","ON ROADWAY AT CROSSWALK","No","SUSPECTED MINOR INJURY","UNKNOWN","39.17685715","-77.26996929","    (39.17685715, -77.26996929)"
"MCP3232001X","210018058","Montgomery County Police","Injury Crash","05/13/2021 06:56:00 PM","County","BRIGGS CHANEY RD","GOOD HOPE RD",,"N/A","BICYCLIST","STRAIGHT MOVEMENT ANGLE","CLEAR","DRY","DAYLIGHT","TRAFFIC SIGNAL","NONE DETECTED","NONE DETECTED","01E48790-3C97-4E48-B26B-9D36BDF92B79","BICYCLIST","Cross/Enter at Intersection","NO IMPROPER ACTIONS","AT INTERSECTION MARKED CROSSWALK","No","SUSPECTED MINOR INJURY","MC/BIKE HELMET","39.10190367","-76.98206517","    (39.10190367, -76.98206517)"
"MCP3232001X","210018058","Montgomery County Police","Injury Crash","05/13/2021 06:56:00 PM","County","BRIGGS CHANEY RD","GOOD HOPE RD",,"N/A","BICYCLIST","STRAIGHT MOVEMENT ANGLE","CLEAR","DRY","DAYLIGHT","TRAFFIC SIGNAL","NONE DETECTED","NONE DETECTED","6AB3F25B-FACC-4515-AD4D-6897D55A204F","BICYCLIST","Cross/Enter at Intersection","NO IMPROPER ACTIONS","AT INTERSECTION MARKED CROSSWALK","No","SUSPECTED MINOR INJURY","MC/BIKE HELMET","39.10190367","-76.98206517","    (39.10190367, -76.98206517)"
"MCP3287000Y","210018034","Montgomery County Police","Injury Crash","05/13/2021 04:43:00 PM","County","MUDDY BRANCH RD","FORREST LANDING WAY",,"N/A","BICYCLIST","ANGLE MEETS RIGHT TURN","CLEAR","DRY","DAYLIGHT","STOP SIGN","N/A","N/A","246B3C02-180A-4151-A6EA-E652844B4E21","BICYCLIST","Cross/Enter at Intersection","FAILURE TO YIELD RIGHT OF WAY","ON ROADWAY AT CROSSWALK","Yes","SUSPECTED MINOR INJURY","NONE","39.10173683","-77.2212247","    (39.10173683, -77.2212247)"
"MCP3055002T","210017989","Montgomery County Police","Injury Crash","05/13/2021 11:55:00 AM",,,,"PARKING LOT AT 13781 CONNECTICUT AVE (GIANT)",,"PEDESTRIAN","OTHER","CLEAR",,"DAYLIGHT","NO CONTROLS","N/A","N/A","E52457EE-6113-46A7-8A98-3FFA961F04BA","PEDESTRIAN","Other","NO IMPROPER ACTIONS","OTHER","No","SUSPECTED MINOR INJURY","NONE","39.07962","-77.07936","    (39.07962, -77.07936)"
"MCP1235002X","210017760","Montgomery County Police","Injury Crash","05/11/2021 06:31:00 PM",,,,"PARKING LOT OF 10121 NEW HAMPSHIRE AVENUE",,"PEDESTRIAN","SINGLE VEHICLE","CLEAR",,"DAYLIGHT","N/A","NONE DETECTED","NONE DETECTED","BF13040A-2232-478F-B346-A30619209FBA","PEDESTRIAN","Other","NO IMPROPER ACTIONS","OTHER","No","POSSIBLE INJURY","NONE","39.02064889","-76.9746419","    (39.02064889, -76.9746419)"
"MCP93110037","210017682","Montgomery County Police","Injury Crash","05/11/2021 11:12:00 AM","County","HACKAMORE DR","BRICKYARD RD",,"N/A","PEDESTRIAN","SAME DIR REAR END","CLEAR","DRY","DAYLIGHT","NO CONTROLS","NONE DETECTED","NONE DETECTED","DEA09DEA-EEBA-44BB-9A46-306FFA6084A6","PEDESTRIAN","Other Working","NO IMPROPER ACTIONS","OTHER","No","SUSPECTED MINOR INJURY","N/A","38.98572667","-77.21298333","    (38.98572667, -77.21298333)"
"MCP3169003Y","210017670","Montgomery County Police","Injury Crash","05/11/2021 09:00:00 AM","Maryland (State)","GEORGIA AVE","RAMP 6 FR IS 495 EB TO MD 97 SB",,"N/A","PEDESTRIAN","OTHER","CLEAR","DRY","DAYLIGHT","N/A","N/A","N/A","C00AD95C-4666-48AF-BE70-A456F966010E","PEDESTRIAN","Standing","NO IMPROPER ACTIONS","SHOULDER","No","POSSIBLE INJURY","N/A","39.01356542","-77.04205078","    (39.01356542, -77.04205078)"
"MCP271700V7","210017608","Montgomery County Police","Injury Crash","05/10/2021 05:50:00 PM","County","PORTER RD","SUNDALE DR",,"N/A","BICYCLIST","OTHER","CLEAR","DRY","DAYLIGHT","NO CONTROLS","NONE DETECTED","NONE DETECTED","2A6F2A02-F86F-4D42-9C50-670CAB71DF6A","BICYCLIST","Cross/Enter not at Intersection","DART DASH","ON ROADWAY NOT AT CROSSWALK","Yes","SUSPECTED MINOR INJURY","MC/BIKE HELMET","38.99185067","-77.09790933","    (38.99185067, -77.09790933)"
"MCP2496002M","210017307","Montgomery County Police","Injury Crash","05/08/2021 02:32:00 PM","County","FOREST GLEN RD","LORAIN AVE",,"N/A","BICYCLIST","STRAIGHT MOVEMENT ANGLE","CLOUDY","DRY","DAYLIGHT","STOP SIGN","NONE DETECTED","NONE DETECTED","9A4373B8-1772-4D9A-BFA9-54380D64D78D","BICYCLIST","Cross/Enter at Intersection","FAILURE TO YIELD RIGHT OF WAY","AT INTERSECTION BUT NO CROSSWALK","Yes","POSSIBLE INJURY","MC/BIKE HELMET","39.01717453","-77.02162894","    (39.01717453, -77.02162894)"
"MCP32380015","210017240","Montgomery County Police","Injury Crash","05/08/2021 02:24:00 AM",,,,"PARKING LOT NEAR 8100 FENTON STREET; SILVER SPRING AVENUE @ FENTON STREET",,"PEDESTRIAN","OTHER","CLEAR",,"DARK LIGHTS ON","NO CONTROLS","ALCOHOL PRESENT","NONE DETECTED","6DF898C0-3FDE-4597-BE76-D2BA0B8AF4EC","PEDESTRIAN","Standing","NO IMPROPER ACTIONS","OTHER","No","SUSPECTED SERIOUS INJURY","NONE","38.99146653","-77.02467114","    (38.99146653, -77.02467114)"
"MCP2720005P","210017224","Montgomery County Police","Injury Crash","05/07/2021 09:42:00 PM","Maryland (State)","VEIRS MILL RD","RANDOLPH RD",,"N/A","PEDESTRIAN","SINGLE VEHICLE","CLEAR","WET","DARK LIGHTS ON","TRAFFIC SIGNAL","NONE DETECTED","ALCOHOL PRESENT","3B44BC10-B071-4C8C-BA24-4426DCC65F4E","PEDESTRIAN","Cross/Enter not at Intersection","FAILURE TO YIELD RIGHT OF WAY","ON ROADWAY NOT AT CROSSWALK","Yes","SUSPECTED MINOR INJURY","NONE","39.05667333","-77.08317333","    (39.05667333, -77.08317333)"
"MCP2966005P","210017319","Montgomery County Police","Injury Crash","05/05/2021 05:30:00 PM","County","BRANDERMILL DR","BRUNDIDGE TERR",,"N/A","BICYCLIST","OTHER","N/A","N/A","DAYLIGHT","N/A","N/A","N/A","3CEE8725-86C8-4EC4-9CC5-83F27F166F3A","BICYCLIST","Cross/Enter at Intersection","NO IMPROPER ACTIONS","AT INTERSECTION BUT NO CROSSWALK","No","POSSIBLE INJURY","N/A","39.18772331","-77.23850772","    (39.18772331, -77.23850772)"
"MCP3275000K","210016843","Montgomery County Police","Injury Crash","05/05/2021 12:14:00 PM","Maryland (State)","GEORGIA AVE","COLESVILLE RD",,"N/A","PEDESTRIAN","OTHER","OTHER","DRY","DAYLIGHT","TRAFFIC SIGNAL","NONE DETECTED","NONE DETECTED","05A4DE12-DF4D-483A-8354-3123DDE1FC4E","PEDESTRIAN","Cross/Enter at Intersection","UNKNOWN","ON ROADWAY AT CROSSWALK","Unknown","SUSPECTED SERIOUS INJURY","NONE","38.99559833","-77.02806","    (38.99559833, -77.02806)"
"HA24490016","21000833","Maryland-National Capital","Injury Crash","05/05/2021 07:08:00 AM","Government","SLIGO CREEK PKWY","DENNIS AVE",,"N/A","BICYCLIST","SAME DIR REAR END","RAINING","WET","DAYLIGHT","N/A","N/A","N/A","9AA69E4D-3CF1-4781-8154-23659E7D1866","BICYCLIST","Walking/Riding w/Traffic","NO IMPROPER ACTIONS","ON ROADWAY NOT AT CROSSWALK","No","SUSPECTED MINOR INJURY","UNKNOWN","39.02169805","-77.03041724","    (39.02169805, -77.03041724)"
"DD5635003M","210016780","Rockville Police Departme","Injury Crash","05/04/2021 06:02:00 PM","Maryland (State)","FREDERICK RD","KING FARM BLVD",,"ROCKVILLE","PEDESTRIAN","OTHER","RAINING","WET","DAYLIGHT","TRAFFIC SIGNAL","NONE DETECTED","NONE DETECTED","0B58A4EF-0DE4-4055-9EF0-E117667AFBB8","PEDESTRIAN","Cross/Enter at Intersection","NO IMPROPER ACTIONS","ON ROADWAY AT CROSSWALK","No","SUSPECTED MINOR INJURY","NONE","39.11712167","-77.1688005","    (39.11712167, -77.1688005)"
"MCP94040034","210016740","Montgomery County Police","Injury Crash","05/04/2021 02:41:00 PM","Maryland (State)","FREDERICK RD","S WESTLAND DR",,"N/A","PEDESTRIAN","OTHER","CLEAR","DRY","DAYLIGHT","TRAFFIC SIGNAL","NONE DETECTED","NONE DETECTED","CB0EAAF2-0D45-4F64-895A-A46FB46776AF","PEDESTRIAN","Cross/Enter at Intersection","UNKNOWN","AT INTERSECTION MARKED CROSSWALK","Unknown","SUSPECTED MINOR INJURY","NONE","39.12590716","-77.18300281","    (39.12590716, -77.18300281)"
"MCP3109005F","210016670","Montgomery County Police","Injury Crash","05/04/2021 08:28:00 AM","US (State)","COLESVILLE RD","SLIGO CREEK PKWY",,"N/A","BICYCLIST","STRAIGHT MOVEMENT ANGLE","CLEAR","DRY","DAYLIGHT","TRAFFIC SIGNAL","NONE DETECTED","NONE DETECTED","45E53F3E-82B1-48E0-B292-E6E498F073F4","BICYCLIST","Cross/Enter at Intersection","NO IMPROPER ACTIONS","ON ROADWAY AT CROSSWALK","No","POSSIBLE INJURY","MC/BIKE HELMET","39.00775","-77.01983133","    (39.00775, -77.01983133)"
"MCP24640024","210016654","Montgomery County Police","Injury Crash","05/04/2021 05:26:00 AM","Maryland (State)","NEW HAMPSHIRE AVE","OAKVIEW DR",,"N/A","PEDESTRIAN","OTHER","N/A","N/A","DARK LIGHTS ON","TRAFFIC SIGNAL","UNKNOWN","N/A","4C93923C-7419-4F22-A22D-B031025DF672","PEDESTRIAN","Cross/Enter at Intersection","NO IMPROPER ACTIONS","ON ROADWAY AT CROSSWALK","No","SUSPECTED MINOR INJURY","N/A","39.01543877","-76.97780511","    (39.01543877, -76.97780511)"
"DD5637002D","210016410","Rockville Police Departme","Injury Crash","05/02/2021 05:30:00 PM","Other Public Roadway","GRAND CHAMPION DR","REDLAND BLVD",,"ROCKVILLE","BICYCLIST","OTHER","CLEAR","DRY","DAYLIGHT","NO CONTROLS","NONE DETECTED","NONE DETECTED","B2DF4689-3C61-4FB4-9BFF-379B62EC72EB","BICYCLIST","Cross/Enter at Intersection","DART DASH","ON ROADWAY NOT AT CROSSWALK","Yes","POSSIBLE INJURY","NONE","39.09343992","-77.14330512","    (39.09343992, -77.14330512)"
"MCP1519003B","210016388","Montgomery County Police","Injury Crash","05/02/2021 01:20:00 PM","Maryland (State)","GERMANTOWN RD","BEGIN BRIDGE",,"N/A","BICYCLIST","HEAD ON","CLEAR","DRY","DAYLIGHT","NO CONTROLS","ALCOHOL PRESENT","NONE DETECTED","DDE8A20A-A765-4201-9B68-A2D0ED4E4D7B","BICYCLIST","Walking/Riding w/Traffic","NO IMPROPER ACTIONS","SHOULDER","No","SUSPECTED MINOR INJURY","MC/BIKE HELMET","39.126543","-77.296455","    (39.126543, -77.296455)"
"MCP913000BN","210016114","Montgomery County Police","Injury Crash","04/30/2021 01:25:00 PM","County","MANCHESTER RD","E WAYNE AVE",,"N/A","PEDESTRIAN","SINGLE VEHICLE","CLEAR","DRY","DAYLIGHT","NO CONTROLS","NONE DETECTED","NONE DETECTED","1102BDA3-3452-403B-B86C-FD47F24DE22A","PEDESTRIAN","Cross/Enter at Intersection","NO IMPROPER ACTIONS","ON ROADWAY AT CROSSWALK","No","POSSIBLE INJURY","NONE","38.999742","-77.009792","    (38.999742, -77.009792)"