"Report Number","Local Case Number","Agency Name","ACRS Report Type","Crash Date/Time","Route Type","Road Name","Cross-Street Name","Off-Road Description","Municipality","Related Non-Motorist","Collision Type","Weather","Surface Condition","Light","Traffic Control","Driver Substance Abuse","Non-Motorist Substance Abuse","Person ID","Pedestrian Type","Pedestrian Movement","Pedestrian Actions","Pedestrian Location","At Fault","Injury Severity","Safety Equipment","Latitude","Longitude","Location"
"MCP2559004B","200050857","Montgomery County Police","Injury Crash","12/26/2020 05:33:00 PM","County","E GUDE DR","FREDERICK RD",,"N/A","BICYCLIST","OTHER","CLOUDY","DRY","DARK LIGHTS ON","TRAFFIC SIGNAL","N/A","N/A","B9352E24-D07A-4EEF-9AD9-A9860F3CC728","BICYCLIST","Cross/Enter at Intersection","NO IMPROPER ACTIONS","ON ROADWAY AT CROSSWALK","No","SUSPECTED MINOR INJURY","MC/BIKE HELMET","39.10643383","-77.15816517","    (39.10643383, -77.15816517)"
"MCP2682002F","200050689","Montgomery County Police","Injury Crash","12/24/2020 05:51:00 PM",,,,"PARKING LOT OF 300 N FREDERICK AVE GAITHERSBURG MD 20877",,"PEDESTRIAN","OTHER","CLOUDY",,"DARK LIGHTS ON","STOP SIGN","UNKNOWN","NONE DETECTED","CD3F386B-83FB-46F4-AA0F-B2F335415E16","PEDESTRIAN","Walking/Cycling on Sidewalk","NO IMPROPER ACTIONS","DRIVEWAY ACCESS MARKED CROSSWALK","No","POSSIBLE INJURY","NONE","39.14492","-77.20322","    (39.14492, -77.20322)"
"MCP20720047","200050651","Montgomery County Police","Injury Crash","12/24/2020 01:55:00 PM",,,,"MILESTONE SHOPPING CENTER
20934 FREDERICK ROAD
GERMANTOWN, MD 20876",,"PEDESTRIAN","OTHER","RAINING",,"DAYLIGHT","N/A","NONE DETECTED","UNKNOWN","A6C96E51-7508-4DD4-918C-A89E7735C86F","PEDESTRIAN","Other","NO IMPROPER ACTIONS","OTHER","No","POSSIBLE INJURY","N/A","39.202835","-77.24820333","    (39.202835, -77.24820333)"
"MCP2931004T","200050544","Montgomery County Police","Injury Crash","12/23/2020 05:59:00 PM","Municipality","CONGRESSIONAL LA","E JEFFERSON ST",,"ROCKVILLE","BICYCLIST","STRAIGHT MOVEMENT ANGLE","N/A","N/A","DARK LIGHTS ON","STOP SIGN","NONE DETECTED","NONE DETECTED","4F4216BC-B3B1-4B2D-9C01-8E90FED21E41","BICYCLIST","Cross/Enter at Intersection","NO IMPROPER ACTIONS","SIDEWALK","No","POSSIBLE INJURY","NONE","39.06280667","-77.12824333","    (39.06280667, -77.12824333)"
"MCP15640050","200050318","Montgomery County Police","Injury Crash","12/22/2020 01:27:00 PM",,,,"PKG LOT OF 18220 VILLAGE CENTER DRIVE, OLNEY, MD 20832",,"OTHER CONVEYANCE","OTHER","CLEAR",,"DAYLIGHT","NO CONTROLS",,"NONE DETECTED","AD481E4C-97B7-477C-B246-1A2B60ACC26E","OTHER CONVEYANCE","Other","OTHER","CURB","Yes","SUSPECTED MINOR INJURY","N/A","39.15382738","-77.06429089","    (39.15382738, -77.06429089)"
"MCP2492001K","200050258","Montgomery County Police","Fatal Crash","12/22/2020 03:58:00 AM","Maryland (State)","GEORGIA AVE","UNIVERSITY BLVD W",,"N/A","PEDESTRIAN","OTHER","CLEAR","WET","DARK LIGHTS ON","TRAFFIC SIGNAL","NONE DETECTED","ALCOHOL PRESENT","35A79B1D-D5C2-4253-AC17-CF66F82D2A6E","PEDESTRIAN","Cross/Enter at Intersection","FAILURE TO OBEY TRAFFIC SIGNS SIGNALS OR OFFICER","ON ROADWAY AT CROSSWALK","Yes","FATAL INJURY","NONE","39.04149454","-77.05178448","    (39.04149454, -77.05178448)"
"MCP32000027","200050155","Montgomery County Police","Injury Crash","12/21/2020 11:25:00 AM","County","OLD STAGE RD","OLD BRIDGE RD",,"N/A","PEDESTRIAN","OTHER","FOGGY","WET","DAYLIGHT","STOP SIGN","NONE DETECTED","NONE DETECTED","3D7A2C3E-2AD0-4A97-8ADC-CBF3F04F0185","PEDESTRIAN","Cross/Enter at Intersection","NO IMPROPER ACTIONS","ON ROADWAY AT CROSSWALK","No","SUSPECTED MINOR INJURY","NONE","39.05184575","-77.14570648","    (39.05184575, -77.14570648)"
"MCP26560050","200050075","Montgomery County Police","Injury Crash","12/20/2020 08:50:00 PM",,,,"PARKING LOT OF 12814 SAGE TERRACE",,"PEDESTRIAN","OTHER","N/A",,"DARK LIGHTS ON","N/A","N/A","NONE DETECTED","47763640-756B-4DB7-A926-7FC953E0689C","PEDESTRIAN","Other","IN ROADWAY IMPROPERLY","OTHER","Yes","POSSIBLE INJURY","N/A","39.16015333","-77.26538","    (39.16015333, -77.26538)"
"MCP2675002Q","200049963","Montgomery County Police","Injury Crash","12/19/2020 09:17:00 PM","County","FELDON ST","GREENLY ST",,"N/A","OTHER","SAME DIRECTION SIDESWIPE","CLEAR","DRY","DARK LIGHTS ON","NO CONTROLS","ALCOHOL PRESENT","N/A","86CA2E51-49AE-4940-A9C3-B41A71CDA0B9","OTHER","Getting off/on Vehicle","DART DASH","OTHER","No","POSSIBLE INJURY","N/A","39.06109898","-77.07462942","    (39.06109898, -77.07462942)"
"MCP2900003G","200049682","Montgomery County Police","Injury Crash","12/17/2020 06:09:00 PM","County","MONTGOMERY VILLAGE AVE","CENTERWAY RD",,"N/A","PEDESTRIAN","OTHER","N/A","WET","DARK NO LIGHTS","N/A","N/A","N/A","465CDA7D-03F0-4815-8636-AFD8BFD57BB4","PEDESTRIAN","Cross/Enter not at Intersection","IN ROADWAY IMPROPERLY","ON ROADWAY NOT AT CROSSWALK","Yes","SUSPECTED MINOR INJURY","NONE","39.17379917","-77.2037745","    (39.17379917, -77.2037745)"
"MCP32090022","200049666","Montgomery County Police","Injury Crash","12/17/2020 04:32:00 PM","Maryland (State)","PINEY BRANCH RD","SILVER SPRING AVE",,"N/A","MACHINE OPERATOR/RIDER","SAME DIR REAR END","CLEAR","WET","DAYLIGHT","TRAFFIC SIGNAL","NONE DETECTED, UNKNOWN","NONE DETECTED","A598EE82-BE98-4E41-91A9-6BC6EA10910C","MACHINE OPERATOR/RIDER","Other","NO IMPROPER ACTIONS","ON ROADWAY NOT AT CROSSWALK","No","POSSIBLE INJURY","N/A","38.99213432","-77.00987275","    (38.99213432, -77.00987275)"
"MCP913000BD","200049594","Montgomery County Police","Injury Crash","12/17/2020 06:15:00 AM","Maryland (State)","UNIVERSITY BLVD E","PINEY BRANCH RD",,"N/A","PEDESTRIAN","SINGLE VEHICLE","CLEAR","ICE","DARK LIGHTS ON","TRAFFIC SIGNAL","UNKNOWN","NONE DETECTED","8F2891B5-09DB-45D6-B952-23542391FE75","PEDESTRIAN","Cross/Enter at Intersection","NO IMPROPER ACTIONS","MIDBLOCK MARKED CROSSWALK","No","POSSIBLE INJURY","NONE","38.99972721","-76.99528514","    (38.99972721, -76.99528514)"
"MCP27500058","200049520","Montgomery County Police","Injury Crash","12/16/2020 12:30:00 PM","Maryland (State)","GEORGIA AVE","DAMASCUS RD",,"N/A","PEDESTRIAN","OTHER","SNOW","SNOW","DAYLIGHT","NO CONTROLS","NONE DETECTED","NONE DETECTED","7EF02BDC-47F8-4881-A75D-CA5AD056AFDA","PEDESTRIAN","Standing","NO IMPROPER ACTIONS","SHOULDER","No","POSSIBLE INJURY","NONE","39.21163667","-77.06197","    (39.21163667, -77.06197)"
"MCP209400GR","200049485","Montgomery County Police","Injury Crash","12/16/2020 10:33:00 AM","County","WELLINGTON DR","STRATHMORE ST",,"N/A","PEDESTRIAN","OTHER","SNOW","WET","DAYLIGHT","NO CONTROLS","NONE DETECTED","NONE DETECTED","01EC9BD3-E482-4A5E-8712-02CE29B1CD96","PEDESTRIAN","Cross/Enter at Intersection","NO IMPROPER ACTIONS","ON ROADWAY AT CROSSWALK","No","POSSIBLE INJURY","N/A","38.97928","-77.09307","    (38.97928, -77.09307)"
"EJ7873003C","200049103","Gaithersburg Police Depar","Injury Crash","12/13/2020 10:26:00 AM","Municipality","RAWLINGS RD","HARMONY HALL RD",,"GAITHERSBURG","PEDESTRIAN","OTHER","CLEAR","DRY","DAYLIGHT","NO CONTROLS","NONE DETECTED","NONE DETECTED","5267A784-F4D8-439E-878D-C73B0C513EAD","PEDESTRIAN","Getting off/on Vehicle","INATTENTIVE","ON ROADWAY NOT AT CROSSWALK","No","POSSIBLE INJURY","NONE","39.13614704","-77.20229452","    (39.13614704, -77.20229452)"
"MCP26250012","200049001","Montgomery County Police","Injury Crash","12/12/2020 01:40:00 PM","County","OVERLEA RD","SANGAMORE RD",,"N/A","PEDESTRIAN","HEAD ON LEFT TURN","CLEAR","DRY","DAYLIGHT","TRAFFIC SIGNAL","UNKNOWN","N/A","07D954E7-6C2D-4F6E-8A84-AA9E38A6BC70","PEDESTRIAN","Cross/Enter at Intersection","NO IMPROPER ACTIONS","AT INTERSECTION MARKED CROSSWALK","No","SUSPECTED MINOR INJURY","N/A","38.95211721","-77.12087021","    (38.95211721, -77.12087021)"
"MCP28920092","200048871","Montgomery County Police","Injury Crash","12/11/2020 05:34:00 PM","County","FENTON ST","WAYNE AVE",,"N/A","PEDESTRIAN","SINGLE VEHICLE","CLEAR","DRY","DARK LIGHTS ON","NO CONTROLS","NONE DETECTED","NONE DETECTED","42577D65-7EAC-445B-BC0E-C859BB1A7CAA","PEDESTRIAN","Cross/Enter not at Intersection","DART DASH","ON ROADWAY NOT AT CROSSWALK","Unknown","POSSIBLE INJURY","NONE","38.9971","-77.02420833","    (38.9971, -77.02420833)"
"MCP27260058","200048813","Montgomery County Police","Injury Crash","12/11/2020 12:26:00 PM",,,,"1600 BLOCK OF ROCKVILLE PIKE (CONGRESSIONAL PLAZA)",,"BICYCLIST","OTHER","CLEAR",,"DAYLIGHT","NO CONTROLS","NONE DETECTED","NONE DETECTED","CCCD6E15-7717-436D-93EF-6B4BF8538464","BICYCLIST","Walking/Cycling on Sidewalk","N/A","SIDEWALK","No","SUSPECTED MINOR INJURY","NONE","39.06297528","-77.12499665","    (39.06297528, -77.12499665)"
"MCP2198008G","200048411","Montgomery County Police","Injury Crash","12/08/2020 06:28:00 PM","Municipality","KENTLANDS BLVD","GREAT SENECA HWY",,"N/A","PEDESTRIAN","SINGLE VEHICLE","CLEAR","DRY","DARK LIGHTS ON","NO CONTROLS","N/A","N/A","831D8427-A0F8-4989-B06F-6C4608B3367F","PEDESTRIAN","Cross/Enter at Intersection","DART DASH","SIDEWALK","Yes","POSSIBLE INJURY","N/A","39.12277333","-77.23328","    (39.12277333, -77.23328)"
"MCP9432002X","200048406","Montgomery County Police","Injury Crash","12/08/2020 05:40:00 PM",,"JAEGER ROAD","WOODCOCK WAY",,"N/A","PEDESTRIAN","STRAIGHT MOVEMENT ANGLE","CLEAR","DRY","DARK NO LIGHTS","STOP SIGN","NONE DETECTED","NONE DETECTED","6F9FAB8A-6094-4F2C-A6B5-4E69973EE4FE","PEDESTRIAN","Cross/Enter at Intersection","NOT VISIBLE","AT INTERSECTION BUT NO CROSSWALK","No","POSSIBLE INJURY","NONE","39.21697667","-77.29607667","    (39.21697667, -77.29607667)"
"EJ7866009J","200048190","Gaithersburg Police Depar","Injury Crash","12/07/2020 12:08:00 PM","Municipality","RUSSELL AVE","MARYLAND AVE",,"GAITHERSBURG","PEDESTRIAN","OTHER","CLEAR","DRY","DAYLIGHT","STOP SIGN","NONE DETECTED","NONE DETECTED","02037026-53B2-440B-899C-EC17C8546201","PEDESTRIAN","Cross/Enter at Intersection","NO IMPROPER ACTIONS","ON ROADWAY AT CROSSWALK","No","POSSIBLE INJURY","NONE","39.14851765","-77.19946173","    (39.14851765, -77.19946173)"
"EJ7866009J","200048190","Gaithersburg Police Depar","Injury Crash","12/07/2020 12:08:00 PM","Municipality","RUSSELL AVE","MARYLAND AVE",,"GAITHERSBURG","PEDESTRIAN","OTHER","CLEAR","DRY","DAYLIGHT","STOP SIGN","NONE DETECTED","NONE DETECTED","29B0A4BF-B709-4E3B-A6EA-AB3CD92501ED","PEDESTRIAN","Cross/Enter at Intersection","NO IMPROPER ACTIONS","ON ROADWAY AT CROSSWALK","No","POSSIBLE INJURY","NONE","39.14851765","-77.19946173","    (39.14851765, -77.19946173)"
"MCP2859009J","200048151","Montgomery County Police","Property Damage Crash","12/07/2020 07:10:00 AM","County","MUDDY BRANCH RD","HARMONY HALL RD",,"N/A","PEDESTRIAN","OTHER","N/A","DRY","DUSK","STOP SIGN","NONE DETECTED","NONE DETECTED","4EAF8799-427D-4FDA-93D8-85E8D9FC054F","PEDESTRIAN","Cross/Enter at Intersection","NO IMPROPER ACTIONS","ON ROADWAY AT CROSSWALK","Yes","NO APPARENT INJURY","NONE","39.13658667","-77.20536","    (39.13658667, -77.20536)"
"EJ7882000T","200047878","Gaithersburg Police Depar","Injury Crash","12/04/2020 09:17:00 PM","Municipality","FIRSTFIELD RD","CLOPPER RD",,"N/A","PEDESTRIAN","OTHER","RAINING","WET","DARK LIGHTS ON","TRAFFIC SIGNAL","NONE DETECTED","NONE DETECTED","CAE12915-A09D-4C34-B906-F6FFC7C9C598","PEDESTRIAN","Other","IMPROPER PASSING","ON ROADWAY NOT AT CROSSWALK","Yes","SUSPECTED SERIOUS INJURY","NONE","39.14356652","-77.22390541","    (39.14356652, -77.22390541)"
"MCP29360049","200047862","Montgomery County Police","Injury Crash","12/04/2020 07:50:00 PM","County","NICHOLSON LA","WOODGLEN DR",,"N/A","PEDESTRIAN","OTHER","RAINING","WET","DARK LIGHTS ON","TRAFFIC SIGNAL","NONE DETECTED","NONE DETECTED","4029F7BB-D91C-445D-AF83-064D1E44A4B1","PEDESTRIAN","Cross/Enter at Intersection","NO IMPROPER ACTIONS","AT INTERSECTION MARKED CROSSWALK","No","SUSPECTED MINOR INJURY","NONE","39.04512833","-77.11329333","    (39.04512833, -77.11329333)"
"MCP2198008F","200047701","Montgomery County Police","Injury Crash","12/03/2020 07:06:00 PM","County","SHADY GROVE RD","CROSSOVER",,"N/A","PEDESTRIAN","SINGLE VEHICLE","CLEAR","DRY","DARK LIGHTS ON","NO CONTROLS","N/A","N/A","4B1A33EB-885A-432A-A5AC-AACAE87A8757","PEDESTRIAN","Cross/Enter at Intersection","NO IMPROPER ACTIONS","AT INTERSECTION BUT NO CROSSWALK","No","POSSIBLE INJURY","N/A","39.120055","-77.18045216","    (39.120055, -77.18045216)"
"MCP2475005F","200047541","Montgomery County Police","Injury Crash","12/02/2020 05:18:00 PM","County","OAKVIEW DR","BRADDOCK RD",,"N/A","PEDESTRIAN","SAME DIRECTION LEFT TURN","N/A","DRY","DARK LIGHTS ON","STOP SIGN","NONE DETECTED","NONE DETECTED","0D836E00-5D53-4CB3-9FA1-65F066D1189F","PEDESTRIAN","Cross/Enter at Intersection","NOT VISIBLE","AT INTERSECTION BUT NO CROSSWALK","No","SUSPECTED MINOR INJURY","N/A","39.015615","-76.981455","    (39.015615, -76.981455)"
"MCP3245000V","200047383","Montgomery County Police","Injury Crash","12/01/2020 05:29:00 PM","Municipality","STORY DR","GOLD KETTLE DR",,"GAITHERSBURG","PEDESTRIAN","N/A","CLEAR","DRY","DARK LIGHTS ON","NO CONTROLS","NONE DETECTED","NONE DETECTED","E754242E-9F0C-4269-882D-BFA54FD5B70F","PEDESTRIAN","Walking/Cycling on Sidewalk","INATTENTIVE","AT INTERSECTION MARKED CROSSWALK","No","SUSPECTED MINOR INJURY","NONE","39.11728004","-77.21242686","    (39.11728004, -77.21242686)"
"MCP3195001Q","200047400","Montgomery County Police","Injury Crash","12/01/2020 04:00:00 PM","County","BUCKNELL DR","ROAD END",,"N/A","PEDESTRIAN","OTHER","CLEAR","DRY","DAYLIGHT","N/A","N/A","N/A","66F084FE-83FC-46B6-9B1B-F22BF4A244B1","PEDESTRIAN","Cross/Enter not at Intersection","NO IMPROPER ACTIONS","ON ROADWAY NOT AT CROSSWALK","No","SUSPECTED MINOR INJURY","OTHER","39.03577069","-77.04681735","    (39.03577069, -77.04681735)"
"MCP2846006H","200047245","Montgomery County Police","Injury Crash","11/30/2020 05:30:00 PM","Maryland (State)","UNIVERSITY BLVD W","INWOOD AVE",,"N/A","PEDESTRIAN","OTHER","CLEAR","WET","DARK NO LIGHTS","NO CONTROLS","NONE DETECTED","NONE DETECTED","EE79D4F1-F794-4973-9D89-BF5034969DF2","PEDESTRIAN","Cross/Enter at Intersection","NO IMPROPER ACTIONS","ON ROADWAY AT CROSSWALK","No","SUSPECTED MINOR INJURY","UNKNOWN","39.03897333","-77.06001667","    (39.03897333, -77.06001667)"
"MCP12270019","200046895","Montgomery County Police","Fatal Crash","11/27/2020 10:10:00 PM","County","MONTROSE RD","EVELYN DR",,"ROCKVILLE","OTHER CONVEYANCE","SINGLE VEHICLE","CLEAR","DRY","DARK LIGHTS ON","STOP SIGN","NONE DETECTED","NONE DETECTED","2C52E907-9A40-4234-B281-13D7402423D9","OTHER CONVEYANCE","Cross/Enter at Intersection","INATTENTIVE","AT INTERSECTION BUT NO CROSSWALK","Yes","FATAL INJURY","NONE","39.0534085","-77.13325147","    (39.0534085, -77.13325147)"
"MCP2693003F","200046853","Montgomery County Police","Injury Crash","11/27/2020 05:20:00 PM","County","BAUER DR","GREENSPAN LA",,"N/A","PEDESTRIAN","SINGLE VEHICLE","CLEAR","DRY","DARK LIGHTS ON","NO CONTROLS","UNKNOWN","NONE DETECTED","B01D8D6E-50AF-407A-B46D-C316754E35D7","PEDESTRIAN","Getting off/on Vehicle","NO IMPROPER ACTIONS","SHOULDER","No","POSSIBLE INJURY","N/A","39.09043193","-77.10772271","    (39.09043193, -77.10772271)"
"MCP29170078","200046848","Montgomery County Police","Injury Crash","11/27/2020 04:45:00 PM","County","EDGEBROOK RD","VEIRS MILL RD",,"N/A","BICYCLIST","HEAD ON","CLEAR","DRY","DARK NO LIGHTS","STOP SIGN","NONE DETECTED","NONE DETECTED","9F7E92CE-A7AC-419E-A774-7BE283D69AA6","BICYCLIST","Walking/Riding w/Traffic","NO IMPROPER ACTIONS","ON ROADWAY NOT AT CROSSWALK","No","SUSPECTED MINOR INJURY","MC/BIKE HELMET","39.05970607","-77.08921389","    (39.05970607, -77.08921389)"
"MCP93110030","200046712","Montgomery County Police","Injury Crash","11/26/2020 02:02:00 PM","Maryland (State)","FALLS RD","BELLS MILL RD",,"N/A","BICYCLIST","OTHER","CLEAR","DRY","DAYLIGHT","NO CONTROLS","NONE DETECTED","NONE DETECTED","F8D0F96E-836D-4385-9B73-48CD668A56C6","BICYCLIST","Walking/Riding w/Traffic","NO IMPROPER ACTIONS","SHOULDER","No","SUSPECTED MINOR INJURY","MC/BIKE HELMET","39.03465333","-77.194955","    (39.03465333, -77.194955)"
"MCP3058003W","200046633","Montgomery County Police","Injury Crash","11/25/2020 08:22:00 PM","Maryland (State)","ROCKVILLE PIKE","HOYA ST",,"N/A","BICYCLIST","SAME DIRECTION RIGHT TURN","CLOUDY","DRY","DARK LIGHTS ON","NO CONTROLS","NONE DETECTED","NONE DETECTED","5A4A2E92-1F4F-497A-B576-82A2D8DF4146","BICYCLIST","Cross/Enter at Intersection","NOT VISIBLE","ON ROADWAY AT CROSSWALK","Yes","SUSPECTED MINOR INJURY","MC/BIKE HELMET","39.05411333","-77.11813667","    (39.05411333, -77.11813667)"
"DD56370022","200046625","Rockville Police Departme","Injury Crash","11/25/2020 06:51:00 PM",,,,"PARKING LOT OF 403 REDLAND BLVD",,"PEDESTRIAN","SINGLE VEHICLE","CLEAR",,"DARK LIGHTS ON","NO CONTROLS","NONE DETECTED","NONE DETECTED","4669AC2E-84A5-486B-8349-1B226A4B6018","PEDESTRIAN","Cross/Enter at Intersection","NO IMPROPER ACTIONS","AT INTERSECTION MARKED CROSSWALK","No","POSSIBLE INJURY","NONE","39.11285733","-77.17183467","    (39.11285733, -77.17183467)"
"MCP2395001R","200046482","Montgomery County Police","Injury Crash","11/24/2020 08:36:00 PM","County","WHITES FERRY RD","WASCHE RD",,"N/A","OTHER","SINGLE VEHICLE","CLOUDY","DRY","DARK NO LIGHTS","NO CONTROLS","ALCOHOL CONTRIBUTED","N/A","9CEE7789-68B5-4B48-A256-4A94061C6703","OTHER","N/A","N/A","N/A","No","NO APPARENT INJURY","N/A","39.153692","-77.44087883","    (39.153692, -77.44087883)"
"MCP2358007X","200046475","Montgomery County Police","Property Damage Crash","11/24/2020 01:10:00 PM","Maryland (State)","RIVER RD","NORTON RD",,"N/A","BICYCLIST","SAME DIR REAR END","CLEAR","DRY","DAYLIGHT","NO CONTROLS","UNKNOWN","NONE DETECTED","5486DE50-CE97-4CB8-82D1-7829AD0EF48F","BICYCLIST","Walking/Riding w/Traffic","NO IMPROPER ACTIONS","ON ROADWAY NOT AT CROSSWALK","No","NO APPARENT INJURY","UNKNOWN","39.0256895","-77.21929867","    (39.0256895, -77.21929867)"
"MCP2720005B","200046356","Montgomery County Police","Injury Crash","11/23/2020 10:16:00 PM","County","BEL PRE RD","RIPPLING BROOK DR",,"N/A","OTHER CONVEYANCE","STRAIGHT MOVEMENT ANGLE","CLEAR","DRY","DARK LIGHTS ON","NO CONTROLS","NONE DETECTED","NONE DETECTED","20AE42FA-475C-4A0A-8C23-17D00F80BC41","OTHER CONVEYANCE","Cross/Enter at Intersection","FAILURE TO YIELD RIGHT OF WAY","ON ROADWAY AT CROSSWALK","Yes","POSSIBLE INJURY","NONE","39.09031333","-77.05370333","    (39.09031333, -77.05370333)"
"MCP27660060","200046057","Montgomery County Police","Injury Crash","11/21/2020 06:24:00 PM","County","CONNECTICUT AVE","GEORGIA AVE",,"N/A","PEDESTRIAN","OTHER","CLEAR","DRY","DARK LIGHTS ON","TRAFFIC SIGNAL","NONE DETECTED","ALCOHOL PRESENT","DDA4CA59-C08F-4BA8-BDED-06C3C6F69602","PEDESTRIAN","Cross/Enter at Intersection","NO IMPROPER ACTIONS","ON ROADWAY AT CROSSWALK","No","POSSIBLE INJURY","NONE","39.08377","-77.07776333","    (39.08377, -77.07776333)"
"MCP2689007D","200045992","Montgomery County Police","Injury Crash","11/21/2020 10:49:00 AM",,,,"PARKING LOT OF GIANT FOOD, 9719 TRAVILLE GATEWAY DR, ROCKVILLE, MD 20850",,"PEDESTRIAN","SINGLE VEHICLE","CLOUDY",,"DAYLIGHT","NO CONTROLS","UNKNOWN","NONE DETECTED","39486BE6-B089-4C64-A219-C29A111A8090","PEDESTRIAN","Other","NO IMPROPER ACTIONS","OTHER","No","POSSIBLE INJURY","REFLECTIVE CLOTHING","39.09140109","-77.20281946","    (39.09140109, -77.20281946)"
"MCP2001001G","200045803","Montgomery County Police","Fatal Crash","11/20/2020 05:16:00 AM","Maryland (State)","ROCKVILLE PIKE","GROSVENOR LA",,"N/A","PEDESTRIAN","SINGLE VEHICLE","CLEAR","DRY","DARK LIGHTS ON","OTHER","NONE DETECTED","N/A","6F258D73-FB16-43ED-A9A7-0542E55FCC2A","PEDESTRIAN","Cross/Enter at Intersection","UNKNOWN","ON ROADWAY AT CROSSWALK","Yes","FATAL INJURY","OTHER","39.02256036","-77.10278445","    (39.02256036, -77.10278445)"
"MCP3270000T","200045439","Montgomery County Police","Property Damage Crash","11/17/2020 06:36:00 PM","Maryland (State)","NEW HAMPSHIRE AVE","IN CORP LMTS TAKOMA PARK",,"N/A","BICYCLIST","STRAIGHT MOVEMENT ANGLE","CLEAR","DRY","DARK LIGHTS ON","N/A","UNKNOWN","NONE DETECTED","3A6BF28C-53BF-44BE-B913-210842B262B2","BICYCLIST","Cross/Enter at Intersection","NO IMPROPER ACTIONS","AT INTERSECTION MARKED CROSSWALK","No","NO APPARENT INJURY","NONE","39.04090188","-76.99101255","    (39.04090188, -76.99101255)"
"MCP2891009K","200045188","Montgomery County Police","Injury Crash","11/16/2020 08:26:00 AM","County","PINECREST CIR","HIGHLAND DR",,"N/A","PEDESTRIAN","SINGLE VEHICLE","CLEAR","DRY","DAYLIGHT","N/A","NONE DETECTED","NONE DETECTED","83C66713-780F-42DF-99BA-1260A0B7BCE1","PEDESTRIAN","Other Working","NO IMPROPER ACTIONS","OTHER","Unknown","POSSIBLE INJURY","REFLECTIVE CLOTHING","39.00563667","-77.02952333","    (39.00563667, -77.02952333)"
"MCP3040004V","200045141","Montgomery County Police","Injury Crash","11/15/2020 07:30:00 PM","Maryland (State)","GEORGIA AVE","OLNEY SANDY SPRING RD",,"N/A","PEDESTRIAN","SINGLE VEHICLE","RAINING","WET","DARK LIGHTS ON","TRAFFIC SIGNAL","NONE DETECTED","NONE DETECTED","277548F2-2C2A-49F6-B222-6A8B66ABB9E5","PEDESTRIAN","Cross/Enter at Intersection","DART DASH","AT INTERSECTION MARKED CROSSWALK","Yes","POSSIBLE INJURY","NONE","39.15308776","-77.0666712","    (39.15308776, -77.0666712)"
"DD5625004K","200045132","Rockville Police Departme","Injury Crash","11/15/2020 06:20:00 PM","Municipality","WOOTTON PKWY","FALLSMEAD WAY",,"ROCKVILLE","PEDESTRIAN","OTHER","CLEAR","DRY","DARK NO LIGHTS","NO CONTROLS","NONE DETECTED","NONE DETECTED","51926177-1832-4008-8476-6EE1D9CF8E08","PEDESTRIAN","Cross/Enter at Intersection","NO IMPROPER ACTIONS","AT INTERSECTION MARKED CROSSWALK","No","POSSIBLE INJURY","NONE","39.0718583","-77.17858714","    (39.0718583, -77.17858714)"
"MCP29360046","200045110","Montgomery County Police","Injury Crash","11/15/2020 04:30:00 PM","Maryland (State)","ROCKVILLE PIKE","ENT TO NATIONAL NAVAL MEDICAL CTR",,"N/A","BICYCLIST","STRAIGHT MOVEMENT ANGLE","CLOUDY","DRY","DAYLIGHT","TRAFFIC SIGNAL","NONE DETECTED","NONE DETECTED","C36FD9C1-307D-47BA-B01D-5A971F529E95","BICYCLIST","Cross/Enter at Intersection","NO IMPROPER ACTIONS","ON ROADWAY AT CROSSWALK","No","SUSPECTED MINOR INJURY","OTHER","39.004705","-77.09712333","    (39.004705, -77.09712333)"
"MCP3145002T","200045012","Montgomery County Police","Injury Crash","11/14/2020 06:00:00 PM","Maryland (State)","NEW HAMPSHIRE AVE","RANDOLPH RD",,"N/A","PEDESTRIAN","SINGLE VEHICLE","CLEAR","DRY","DARK LIGHTS ON","TRAFFIC SIGNAL","NONE DETECTED","NONE DETECTED","42309692-4A4F-4E8C-A082-429F31EEEED7","PEDESTRIAN","Cross/Enter at Intersection","IN ROADWAY IMPROPERLY","ON ROADWAY NOT AT CROSSWALK","Yes","SUSPECTED MINOR INJURY","N/A","39.07633","-77.00139","    (39.07633, -77.00139)"
"MCP2615003S","200044977","Montgomery County Police","Property Damage Crash","11/14/2020 12:40:00 PM",,,,"PARKING LOT
12705 NEW HAMPSHIRE AVENUE
SILVER SPRING, MD, 20904",,"PEDESTRIAN","SAME DIR REAR END","CLEAR",,"DAYLIGHT","NO CONTROLS","NONE DETECTED","NONE DETECTED","E53A1BE9-7BAA-422C-93AE-1ACCB629FFD9","PEDESTRIAN","Standing","N/A","OTHER","No","NO APPARENT INJURY","N/A","39.06436783","-76.99927703","    (39.06436783, -76.99927703)"
"DD5640000S","200044988","Rockville Police Departme","Property Damage Crash","11/14/2020 11:48:00 AM","Maryland (State)","FIRST ST","GRANDIN AVE",,"ROCKVILLE","BICYCLIST","STRAIGHT MOVEMENT ANGLE","CLEAR","DRY","DAYLIGHT","OTHER","NONE DETECTED","NONE DETECTED","00DA6CE4-DB5F-4992-854B-D64F44EC24C5","BICYCLIST","Cross/Enter at Intersection","NO IMPROPER ACTIONS","ON ROADWAY AT CROSSWALK","No","NO APPARENT INJURY","UNKNOWN","39.08105274","-77.1375268","    (39.08105274, -77.1375268)"
"DM8336003H","200044888","Takoma Park Police Depart","Injury Crash","11/13/2020 06:40:00 PM","Municipality","CHESTNUT AVE","PHILADELPHIA AVE",,"N/A","BICYCLIST","OTHER","CLEAR","DRY","DARK LIGHTS ON","N/A","NONE DETECTED","NONE DETECTED","574073C5-3DC4-4221-9D91-6F3F535D7A9A","BICYCLIST","Cross/Enter at Intersection","UNKNOWN","ON ROADWAY AT CROSSWALK","No","POSSIBLE INJURY","NONE","38.98325833","-77.01492833","    (38.98325833, -77.01492833)"