"Report Number","Local Case Number","Agency Name","ACRS Report Type","Crash Date/Time","Route Type","Road Name","Cross-Street Name","Off-Road Description","Municipality","Related Non-Motorist","Collision Type","Weather","Surface Condition","Light","Traffic Control","Driver Substance Abuse","Non-Motorist Substance Abuse","Person ID","Pedestrian Type","Pedestrian Movement","Pedestrian Actions","Pedestrian Location","At Fault","Injury Severity","Safety Equipment","Latitude","Longitude","Location"
"MCP2603003D","200044825","Montgomery County Police","Property Damage Crash","11/13/2020 01:30:00 PM","County","CHRISTOPHER AVE","HELLINGLY PL",,"N/A","PEDESTRIAN","OTHER","CLEAR","DRY","DAYLIGHT","NO CONTROLS","N/A","N/A","5D85C041-FCA3-4A90-B6AC-CE132DE3C045","PEDESTRIAN","Cross/Enter at Intersection","IN ROADWAY IMPROPERLY","AT INTERSECTION BUT NO CROSSWALK","Yes","NO APPARENT INJURY","N/A","39.15938167","-77.20579667","    (39.15938167, -77.20579667)"
"MCP3138002N","200044466","Montgomery County Police","Property Damage Crash","11/11/2020 07:50:00 PM","County","CONTINENTAL DR","GEORGE WASHINGTON DR",,"N/A","BICYCLIST","OTHER","CLEAR","DRY","DARK NO LIGHTS","N/A","N/A","N/A","E8E93BE5-BF3F-4D5B-B9DA-B013F121B9A3","BICYCLIST","Walking/Riding w/Traffic","OTHER","ON ROADWAY NOT AT CROSSWALK","No","NO APPARENT INJURY","MC/BIKE HELMET","39.13061875","-77.08827079","    (39.13061875, -77.08827079)"
"MCP3005005D","200044401","Montgomery County Police","Injury Crash","11/10/2020 02:13:00 PM",,,,"THRU ROADWAY (COMMONLY REFERRED TO AS RING ROAD) AT 11160 VEIRS MILL ROAD, SILVER SPRING, MD, 20902",,"PEDESTRIAN","OTHER","CLEAR",,"DAYLIGHT","NO CONTROLS","NONE DETECTED","NONE DETECTED","07855E67-403E-4582-9927-4F341C5CBF23","PEDESTRIAN","Other","NO IMPROPER ACTIONS","ON ROADWAY AT CROSSWALK","No","POSSIBLE INJURY","NONE","39.03732667","-77.05743833","    (39.03732667, -77.05743833)"
"MCP24960020","200044354","Montgomery County Police","Injury Crash","11/10/2020 10:52:00 AM","US (State)","COLESVILLE RD","SPUR TO SLIGO CREEK PKWY",,"N/A","BICYCLIST","OTHER","CLEAR","DRY","DAYLIGHT","TRAFFIC SIGNAL","NONE DETECTED","NONE DETECTED","83D6C3C7-BB25-4E59-8A43-16E6EDF3F991","BICYCLIST","Cross/Enter at Intersection","NO IMPROPER ACTIONS","AT INTERSECTION MARKED CROSSWALK","No","POSSIBLE INJURY","MC/BIKE HELMET","39.00769202","-77.02013074","    (39.00769202, -77.02013074)"
"MCP3012007H","200044352","Montgomery County Police","Injury Crash","11/10/2020 10:48:00 AM","Maryland (State)","VEIRS MILL RD","ENT TO BUSINESS",,"N/A","PEDESTRIAN","OTHER","CLEAR","DRY","DAYLIGHT","NO CONTROLS","NONE DETECTED","NONE DETECTED","81858FC3-D906-4D79-9A84-74C639E7551F","PEDESTRIAN","Cross/Enter not at Intersection","IN ROADWAY IMPROPERLY","OUTSIDE RIGHT OF WAY","Yes","SUSPECTED MINOR INJURY","NONE","39.05671333","-77.08339167","    (39.05671333, -77.08339167)"
"DD5645000M","200044339","Rockville Police Departme","Injury Crash","11/10/2020 09:32:00 AM","Maryland (State)","ROCKVILLE PIKE","CONGRESSIONAL LA",,"N/A","PEDESTRIAN","SINGLE VEHICLE","CLEAR","DRY","DAYLIGHT","TRAFFIC SIGNAL","NONE DETECTED","NONE DETECTED","CEB65C9B-3A09-4381-A614-222D8DA7941B","PEDESTRIAN","Cross/Enter at Intersection","FAILURE TO OBEY TRAFFIC SIGNS SIGNALS OR OFFICER","ON ROADWAY AT CROSSWALK","Yes","SUSPECTED MINOR INJURY","NONE","39.06440333","-77.12626833","    (39.06440333, -77.12626833)"
"MCP0613001Y","200044166","Montgomery County Police","Injury Crash","11/09/2020 09:36:00 AM","Maryland (State)","NEW HAMPSHIRE AVE","CLOVERLY ST",,"N/A","BICYCLIST","OTHER","CLEAR","DRY","DAYLIGHT","NO CONTROLS","NONE DETECTED","NONE DETECTED","A9A01828-690E-4330-AF24-C683D3B3CAF0","BICYCLIST","Walking/Riding w/Traffic","NO IMPROPER ACTIONS","AT INTERSECTION BUT NO CROSSWALK","No","SUSPECTED MINOR INJURY","MC/BIKE HELMET","39.109595","-76.99651333","    (39.109595, -76.99651333)"
"MCP3121003R","200044081","Montgomery County Police","Injury Crash","11/08/2020 04:15:00 PM",,,,"PARKING LOT IFO 18325 LOST KNIFE CIR.",,"PEDESTRIAN","STRAIGHT MOVEMENT ANGLE","CLEAR",,"DAYLIGHT","NO CONTROLS","NONE DETECTED","NONE DETECTED","5132DC20-D17D-4189-8416-3B2AB853B49E","PEDESTRIAN","Other Working","NO IMPROPER ACTIONS","OTHER","No","POSSIBLE INJURY","N/A","39.15826071","-77.20168765","    (39.15826071, -77.20168765)"
"DD5646000J","200044035","Rockville Police Departme","Injury Crash","11/08/2020 08:50:00 AM","Municipality","BLACKWELL RD","FALLSGROVE DR",,"ROCKVILLE","PEDESTRIAN","OTHER","CLEAR","DRY","DAYLIGHT","NO CONTROLS","NONE DETECTED","NONE DETECTED","886CD18E-A155-4A81-A6B7-A417E9F42ADC","PEDESTRIAN","Walking/Riding w/Traffic","IN ROADWAY IMPROPERLY","ON ROADWAY NOT AT CROSSWALK","Yes","SUSPECTED MINOR INJURY","NONE","39.09927333","-77.189928","    (39.09927333, -77.189928)"
"EJ7884000Y","200043997","Gaithersburg Police Depar","Injury Crash","11/07/2020 07:48:00 PM",,"ELLINGTON BLVD","CROWN PARK AVE",,"N/A","PEDESTRIAN","N/A","N/A","DRY","DARK LIGHTS ON","STOP SIGN","NONE DETECTED","N/A","664A8141-3C42-471B-BF8F-1193112A1BF6","PEDESTRIAN","Cross/Enter at Intersection","NO IMPROPER ACTIONS","ON ROADWAY AT CROSSWALK","No","SUSPECTED MINOR INJURY","N/A","39.11498079","-77.20475579","    (39.11498079, -77.20475579)"
"MCP29360045","200043988","Montgomery County Police","Injury Crash","11/07/2020 05:40:00 PM","Maryland (State)","ROCKVILLE PIKE","ENT TO MID-PIKE PLAZA",,"N/A","PEDESTRIAN","OTHER","N/A","DRY","DARK LIGHTS ON","OTHER","NONE DETECTED","NONE DETECTED","5580C31F-11C1-4C99-99E3-8B305142F021","PEDESTRIAN","Cross/Enter at Intersection","NO IMPROPER ACTIONS","ON ROADWAY AT CROSSWALK","No","SUSPECTED MINOR INJURY","NONE","39.051275","-77.115935","    (39.051275, -77.115935)"
"MCP2286003F","200043960","Montgomery County Police","Injury Crash","11/07/2020 03:00:00 PM","County","RIVER RD","HUGHES RD",,"N/A","BICYCLIST","OTHER","CLEAR","DRY","DAYLIGHT","NO CONTROLS","NONE DETECTED","NONE DETECTED","B2156102-D65D-4557-AB88-A8087B7A3028","BICYCLIST","Walking/Riding w/Traffic","NO IMPROPER ACTIONS","N/A","No","NO APPARENT INJURY","MC/BIKE HELMET","39.086815","-77.43595","    (39.086815, -77.43595)"
"MCP2617008T","200043733","Montgomery County Police","Injury Crash","11/05/2020 07:00:00 PM","Maryland (State)","GEORGIA AVE","WENDY LA",,"N/A","PEDESTRIAN","OTHER","CLEAR","DRY","DARK -- UNKNOWN LIGHTING","NO CONTROLS","NONE DETECTED","UNKNOWN","5246A647-30FB-4AF5-A170-7EB1B26CE1D2","PEDESTRIAN","Cross/Enter at Intersection","DART DASH","ON ROADWAY NOT AT CROSSWALK","Yes","SUSPECTED SERIOUS INJURY","NONE","39.07968883","-77.07368017","    (39.07968883, -77.07368017)"
"MCP2617008S","200043720","Montgomery County Police","Injury Crash","11/05/2020 05:52:00 PM","Maryland (State)","LAYHILL RD","POST LA",,"N/A","BICYCLIST","OTHER","CLEAR","DRY","DARK NO LIGHTS","NO CONTROLS","NONE DETECTED","NONE DETECTED","7F433424-2B36-452E-B696-4DEF66DD6E5E","BICYCLIST","Cross/Enter at Intersection","UNKNOWN","AT INTERSECTION BUT NO CROSSWALK","Unknown","SUSPECTED MINOR INJURY","MC/BIKE HELMET","39.0840475","-77.04641833","    (39.0840475, -77.04641833)"
"DD5633004D","200043647","Rockville Police Departme","Injury Crash","11/05/2020 11:45:00 AM","Municipality","MONROE PL","ROCKVILLE PIKE",,"N/A","PEDESTRIAN","OTHER","CLEAR","DRY","DAYLIGHT","TRAFFIC SIGNAL","NONE DETECTED","NONE DETECTED","3B3A4C6E-708F-4A0C-9F05-CA254DD819A7","PEDESTRIAN","Cross/Enter at Intersection","INATTENTIVE","ON ROADWAY AT CROSSWALK","No","POSSIBLE INJURY","NONE","39.08344462","-77.14695636","    (39.08344462, -77.14695636)"
"DD5604003Q","200043423","Rockville Police Departme","Injury Crash","11/03/2020 04:46:00 PM","Municipality","EDMONSTON DR","DENHAM RD",,"ROCKVILLE","BICYCLIST","OTHER","CLEAR","DRY","DUSK","NO CONTROLS","NONE DETECTED","NONE DETECTED","8ED98D7F-E606-47E0-B70B-9FC6DB5DD97A","BICYCLIST","Walking/Riding w/Traffic","IN ROADWAY IMPROPERLY","ON ROADWAY NOT AT CROSSWALK","Yes","SUSPECTED MINOR INJURY","MC/BIKE HELMET","39.08669317","-77.13380933","    (39.08669317, -77.13380933)"
"DD5620005S","200043351","Rockville Police Departme","Injury Crash","11/03/2020 08:15:00 AM",,,,"15215 SHADY GROVE RD PARKING LOT",,"PEDESTRIAN","SINGLE VEHICLE","CLEAR",,"DAYLIGHT","N/A","NONE DETECTED","NONE DETECTED","ABD63D38-9CED-40A7-B8AA-A114E53D9535","PEDESTRIAN","Other","NO IMPROPER ACTIONS","OTHER","No","SUSPECTED MINOR INJURY","NONE","39.06686833","-77.06137333","    (39.06686833, -77.06137333)"
"MCP3264000X","200043209","Montgomery County Police","Injury Crash","11/02/2020 11:21:00 AM",,,,"PARKING LOT NEXT TO 9802 GEORGIA AVE",,"PEDESTRIAN","N/A","CLEAR",,"DAYLIGHT","NO CONTROLS","NONE DETECTED","NONE DETECTED","DFE909E3-73E1-4041-8F20-8209E4C43ACC","PEDESTRIAN","Other","NO IMPROPER ACTIONS","OTHER","Unknown","POSSIBLE INJURY","NONE","39.01636167","-77.04335667","    (39.01636167, -77.04335667)"
"MCP9404002V","200043181","Montgomery County Police","Injury Crash","11/02/2020 08:39:00 AM",,,,"PARKING LOT OF 16021 INDUSTRIAL DRIVE",,"PEDESTRIAN","STRAIGHT MOVEMENT ANGLE","CLEAR",,"DAYLIGHT","N/A","NONE DETECTED","NONE DETECTED","29020B58-0CEE-4797-80DB-42E4EEC63E37","PEDESTRIAN","Other","FAILURE TO YIELD RIGHT OF WAY","OTHER","Yes","SUSPECTED MINOR INJURY","NONE","39.12054","-77.18921167","    (39.12054, -77.18921167)"
"MCP2348005Y","200043172","Montgomery County Police","Fatal Crash","11/02/2020 05:55:00 AM","County","SHADY GROVE RD","BRIARDALE RD",,"N/A","PEDESTRIAN","OTHER","SEVERE WINDS","DRY","DARK LIGHTS ON","TRAFFIC SIGNAL","NONE DETECTED","NONE DETECTED","9254CF72-7606-4908-9F8B-BC2BB41F00AA","PEDESTRIAN","Cross/Enter not at Intersection","IN ROADWAY IMPROPERLY","ON ROADWAY NOT AT CROSSWALK","Yes","FATAL INJURY","N/A","39.13353833","-77.15848667","    (39.13353833, -77.15848667)"
"MCP3069002M","200042986","Montgomery County Police","Property Damage Crash","10/31/2020 05:10:00 PM","Municipality","PERRY AVE","CONNECTICUT AVE",,"N/A","PEDESTRIAN","OTHER","CLEAR","DRY","DAYLIGHT","NO CONTROLS","UNKNOWN","NONE DETECTED","F1575C29-187A-4645-A740-0ADA5B4596A3","PEDESTRIAN","Cross/Enter not at Intersection","IN ROADWAY IMPROPERLY","ON ROADWAY NOT AT CROSSWALK","Yes","NO APPARENT INJURY","NONE","39.03287421","-77.07435807","    (39.03287421, -77.07435807)"
"MCP3209001T","200042007","Montgomery County Police","Injury Crash","10/30/2020 06:14:00 PM","County","BLAIR RD","JUNIPER ST",,"N/A","BICYCLIST","STRAIGHT MOVEMENT ANGLE","CLEAR","DRY","DUSK","STOP SIGN","UNKNOWN","NONE DETECTED","A046A21D-8CB8-4161-8EC8-7B62431A41D8","BICYCLIST","Cross/Enter at Intersection","FAILURE TO YIELD RIGHT OF WAY","AT INTERSECTION BUT NO CROSSWALK","No","POSSIBLE INJURY","NONE","38.98272912","-77.02240396","    (38.98272912, -77.02240396)"
"MCP2001001F","200042837","Montgomery County Police","Fatal Crash","10/30/2020 02:32:00 PM","Maryland (State)","GERMANTOWN RD","MIDDLEBROOK RD",,"N/A","PEDESTRIAN","SINGLE VEHICLE","CLEAR","DRY","DAYLIGHT","TRAFFIC SIGNAL","NONE DETECTED","NONE DETECTED","A141ABBA-69DE-4D04-B787-B8F48DCF726F","PEDESTRIAN","Cross/Enter at Intersection","FAILURE TO YIELD RIGHT OF WAY","ON ROADWAY AT CROSSWALK","Yes","FATAL INJURY","NONE","39.17893647","-77.26728732","    (39.17893647, -77.26728732)"
"MCP263900B0","200042762","Montgomery County Police","Injury Crash","10/30/2020 06:53:00 AM","Maryland (State)","GEORGIA AVE","HEATHFIELD RD",,"N/A","PEDESTRIAN","STRAIGHT MOVEMENT ANGLE","RAINING","WET","DARK LIGHTS ON","TRAFFIC SIGNAL","NONE DETECTED","NONE DETECTED","EDCAE54E-EDED-4728-A622-6A20E44E3FC5","PEDESTRIAN","Cross/Enter at Intersection","DART DASH","ON ROADWAY AT CROSSWALK","Yes","POSSIBLE INJURY","NONE","39.08771167","-77.07952667","    (39.08771167, -77.07952667)"
"MCP2905004W","200042628","Montgomery County Police","Injury Crash","10/29/2020 07:19:00 AM",,,,"ACCESS ROAD AT SUBURBAN HOSPITAL",,"PEDESTRIAN","OTHER","RAINING",,"DARK LIGHTS ON","STOP SIGN","N/A","N/A","13160380-4104-4443-BC65-9F90FADDADAF","PEDESTRIAN","Cross/Enter at Intersection","NO IMPROPER ACTIONS","DRIVEWAY ACCESS MARKED CROSSWALK","No","SUSPECTED MINOR INJURY","N/A","38.99797667","-77.11014333","    (38.99797667, -77.11014333)"
"MCP3150001L","200042420","Montgomery County Police","Injury Crash","10/27/2020 05:27:00 PM",,,,"PARKING LOT OF 12304 FEATHERWOOD DR SILVER SPRING MD",,"PEDESTRIAN","N/A","CLEAR",,"DAYLIGHT","NO CONTROLS","NONE DETECTED","NONE DETECTED","EADA2DCA-2005-4BF5-AD30-E7557BA25DBD","PEDESTRIAN","Other","FAILURE TO YIELD RIGHT OF WAY","ON ROADWAY NOT AT CROSSWALK","Yes","SUSPECTED MINOR INJURY","NONE","39.05905521","-76.9718918","    (39.05905521, -76.9718918)"
"MCP28990040","200042035","Montgomery County Police","Injury Crash","10/24/2020 09:41:00 PM","County","MONTGOMERY VILLAGE AVE","MIDCOUNTY HWY",,"N/A","PEDESTRIAN","OTHER","CLEAR","DRY","DARK LIGHTS ON","TRAFFIC SIGNAL","NONE DETECTED","UNKNOWN","224279B8-6EB3-492A-A695-45374A9F72F2","PEDESTRIAN","Cross/Enter not at Intersection","DART DASH","ON ROADWAY NOT AT CROSSWALK","Yes","SUSPECTED SERIOUS INJURY","NONE","39.15993033","-77.20247867","    (39.15993033, -77.20247867)"
"MCP1564004Y","200041970","Montgomery County Police","Injury Crash","10/24/2020 12:50:00 PM","Maryland (State)","NEW HAMPSHIRE AVE","STONEGATE DR",,"N/A","BICYCLIST","STRAIGHT MOVEMENT ANGLE","CLOUDY","DRY","DAYLIGHT","STOP SIGN","NONE DETECTED","NONE DETECTED","158952D7-CFCA-4205-B3CC-AC57BC1D1245","BICYCLIST","Cross/Enter at Intersection","NO IMPROPER ACTIONS","SHOULDER","No","POSSIBLE INJURY","MC/BIKE HELMET","39.09988988","-77.00380024","    (39.09988988, -77.00380024)"
"MCP3069002G","200041896","Montgomery County Police","Injury Crash","10/23/2020 06:55:00 PM","Maryland (State)","ROCKVILLE PIKE","STRATHMORE AVE",,"N/A","PEDESTRIAN","SINGLE VEHICLE","CLEAR","DRY","DARK LIGHTS ON","TRAFFIC SIGNAL","NONE DETECTED","NONE DETECTED","F153E36A-D4D4-4FF9-BEF5-1AD30F3B0E7E","PEDESTRIAN","Cross/Enter at Intersection","NOT VISIBLE","ON ROADWAY AT CROSSWALK","No","POSSIBLE INJURY","NONE","39.03483232","-77.10674684","    (39.03483232, -77.10674684)"
"MCP13230016","200041691","Montgomery County Police","Injury Crash","10/22/2020 12:58:00 PM","County","BONIFANT ST","GEORGIA AVE",,"N/A","PEDESTRIAN","OTHER","CLEAR","DRY","DAYLIGHT","NO CONTROLS","NONE DETECTED","NONE DETECTED","4995E12F-3DC8-43B6-96A5-3D70214949DA","PEDESTRIAN","Cross/Enter not at Intersection","IN ROADWAY IMPROPERLY","ON ROADWAY NOT AT CROSSWALK","No","POSSIBLE INJURY","N/A","38.99343833","-77.02615167","    (38.99343833, -77.02615167)"
"MCP136600B1","20004686","Montgomery County Police","Injury Crash","10/22/2020 12:46:00 PM","Maryland (State)","DARNESTOWN RD","MUDDY BRANCH RD",,"N/A","BICYCLIST","SAME DIRECTION SIDESWIPE","CLEAR","DRY","DAYLIGHT","TRAFFIC SIGNAL","NONE DETECTED","NONE DETECTED","D2AB854A-B546-4230-A6CC-049638D7B170","BICYCLIST","Cross/Enter at Intersection","NO IMPROPER ACTIONS","ON ROADWAY AT CROSSWALK","No","SUSPECTED MINOR INJURY","MC/BIKE HELMET","39.10287667","-77.220525","    (39.10287667, -77.220525)"
"DD5575001W","200041478","Rockville Police Departme","Injury Crash","10/20/2020 11:23:00 PM","Municipality","VEIRS MILL SERV RD","CLAGETT DR",,"ROCKVILLE","OTHER","OTHER","CLEAR","DRY","DARK LIGHTS ON","NO CONTROLS","UNKNOWN","NONE DETECTED","79666A22-F054-40A5-99F2-07027AA79483","OTHER","Walking/Riding w/Traffic","IN ROADWAY IMPROPERLY","ON ROADWAY NOT AT CROSSWALK","Yes","SUSPECTED MINOR INJURY","NONE","39.08361","-77.15354167","    (39.08361, -77.15354167)"
"MCP2756003L","200041458","Montgomery County Police","Injury Crash","10/20/2020 07:57:00 PM","Maryland (State)","GEORGIA AVE","REEDIE DR",,"N/A","PEDESTRIAN","SAME DIRECTION SIDESWIPE","CLEAR","DRY","DARK LIGHTS ON","NO CONTROLS","NONE DETECTED","ALCOHOL PRESENT","6BB25EAB-0BAB-4A18-A556-8DEA4EFD3826","PEDESTRIAN","Cross/Enter not at Intersection","FAILURE TO YIELD RIGHT OF WAY","ON ROADWAY NOT AT CROSSWALK","Yes","POSSIBLE INJURY","NONE","39.03897333","-77.0517","    (39.03897333, -77.0517)"
"MCP3021005F","200041083","Montgomery County Police","Injury Crash","10/18/2020 12:30:00 PM",,,,"12012 CHERRY HILL RD - ALDI PARKING LOT",,"PEDESTRIAN","SINGLE VEHICLE","CLEAR",,"DAYLIGHT","NO CONTROLS","NONE DETECTED","NONE DETECTED","9981D314-3241-41E7-9F0E-0E7E947151E7","PEDESTRIAN","Standing","NO IMPROPER ACTIONS","OTHER","No","POSSIBLE INJURY","N/A","39.052725","-76.95676833","    (39.052725, -76.95676833)"
"MCP2797002L","200041075","Montgomery County Police","Property Damage Crash","10/18/2020 08:00:00 AM","County","BLOOMFIELD RD","ROLLING ACRES WAY",,"N/A","OTHER","SINGLE VEHICLE","CLEAR","DRY","DAYLIGHT","NO CONTROLS","UNKNOWN","N/A","BABC3557-D50E-4ECA-9B66-0F3FF03A6FF0","OTHER","N/A","N/A","INSIDE BUILDING","No","NO APPARENT INJURY","N/A","39.16272801","-77.07300587","    (39.16272801, -77.07300587)"
"EJ7876002V","200041001","Gaithersburg Police Depar","Injury Crash","10/17/2020 07:00:00 PM","County","GOSHEN RD","ODENDHAL AVE",,"GAITHERSBURG","BICYCLIST","OTHER","CLEAR","DRY","DARK LIGHTS ON","TRAFFIC SIGNAL","NONE DETECTED","NONE DETECTED","1185B870-A510-4743-AABB-DDFE09A57AF0","BICYCLIST","Cross/Enter at Intersection","NO IMPROPER ACTIONS","ON ROADWAY AT CROSSWALK","No","POSSIBLE INJURY","NONE","39.1525673","-77.19280328","    (39.1525673, -77.19280328)"
"MCP913000B6","200040911","Montgomery County Police","Injury Crash","10/17/2020 10:27:00 AM","Maryland (State)","NEW HAMPSHIRE AVE","DILSTON RD",,"N/A","PEDESTRIAN","SINGLE VEHICLE","CLEAR","DRY","DAYLIGHT","TRAFFIC SIGNAL","NONE DETECTED","NONE DETECTED","F04A547C-9FCD-4D50-BDA6-5780FF215312","PEDESTRIAN","Cross/Enter at Intersection","NO IMPROPER ACTIONS","ON ROADWAY AT CROSSWALK","No","POSSIBLE INJURY","NONE","39.01138699","-76.97903723","    (39.01138699, -76.97903723)"
"MCP2767008M","200040705","Montgomery County Police","Injury Crash","10/15/2020 05:30:00 PM",,,,"ON SIDEWALK IN FRONT OF 2624 WEISMAN RD., SILVER SPRING MD",,"BICYCLIST","STRAIGHT MOVEMENT ANGLE","CLEAR",,"DAYLIGHT","NO CONTROLS","NONE DETECTED","NONE DETECTED","739CFF5E-8C0E-4242-BF2C-1F9941D85FE9","BICYCLIST","Walking/Cycling on Sidewalk","NO IMPROPER ACTIONS","SIDEWALK","No","POSSIBLE INJURY","NONE","39.05484033","-77.05692455","    (39.05484033, -77.05692455)"
"MCP3080002V","200040688","Montgomery County Police","Injury Crash","10/15/2020 04:28:00 PM","Maryland (State)","GREAT SENECA HWY","CLIMBING IVY DR",,"N/A","PEDESTRIAN","OTHER","CLEAR","DRY","DAYLIGHT","TRAFFIC SIGNAL","NONE DETECTED","NONE DETECTED","969EC6CE-EA0B-4264-8C08-3FE9E527CF01","PEDESTRIAN","Cross/Enter at Intersection","NO IMPROPER ACTIONS","AT INTERSECTION MARKED CROSSWALK","No","POSSIBLE INJURY","NONE","39.16653148","-77.27062088","    (39.16653148, -77.27062088)"
"MCP137800V1","200040671","Montgomery County Police","Injury Crash","10/15/2020 03:32:00 PM",,,,"PARKING LOT OF 9941 RIDGELINE DR",,"OTHER CONVEYANCE","SINGLE VEHICLE","CLEAR",,"DAYLIGHT","NO CONTROLS","NONE DETECTED","NONE DETECTED","3E7168BE-C729-46E3-AA46-2C3FBD122A42","OTHER CONVEYANCE","Playing","DART DASH","OTHER","Yes","SUSPECTED SERIOUS INJURY","NONE","39.17504","-77.20462833","    (39.17504, -77.20462833)"
"MCP271700SP","200040528","Montgomery County Police","Injury Crash","10/14/2020 05:00:00 PM","Government","BEACH DR","OLD SPRING RD",,"N/A","BICYCLIST","OTHER","CLEAR","DRY","DAYLIGHT","NO CONTROLS","NONE DETECTED","NONE DETECTED","FBFB5E6B-D564-4550-9A52-7A6674B9DF1F","BICYCLIST","Walking/Riding w/Traffic","NO IMPROPER ACTIONS","ON ROADWAY NOT AT CROSSWALK","No","SUSPECTED MINOR INJURY","MC/BIKE HELMET","39.01167833","-77.06801983","    (39.01167833, -77.06801983)"
"MCP2504005Z","200040526","Montgomery County Police","Injury Crash","10/14/2020 04:32:00 PM","County","TRAVILAH RD","PINEY MEETINGHOUSE RD",,"N/A","BICYCLIST","STRAIGHT MOVEMENT ANGLE","CLEAR","DRY","DAYLIGHT","STOP SIGN","NONE DETECTED","NONE DETECTED","D35CA7D4-9F0A-4FF7-B772-FDAA998D5BC1","BICYCLIST","Walking/Riding w/Traffic","NO IMPROPER ACTIONS","ON ROADWAY NOT AT CROSSWALK","No","SUSPECTED SERIOUS INJURY","MC/BIKE HELMET","39.08632667","-77.21847833","    (39.08632667, -77.21847833)"
"MCP2395001N","200040507","Montgomery County Police","Injury Crash","10/14/2020 02:25:00 PM","Maryland (State)","FISHER AVE","FYFFE RD",,"POOLESVILLE","BICYCLIST","SINGLE VEHICLE","CLEAR","DRY","DAYLIGHT","OTHER","NONE DETECTED","NONE DETECTED","EEA39DE7-EDE1-45FA-B072-393F372E0D1E","BICYCLIST","Cross/Enter at Intersection","NO IMPROPER ACTIONS","ON ROADWAY AT CROSSWALK","No","SUSPECTED MINOR INJURY","MC/BIKE HELMET","39.14494176","-77.41264201","    (39.14494176, -77.41264201)"
"MCP2639009Y","200040433","Montgomery County Police","Injury Crash","10/14/2020 08:10:00 AM",,,,"PARKING LOT OF 14101 GEORGIA AVE",,"PEDESTRIAN","STRAIGHT MOVEMENT ANGLE","CLEAR",,"DAYLIGHT","NO CONTROLS","UNKNOWN","NONE DETECTED","67FED444-FD33-4C75-9A6D-D2B5E9C811D6","PEDESTRIAN","Walking/Cycling on Sidewalk","NO IMPROPER ACTIONS","SIDEWALK","Unknown","POSSIBLE INJURY","NONE","39.08526063","-77.07821539","    (39.08526063, -77.07821539)"
"MCP2770002L","200040296","Montgomery County Police","Injury Crash","10/13/2020 12:45:00 PM","Maryland (State)","FREDERICK RD","PROFESSIONAL DR",,"GAITHERSBURG","PEDESTRIAN","OTHER","CLEAR","N/A","DAYLIGHT","TRAFFIC SIGNAL","NONE DETECTED","NONE DETECTED","00A25C6E-B1D4-4408-9997-963F8555C168","PEDESTRIAN","Cross/Enter at Intersection","NO IMPROPER ACTIONS","ON ROADWAY AT CROSSWALK","No","SUSPECTED MINOR INJURY","N/A","39.16347213","-77.22623722","    (39.16347213, -77.22623722)"
"MCP3264000T","200039478","Montgomery County Police","Injury Crash","10/13/2020 10:52:00 AM","County","RANDOLPH RD","SELFRIDGE RD",,"N/A","PEDESTRIAN","OTHER","CLEAR","UNKNOWN","DAYLIGHT","TRAFFIC SIGNAL","UNKNOWN","NONE DETECTED","C8D94281-C790-45FE-9A62-5030A40CAB11","PEDESTRIAN","Cross/Enter at Intersection","NO IMPROPER ACTIONS","ON ROADWAY AT CROSSWALK","No","SUSPECTED SERIOUS INJURY","NONE","39.05544307","-77.08376165","    (39.05544307, -77.08376165)"
"MCP29730057","200040243","Montgomery County Police","Injury Crash","10/12/2020 11:20:00 PM","Maryland (State)","GEORGIA AVE","GEORGIAN WAY",,"N/A","PEDESTRIAN","OTHER","RAINING","WET","DARK LIGHTS ON","NO CONTROLS","N/A","N/A","24A4B5BC-399D-4F28-B480-D6E1EB191959","PEDESTRIAN","Cross/Enter not at Intersection","FAILURE TO YIELD RIGHT OF WAY","ON ROADWAY NOT AT CROSSWALK","Yes","POSSIBLE INJURY","N/A","39.05417941","-77.05045591","    (39.05417941, -77.05045591)"
"MCP3126002C","200040224","Montgomery County Police","Property Damage Crash","10/12/2020 07:15:00 PM","Interstate (State)","EISENHOWER MEMORIAL HWY","EXIT #16",,"N/A","PEDESTRIAN","SAME DIR REAR END","RAINING","WET","DARK LIGHTS ON","NO CONTROLS","NONE DETECTED","NONE DETECTED","4285FC3D-C52F-47C9-839A-489C6290C417","PEDESTRIAN","Cross/Enter not at Intersection","FAILURE TO YIELD RIGHT OF WAY","OTHER","Yes","NO APPARENT INJURY","NONE","39.18905667","-77.25816833","    (39.18905667, -77.25816833)"
"MCP3268000K","200040192","Montgomery County Police","Injury Crash","10/12/2020 05:00:00 PM","Maryland (State)","COLESVILLE RD","EAST WEST HWY",,"N/A","OTHER","STRAIGHT MOVEMENT ANGLE","CLEAR","DRY","DAYLIGHT","STOP SIGN","N/A","N/A","70839808-DDEC-4427-924C-E3D42ED6B47B","OTHER","Cross/Enter at Intersection","NO IMPROPER ACTIONS","ON ROADWAY AT CROSSWALK","No","SUSPECTED MINOR INJURY","N/A","38.9935873","-77.03225235","    (38.9935873, -77.03225235)"
"EJ7870002W","200040056","Gaithersburg Police Depar","Injury Crash","10/11/2020 05:29:00 PM",,,,"PARKING LOT, 316 KENTLANDS BLVD",,"PEDESTRIAN","SINGLE VEHICLE","RAINING",,"DAYLIGHT","NO CONTROLS","UNKNOWN","NONE DETECTED","8B8F78D6-7AA4-4337-A841-70C17FAAE534","PEDESTRIAN","Other","NO IMPROPER ACTIONS","OTHER","No","POSSIBLE INJURY","NONE","39.12272129","-77.2374274","    (39.12272129, -77.2374274)"
"MCP2231005P","200040024","Montgomery County Police","Injury Crash","10/11/2020 12:39:00 PM","Municipality","MAIN ST","DARNESTOWN RD",,"N/A","BICYCLIST","SINGLE VEHICLE","CLOUDY","DRY","DAYLIGHT","TRAFFIC SIGNAL","NONE DETECTED","NONE DETECTED","59DAD8CF-D49A-40A2-B39C-6CD438F3FDC8","BICYCLIST","Cross/Enter at Intersection","NO IMPROPER ACTIONS","ON ROADWAY AT CROSSWALK","No","SUSPECTED MINOR INJURY","MC/BIKE HELMET","39.11239333","-77.24042667","    (39.11239333, -77.24042667)"