"Report Number","Local Case Number","Agency Name","ACRS Report Type","Crash Date/Time","Route Type","Road Name","Cross-Street Name","Off-Road Description","Municipality","Related Non-Motorist","Collision Type","Weather","Surface Condition","Light","Traffic Control","Driver Substance Abuse","Non-Motorist Substance Abuse","Person ID","Pedestrian Type","Pedestrian Movement","Pedestrian Actions","Pedestrian Location","At Fault","Injury Severity","Safety Equipment","Latitude","Longitude","Location"
"MCP3118002Y","200021872","Montgomery County Police","Injury Crash","06/03/2020 09:29:00 AM","Maryland (State)","LAYHILL RD","BEL PRE RD",,"N/A","BICYCLIST","SAME DIRECTION LEFT TURN","CLEAR","DRY","DAYLIGHT","TRAFFIC SIGNAL","NONE DETECTED","NONE DETECTED","EC1D3A73-82C6-4D49-9317-93C3CC881362","BICYCLIST","Cross/Enter at Intersection","INATTENTIVE","OTHER","Yes","POSSIBLE INJURY","MC/BIKE HELMET","39.09060333","-77.04511","    (39.09060333, -77.04511)"
"MCP20010019","200021694","Montgomery County Police","Fatal Crash","06/01/2020 06:29:00 PM","Maryland (State)","OLD GEORGETOWN RD","EXECUTIVE BLVD",,"N/A","OTHER","STRAIGHT MOVEMENT ANGLE","CLEAR","DRY","DAYLIGHT","TRAFFIC SIGNAL","NONE DETECTED","N/A","F56EE281-BC4C-48A9-B35D-B96F48164209","OTHER","Other Working","UNKNOWN","OTHER","No","FATAL INJURY","N/A","39.04816332","-77.11924964","    (39.04816332, -77.11924964)"
"MCP158000CY","200021626","Montgomery County Police","Injury Crash","06/01/2020 12:02:00 PM","Municipality","KENTLANDS BLVD","GREAT SENECA HWY",,"N/A","BICYCLIST","STRAIGHT MOVEMENT ANGLE","CLEAR","DRY","DAYLIGHT","TRAFFIC SIGNAL","NONE DETECTED","NONE DETECTED","5A1C4A25-6376-4B79-A3C7-D9EAD70E4C88","BICYCLIST","Cross/Enter at Intersection","NO IMPROPER ACTIONS","ON ROADWAY AT CROSSWALK","No","SUSPECTED MINOR INJURY","MC/BIKE HELMET","39.123385","-77.23133333","    (39.123385, -77.23133333)"
"MCP3199001X","200021288","Montgomery County Police","Injury Crash","05/29/2020 02:12:00 PM",,,,"PARKING LOT AT 2205 GEORGIAN WAY",,"PEDESTRIAN","OTHER","CLOUDY",,"DAYLIGHT","NO CONTROLS","NONE DETECTED","NONE DETECTED","018C90C2-0C67-4C20-BE6D-55CFB0C7DD52","PEDESTRIAN","Other","NO IMPROPER ACTIONS","OTHER","No","SUSPECTED MINOR INJURY","NONE","39.05454333","-77.04696","    (39.05454333, -77.04696)"
"MCP31260023","200021199","Montgomery County Police","Property Damage Crash","05/28/2020 06:00:00 PM",,"SNOWDEN FARM PKWY","SWEET SHRUB DRIVE",,"N/A","BICYCLIST","STRAIGHT MOVEMENT ANGLE","CLEAR","DRY","DAYLIGHT","STOP SIGN","UNKNOWN","NONE DETECTED","ADD5A259-B29E-4670-AC35-FE71D05CF2C8","BICYCLIST","Walking/Cycling on Sidewalk","NO IMPROPER ACTIONS","SIDEWALK","No","NO APPARENT INJURY","NONE","39.22899993","-77.25143076","    (39.22899993, -77.25143076)"
"DM84890005","200021132","Takoma Park Police Depart","Property Damage Crash","05/28/2020 10:51:00 AM","Maryland (State)","CARROLL AVE","GARLAND AVE",,"TAKOMA PARK","OTHER","SAME DIR REND LEFT TURN","RAINING","WET","N/A","N/A","NONE DETECTED","NONE DETECTED","4132C698-C800-4D4C-80AE-8530B1AAA83C","OTHER","N/A","N/A","OTHER","No","NO APPARENT INJURY","N/A","38.98622942","-76.99628257","    (38.98622942, -76.99628257)"
"DD5641000Y","200021098","Rockville Police Departme","Injury Crash","05/28/2020 06:38:00 AM","Municipality","FALLSGROVE BLVD","PRETTYMAN DR",,"ROCKVILLE","PEDESTRIAN","SINGLE VEHICLE","RAINING","WET","DUSK","STOP SIGN","NONE DETECTED","NONE DETECTED","FCE0D3BD-7D73-4FB1-9DE4-0E9B5D4E04AE","PEDESTRIAN","Cross/Enter at Intersection","NO IMPROPER ACTIONS","ON ROADWAY AT CROSSWALK","No","SUSPECTED MINOR INJURY","NONE","39.09632978","-77.19286117","    (39.09632978, -77.19286117)"
"HA24790003","20001222","Maryland-National Capital","Injury Crash","05/24/2020 02:32:00 PM",,"CEDAR LANE","BEACH DRIVE",,"N/A","BICYCLIST","STRAIGHT MOVEMENT ANGLE","CLEAR","DRY","DAYLIGHT","TRAFFIC SIGNAL","NONE DETECTED","NONE DETECTED","D2F8A953-E612-4F7D-B43D-F020400620F3","BICYCLIST","Cross/Enter at Intersection","FAILURE TO YIELD RIGHT OF WAY","AT INTERSECTION MARKED CROSSWALK","Yes","SUSPECTED MINOR INJURY","MC/BIKE HELMET","39.01234877","-77.09091532","    (39.01234877, -77.09091532)"
"MCP24110056","200020420","Montgomery County Police","Injury Crash","05/22/2020 11:16:00 AM","Maryland (State)","VEIRS MILL RD","ATLANTIC AVE",,"ROCKVILLE","BICYCLIST","SINGLE VEHICLE","RAINING","WET","DAYLIGHT","TRAFFIC SIGNAL","NONE DETECTED","NONE DETECTED","5A0DF53F-3CEB-421F-8904-10D1767F36CB","BICYCLIST","Cross/Enter at Intersection","NO IMPROPER ACTIONS","AT INTERSECTION MARKED CROSSWALK","No","SUSPECTED MINOR INJURY","MC/BIKE HELMET","39.07491597","-77.11555038","    (39.07491597, -77.11555038)"
"MCP3012006V","200020047","Montgomery County Police","Injury Crash","05/19/2020 01:03:00 PM","County","ASPEN HILL RD","CONNECTICUT AVE",,"N/A","PEDESTRIAN","OTHER","CLEAR","DRY","DAYLIGHT","N/A","N/A","N/A","4C450126-89C1-4F20-977C-4FF365C36115","PEDESTRIAN","Other","NO IMPROPER ACTIONS","MIDBLOCK MARKED CROSSWALK","No","POSSIBLE INJURY","NONE","39.08034","-77.078635","    (39.08034, -77.078635)"
"MCP2496001D","200020004","Montgomery County Police","Injury Crash","05/19/2020 08:48:00 AM","Maryland (State)","COLESVILLE RD","EAST WEST HWY",,"N/A","PEDESTRIAN","SINGLE VEHICLE","CLEAR","DRY","DAYLIGHT","TRAFFIC SIGNAL","NONE DETECTED","NONE DETECTED","273FB0D6-3561-48D1-B020-F0B3227161BE","PEDESTRIAN","Cross/Enter at Intersection","NO IMPROPER ACTIONS","ON ROADWAY AT CROSSWALK","No","SUSPECTED MINOR INJURY","NONE","38.99339739","-77.03216382","    (38.99339739, -77.03216382)"
"MCP2162004Q","200019716","Montgomery County Police","Injury Crash","05/16/2020 06:51:00 PM",,,,"IN THE DRIVEWAY OF 16713 ALEXANDER MANOR DRIVE, SILVER SPRING, MARYLAND",,"OTHER","SINGLE VEHICLE","CLEAR",,"DAYLIGHT","NO CONTROLS",,"N/A","9CED3A31-2BFB-459C-B859-A6588F0F2F23","OTHER","Getting off/on Vehicle","INATTENTIVE","OTHER","Yes","POSSIBLE INJURY","NONE","39.1364856","-77.01767355","    (39.1364856, -77.01767355)"
"MCP2291004K","200019601","Montgomery County Police","Injury Crash","05/15/2020 05:12:00 PM",,,,"PARKING LOT OF 8816 LANIER DR",,"BICYCLIST","SINGLE VEHICLE","CLEAR",,"DAYLIGHT","N/A","NONE DETECTED","NONE DETECTED","2AA55AF4-0580-4A9D-8B97-6A6E0747E4C9","BICYCLIST","Other","OTHER","OTHER","Yes","SUSPECTED MINOR INJURY","NONE","39.00012417","-77.049093","    (39.00012417, -77.049093)"
"MCP2722003M","200019441","Montgomery County Police","Injury Crash","05/14/2020 02:54:00 PM",,,,"PARKING LOT 15100 GLADE DR",,"PEDESTRIAN","OTHER","CLOUDY",,"DAYLIGHT","NO CONTROLS","N/A","N/A","62882DE1-A6A0-4807-BCB1-575CA4BD537D","PEDESTRIAN","Other","NO IMPROPER ACTIONS","OTHER","No","SUSPECTED MINOR INJURY","NONE","39.10402167","-77.07151333","    (39.10402167, -77.07151333)"
"MCP2438002J","200019314","Montgomery County Police","Injury Crash","05/13/2020 02:42:00 PM",,,,"PARKING LOT OF 12056 CHERRY HILL ROAD",,"PEDESTRIAN","OTHER","N/A",,"N/A","N/A","UNKNOWN","N/A","7E667A92-44B9-4441-85A2-0B3A97794304","PEDESTRIAN","Other","DART DASH","OTHER","No","POSSIBLE INJURY","N/A","39.05542924","-76.95435716","    (39.05542924, -76.95435716)"
"EJ7856008B","200019283","Gaithersburg Police Depar","Injury Crash","05/13/2020 11:20:00 AM","Municipality","LAKELANDS DR","GATESTONE ST",,"GAITHERSBURG","BICYCLIST","OTHER","CLEAR","DRY","DAYLIGHT","STOP SIGN","N/A","N/A","D93D5668-28F1-4B63-9C42-F69D6C805D72","BICYCLIST","Cross/Enter at Intersection","NO IMPROPER ACTIONS","OTHER","No","SUSPECTED MINOR INJURY","MC/BIKE HELMET","39.11808047","-77.2278652","    (39.11808047, -77.2278652)"
"MCP30760037","200019286","Montgomery County Police","Injury Crash","05/13/2020 11:14:00 AM","County","CHESAPEAKE AVE","TAKOMA AVE",,"N/A","OTHER CONVEYANCE","HEAD ON","CLEAR","DRY","DAYLIGHT","N/A","NONE DETECTED","NONE DETECTED","4ABD3821-E389-4642-BAF5-DF1D9433A88F","OTHER CONVEYANCE","Other Working","NO IMPROPER ACTIONS","N/A","No","POSSIBLE INJURY","REFLECTIVE CLOTHING","38.989807","-77.018913","    (38.989807, -77.018913)"
"MCP2231005J","200019287","Montgomery County Police","Injury Crash","05/13/2020 11:13:00 AM",,,,"PARKING LOT OF 46 BUREAU DR",,"PEDESTRIAN","SINGLE VEHICLE","CLEAR",,"DAYLIGHT","N/A","UNKNOWN","NONE DETECTED","E3602FB7-FE32-46EA-938F-4DD90A37BDE5","PEDESTRIAN","Cross/Enter not at Intersection","NO IMPROPER ACTIONS","ON ROADWAY AT CROSSWALK","No","POSSIBLE INJURY","NONE","39.14407363","-77.21804831","    (39.14407363, -77.21804831)"
"MCP2995006C","200018779","Montgomery County Police","Injury Crash","05/08/2020 05:26:00 PM","County","BEL PRE RD","BEL PRE CT",,"N/A","PEDESTRIAN","OTHER","RAINING","WET","DAYLIGHT","NO CONTROLS","NONE DETECTED","NONE DETECTED","364040F6-BB94-47D1-A960-F6B82C910F80","PEDESTRIAN","Cross/Enter not at Intersection","IN ROADWAY IMPROPERLY","ON ROADWAY NOT AT CROSSWALK","Yes","POSSIBLE INJURY","NONE","39.09438","-77.08992","    (39.09438, -77.08992)"
"MCP2710003B","200018771","Montgomery County Police","Injury Crash","05/08/2020 04:45:00 PM","Municipality","ONEILL DR","FREDERICK RD",,"N/A","PEDESTRIAN","SINGLE VEHICLE","RAINING","WET","DAYLIGHT","TRAFFIC SIGNAL","NONE DETECTED","NONE DETECTED","21C3B49E-CD70-40DC-9E40-D3E783A870EB","PEDESTRIAN","Cross/Enter at Intersection","DART DASH","ON ROADWAY AT CROSSWALK","Yes","SUSPECTED MINOR INJURY","NONE","39.12410167","-77.18020833","    (39.12410167, -77.18020833)"
"MCP2965004N","200018691","Montgomery County Police","Injury Crash","05/08/2020 10:10:00 AM","County","HERITAGE HILLS DR","HERITAGE HILLS CT",,"N/A","OTHER CONVEYANCE","OTHER","CLOUDY","DRY","DAYLIGHT","NO CONTROLS","NONE DETECTED","NONE DETECTED","090619CD-AB50-4CAA-8706-1B28EB0A24E4","OTHER CONVEYANCE","Cross/Enter not at Intersection","NOT VISIBLE","ON ROADWAY NOT AT CROSSWALK","Yes","POSSIBLE INJURY","REFLECTIVE CLOTHING","39.169105","-77.06162333","    (39.169105, -77.06162333)"
"EJ7852003Q","200018593","Gaithersburg Police Depar","Injury Crash","05/07/2020 04:00:00 PM",,,,"622 CENTERPOINT WAY, GAITHERSBURG MONTGOMERY COUNTY, MARYLAND",,"PEDESTRIAN","OTHER","N/A",,"DAYLIGHT","NO CONTROLS","NONE DETECTED","NONE DETECTED","368DAB05-A25E-44F4-B713-4451A17BCB72","PEDESTRIAN","N/A","UNKNOWN","N/A","Unknown","SUSPECTED MINOR INJURY","NONE","39.12196736","-77.23327566","    (39.12196736, -77.23327566)"
"MCP29340040","200018218","Montgomery County Police","Injury Crash","05/04/2020 05:11:00 PM","County","E JEFFERSON ST","MONTROSE PKWY",,"N/A","PEDESTRIAN","OTHER","CLEAR","DRY","DAYLIGHT","TRAFFIC SIGNAL","NONE DETECTED","NONE DETECTED","92C26D8D-EF6E-46D0-9177-FD7F06C00DA3","PEDESTRIAN","Cross/Enter at Intersection","NO IMPROPER ACTIONS","AT INTERSECTION MARKED CROSSWALK","No","POSSIBLE INJURY","NONE","39.051115","-77.12608667","    (39.051115, -77.12608667)"
"MCP3125002B","200018199","Montgomery County Police","Injury Crash","05/04/2020 03:30:00 PM",,,,"16101 FREDERICK RD - TRANSFER STATION RDS",,"PEDESTRIAN","SINGLE VEHICLE","CLEAR",,"DAYLIGHT","NO CONTROLS","NONE DETECTED","NONE DETECTED","E44742B3-DF76-454D-911A-F67EAE36266B","PEDESTRIAN","Getting off/on Vehicle","INATTENTIVE","ON ROADWAY NOT AT CROSSWALK","No","SUSPECTED MINOR INJURY","NONE","39.122035","-77.17094667","    (39.122035, -77.17094667)"
"EJ7878001D","200018160","Gaithersburg Police Depar","Injury Crash","05/04/2020 09:46:00 AM",,,,"PARKING LOT OF 21 S SUMMIT",,"PEDESTRIAN","OTHER","CLEAR",,"DAYLIGHT","NO CONTROLS","N/A","N/A","8ED26F24-7000-479B-9C46-1C121A413D7D","PEDESTRIAN","Standing","OTHER","OTHER","Unknown","POSSIBLE INJURY","LIGHTING","39.14068025","-77.19341273","    (39.14068025, -77.19341273)"
"DD5636001Z","200017965","Rockville Police Departme","Injury Crash","05/02/2020 05:55:00 PM","Municipality","ANDERSON AVE","LAIRD ST",,"ROCKVILLE","BICYCLIST","OTHER","CLEAR","DRY","DAYLIGHT","NO CONTROLS","NONE DETECTED","NONE DETECTED","75E28D44-AF07-4241-B9AA-805E21A6BF7F","BICYCLIST","Walking/Riding w/Traffic","UNKNOWN","N/A","Unknown","POSSIBLE INJURY","MC/BIKE HELMET","39.08606428","-77.16204295","    (39.08606428, -77.16204295)"
"MCP3232000R","200017966","Montgomery County Police","Injury Crash","05/02/2020 05:55:00 PM","Maryland (State)","GEORGIA AVE","GEORGIAN WAY",,"N/A","BICYCLIST","STRAIGHT MOVEMENT ANGLE","CLEAR","DRY","DAYLIGHT","NO CONTROLS","NONE DETECTED","NONE DETECTED","D12A7C3F-38BD-4A12-AB85-9A414A8AA6EB","BICYCLIST","Cross/Enter at Intersection","N/A","SIDEWALK","No","SUSPECTED MINOR INJURY","MC/BIKE HELMET","39.05439","-77.050395","    (39.05439, -77.050395)"
"MCP3130002F","200017902","Montgomery County Police","Injury Crash","05/02/2020 09:00:00 AM",,,,"GIANT FOOD PARKING LOT 13781 CONNECTICUT AVE.
SILVER SPRING MD 20906",,"OTHER","SINGLE VEHICLE","CLEAR",,"DAYLIGHT","NO CONTROLS","NONE DETECTED","NONE DETECTED","5E4820A0-5DA2-4939-BFF9-40AFB1202A8F","OTHER","Other Working","IMPROPER PASSING","OTHER","No","POSSIBLE INJURY","N/A","39.07968167","-77.079065","    (39.07968167, -77.079065)"
"MCP32710006","200017866","Montgomery County Police","Injury Crash","05/01/2020 09:20:00 PM","Maryland (State)","GREAT SENECA HWY","CROSSOVER",,"N/A","BICYCLIST","STRAIGHT MOVEMENT ANGLE","CLEAR","DRY","DARK NO LIGHTS","NO CONTROLS","NONE DETECTED","NONE DETECTED","7D9DDE00-8E7F-4284-B088-18FF3C0A27DB","BICYCLIST","Cross/Enter at Intersection","DART DASH","ON ROADWAY AT CROSSWALK","Yes","SUSPECTED SERIOUS INJURY","NONE","39.107415","-77.20955833","    (39.107415, -77.20955833)"
"MCP3073004V","200017725","Montgomery County Police","Property Damage Crash","04/30/2020 05:30:00 PM",,,,"14000 GEORGIA AVE. ASPEN HILL, MD 20906",,"PEDESTRIAN","OTHER","RAINING",,"DAYLIGHT","N/A","NONE DETECTED","NONE DETECTED","F7A6234F-7320-4ED4-ADC0-11927C1688D0","PEDESTRIAN","Unknown","UNKNOWN","OTHER","Unknown","NO APPARENT INJURY","NONE","39.08379167","-77.08135167","    (39.08379167, -77.08135167)"
"MCP3111002K","200017558","Montgomery County Police","Injury Crash","04/29/2020 12:58:00 PM","Maryland (State)","CONNECTICUT AVE","BRADLEY LA",,"N/A","BICYCLIST","SINGLE VEHICLE","CLEAR","DRY","DAYLIGHT","TRAFFIC SIGNAL","UNKNOWN","NONE DETECTED","3B8FD2F1-E40C-4F12-B715-75B077D99CC3","BICYCLIST","Walking/Cycling on Sidewalk","UNKNOWN","SIDEWALK","Unknown","SUSPECTED MINOR INJURY","MC/BIKE HELMET","38.97672396","-77.0772812","    (38.97672396, -77.0772812)"
"MCP3014002L","200017515","Montgomery County Police","Injury Crash","04/28/2020 10:56:00 PM","Maryland (State)","VEIRS MILL RD","RANDOLPH RD",,"N/A","PEDESTRIAN","OTHER","CLOUDY","WET","DARK LIGHTS ON","TRAFFIC SIGNAL","NONE DETECTED","ALCOHOL CONTRIBUTED","405F4FDB-A1B6-48F2-ADA7-92D7DB12A440","PEDESTRIAN","Cross/Enter at Intersection","IN ROADWAY IMPROPERLY","ON ROADWAY NOT AT CROSSWALK","Yes","SUSPECTED SERIOUS INJURY","NONE","39.05617808","-77.08262992","    (39.05617808, -77.08262992)"
"MCP3222000M","200017158","Montgomery County Police","Injury Crash","04/25/2020 11:19:00 AM","Government","BEACH DR","OLD SPRING RD",,"N/A","BICYCLIST","STRAIGHT MOVEMENT ANGLE","CLEAR","DRY","DAYLIGHT","STOP SIGN","NONE DETECTED","NONE DETECTED","F534BEF8-CE08-4CCB-A34D-620AFB7D1DB4","BICYCLIST","Cross/Enter at Intersection","NO IMPROPER ACTIONS","AT INTERSECTION MARKED CROSSWALK","No","SUSPECTED MINOR INJURY","MC/BIKE HELMET","39.01178183","-77.0680435","    (39.01178183, -77.0680435)"
"MCP29670048","200016958","Montgomery County Police","Injury Crash","04/23/2020 03:23:00 PM","Maryland (State)","MONTGOMERY AVE","WAVERLY ST",,"N/A","PEDESTRIAN","OTHER","RAINING","WET","DAYLIGHT","TRAFFIC SIGNAL","N/A","N/A","19C4CC45-22BE-43D9-AAC2-AB5243C19D2E","PEDESTRIAN","Cross/Enter at Intersection","NO IMPROPER ACTIONS","ON ROADWAY AT CROSSWALK","No","SUSPECTED MINOR INJURY","NONE","38.98386238","-77.09238932","    (38.98386238, -77.09238932)"
"DD5630002S","200016957","Rockville Police Departme","Injury Crash","04/23/2020 02:58:00 PM","Maryland (State)","ROCKVILLE PIKE","MONROE PL",,"ROCKVILLE","OTHER","OTHER","RAINING","WET","DAYLIGHT","TRAFFIC SIGNAL","NONE DETECTED","NONE DETECTED","73032430-F706-476B-9D64-76B6785E82C1","OTHER","Cross/Enter at Intersection","FAILURE TO OBEY TRAFFIC SIGNS SIGNALS OR OFFICER","ON ROADWAY AT CROSSWALK","Yes","SUSPECTED MINOR INJURY","NONE","39.08357859","-77.14725333","    (39.08357859, -77.14725333)"
"MCP3224000G","200016841","Montgomery County Police","Injury Crash","04/22/2020 08:28:00 PM","County","OLD COLUMBIA PIKE","AMBERSTONE CT",,"N/A","PEDESTRIAN","HEAD ON LEFT TURN","CLEAR","DRY","DARK LIGHTS ON","NO CONTROLS","NONE DETECTED","NONE DETECTED","9A0CBEC7-3609-4A48-871E-3C834EEC8E88","PEDESTRIAN","Cross/Enter at Intersection","NO IMPROPER ACTIONS","AT INTERSECTION BUT NO CROSSWALK","No","NO APPARENT INJURY","N/A","39.05413699","-76.97366375","    (39.05413699, -76.97366375)"
"MCP3224000G","200016841","Montgomery County Police","Injury Crash","04/22/2020 08:28:00 PM","County","OLD COLUMBIA PIKE","AMBERSTONE CT",,"N/A","PEDESTRIAN","HEAD ON LEFT TURN","CLEAR","DRY","DARK LIGHTS ON","NO CONTROLS","NONE DETECTED","NONE DETECTED","387A4DEB-0CA7-4E52-8D6C-83A9B374099B","PEDESTRIAN","Cross/Enter at Intersection","NO IMPROPER ACTIONS","AT INTERSECTION BUT NO CROSSWALK","No","NO APPARENT INJURY","N/A","39.05413699","-76.97366375","    (39.05413699, -76.97366375)"
"MCP3224000G","200016841","Montgomery County Police","Injury Crash","04/22/2020 08:28:00 PM","County","OLD COLUMBIA PIKE","AMBERSTONE CT",,"N/A","PEDESTRIAN","HEAD ON LEFT TURN","CLEAR","DRY","DARK LIGHTS ON","NO CONTROLS","NONE DETECTED","NONE DETECTED","647504E2-FE2D-4604-960C-631CDA04BE38","PEDESTRIAN","Cross/Enter at Intersection","NO IMPROPER ACTIONS","AT INTERSECTION BUT NO CROSSWALK","No","POSSIBLE INJURY","N/A","39.05413699","-76.97366375","    (39.05413699, -76.97366375)"
"MCP3225000F","200016839","Montgomery County Police","Injury Crash","04/22/2020 07:03:00 PM","County","RANDOLPH RD","COLIE DR",,"N/A","PEDESTRIAN","SINGLE VEHICLE","CLEAR","DRY","DAYLIGHT","N/A","NONE DETECTED","NONE DETECTED","7C63DC7F-5740-45D9-8DDB-44C3768DF042","PEDESTRIAN","Walking/Cycling on Sidewalk","NO IMPROPER ACTIONS","SIDEWALK","No","SUSPECTED MINOR INJURY","NONE","39.05763712","-77.07974648","    (39.05763712, -77.07974648)"
"MCP32110015","200016662","Montgomery County Police","Injury Crash","04/21/2020 12:46:00 PM","County","DORSET AVE","RIVER RD",,"N/A","PEDESTRIAN","N/A","CLOUDY","DRY","DAYLIGHT","STOP SIGN","NONE DETECTED","N/A","93CF851F-A8B4-4E01-90A0-DF3C8250C0D0","PEDESTRIAN","Cross/Enter at Intersection","IN ROADWAY IMPROPERLY","SHOULDER","No","POSSIBLE INJURY","N/A","38.96912792","-77.11006581","    (38.96912792, -77.11006581)"
"MCP2845006R","200016657","Montgomery County Police","Injury Crash","04/21/2020 12:28:00 PM",,,,"PARKING LOT TO THE REAR OF 10141 COLESVILLE RD",,"PEDESTRIAN","SINGLE VEHICLE","CLOUDY",,"DAYLIGHT","NO CONTROLS","NONE DETECTED","NONE DETECTED","7ADF61B9-FB10-4FCF-B352-CE8CE38A732A","PEDESTRIAN","Other","NO IMPROPER ACTIONS","OTHER","No","SUSPECTED MINOR INJURY","N/A","39.021207","-77.01157417","    (39.021207, -77.01157417)"
"MCP32710001","200016299","Montgomery County Police","Injury Crash","04/17/2020 03:51:00 PM","Maryland (State)","FREDERICK RD","MARYLAND AVE",,"GAITHERSBURG","BICYCLIST","STRAIGHT MOVEMENT ANGLE","CLEAR","DRY","DAYLIGHT","NO CONTROLS","NONE DETECTED","NONE DETECTED","339FFEDD-C723-41B8-A7C6-5929DA9533C6","BICYCLIST","Walking/Cycling on Sidewalk","NO IMPROPER ACTIONS","SIDEWALK","No","POSSIBLE INJURY","NONE","39.14500626","-77.20285304","    (39.14500626, -77.20285304)"
"MCP2072003T","200016288","Montgomery County Police","Injury Crash","04/17/2020 01:45:00 PM","County","SCENERY DR","SCENERY PL (PROP)",,"N/A","BICYCLIST","OTHER","CLOUDY","DRY","DAYLIGHT","NO CONTROLS","NONE DETECTED","N/A","00D84A0A-9516-449F-B728-3D414E1807F7","BICYCLIST","Walking/Riding w/Traffic","UNKNOWN","UNKNOWN","Yes","SUSPECTED MINOR INJURY","NONE","39.17754333","-77.23342","    (39.17754333, -77.23342)"
"MCP2750004V","200016263","Montgomery County Police","Injury Crash","04/17/2020 09:35:00 AM",,,,"12313 GEORGIA AVE",,"PEDESTRIAN","STRAIGHT MOVEMENT ANGLE","CLEAR",,"DAYLIGHT","NO CONTROLS","NONE DETECTED","NONE DETECTED","9CDABA14-1A2B-4247-B97C-D0985BD01B04","PEDESTRIAN","Walking/Cycling on Sidewalk","NO IMPROPER ACTIONS","SIDEWALK","No","SUSPECTED MINOR INJURY","NONE","39.05927333","-77.04997333","    (39.05927333, -77.04997333)"
"MCP3226000J","200016137","Montgomery County Police","Injury Crash","04/15/2020 02:00:00 PM",,,,"PARKING LOT AT ALDI. 2223 BEL PRE RD, SILVER SPRING, MD 20906",,"PEDESTRIAN","SINGLE VEHICLE","CLEAR",,"DAYLIGHT","NO CONTROLS","UNKNOWN","N/A","E6FDB5F3-2843-4C04-B966-B8A7084F0FC9","PEDESTRIAN","Standing","NO IMPROPER ACTIONS","OTHER","No","SUSPECTED MINOR INJURY","NONE","39.09163296","-77.0472753","    (39.09163296, -77.0472753)"
"MCP30240020","200016011","Montgomery County Police","Injury Crash","04/14/2020 03:46:00 PM","County","SKYLARK RD","SYCAMORE FARM DR",,"N/A","BICYCLIST","SINGLE VEHICLE","CLEAR","N/A","DAYLIGHT","NO CONTROLS","N/A","N/A","A6613128-F4BF-4667-B438-E1CD1B405E95","BICYCLIST","Cross/Enter at Intersection","FAILURE TO YIELD RIGHT OF WAY","ON ROADWAY AT CROSSWALK","Yes","SUSPECTED SERIOUS INJURY","MC/BIKE HELMET","39.23808062","-77.25151427","    (39.23808062, -77.25151427)"
"MCP3038004N","200015789","Montgomery County Police","Property Damage Crash","04/13/2020 04:38:00 PM","County","CRESTMOOR DR","EASTMOOR DR",,"N/A","OTHER","OTHER","CLEAR","DRY","DAYLIGHT","NO CONTROLS","N/A","N/A","329D54E9-A33E-4C28-8679-47420C3D7E45","OTHER","Cross/Enter at Intersection","DART DASH","ON ROADWAY NOT AT CROSSWALK","Yes","NO APPARENT INJURY","MC/BIKE HELMET","39.02700987","-77.0083001","    (39.02700987, -77.0083001)"
"MCP2436009S","200015770","Montgomery County Police","Injury Crash","04/12/2020 12:50:00 PM","US (State)","COLESVILLE RD","UNIVERSITY BLVD E",,"N/A","BICYCLIST","STRAIGHT MOVEMENT ANGLE","CLEAR","DRY","DAYLIGHT","TRAFFIC SIGNAL","NONE DETECTED","NONE DETECTED","3E75178E-4B0B-4D5D-B133-1806960462BC","BICYCLIST","Cross/Enter at Intersection","FAILURE TO OBEY TRAFFIC SIGNS SIGNALS OR OFFICER","ON ROADWAY AT CROSSWALK","Yes","SUSPECTED MINOR INJURY","NONE","39.02032231","-77.01283235","    (39.02032231, -77.01283235)"
"MCP2182002C","200015489","Montgomery County Police","Injury Crash","04/09/2020 06:30:00 AM","County","BEL PRE RD","CONNECTICUT AVE",,"N/A","PEDESTRIAN","N/A","RAINING","WET","DAWN","TRAFFIC SIGNAL","NONE DETECTED","NONE DETECTED","4A1116D7-5886-4B02-986B-2CF4E53F7D11","PEDESTRIAN","Cross/Enter at Intersection","NO IMPROPER ACTIONS","ON ROADWAY AT CROSSWALK","Unknown","POSSIBLE INJURY","NONE","39.09193329","-77.07034303","    (39.09193329, -77.07034303)"
"MCP30990025","200014974","Montgomery County Police","Injury Crash","04/04/2020 10:17:00 AM","County","RIDGE RD","OBSERVATION DR",,"N/A","PEDESTRIAN","OTHER","CLEAR","DRY","DAYLIGHT","TRAFFIC SIGNAL","NONE DETECTED","NONE DETECTED","77B30705-2349-47B2-A050-FB13228DD6BB","PEDESTRIAN","Cross/Enter at Intersection","NO IMPROPER ACTIONS","ON ROADWAY AT CROSSWALK","No","SUSPECTED MINOR INJURY","N/A","39.20184629","-77.25305357","    (39.20184629, -77.25305357)"
"MCP29630023","200014925","Montgomery County Police","Injury Crash","04/03/2020 06:11:00 PM","County","ROTHBURY DR","ARROWHEAD RD",,"N/A","PEDESTRIAN","SINGLE VEHICLE","CLEAR","DRY","DAYLIGHT","STOP SIGN","NONE DETECTED","NONE DETECTED","6ED92AC6-708D-4598-AC49-3D2EC6305F75","PEDESTRIAN","Cross/Enter at Intersection","NO IMPROPER ACTIONS","AT INTERSECTION MARKED CROSSWALK","No","POSSIBLE INJURY","NONE","39.18522333","-77.19406","    (39.18522333, -77.19406)"
"MCP12130056","200014841","Montgomery County Police","Injury Crash","04/02/2020 08:20:00 PM","Maryland (State)","NEW HAMPSHIRE AVE","RANDOLPH RD",,"N/A","PEDESTRIAN","STRAIGHT MOVEMENT ANGLE","CLEAR","DRY","DARK LIGHTS ON","TRAFFIC SIGNAL","NONE DETECTED","UNKNOWN","613DD17C-BCBD-41E8-9297-96D115FDE8E0","PEDESTRIAN","Cross/Enter at Intersection","FAILURE TO YIELD RIGHT OF WAY","ON ROADWAY AT CROSSWALK","Yes","POSSIBLE INJURY","NONE","39.07605333","-77.00231833","    (39.07605333, -77.00231833)"
"MCP3215000N","200014392","Montgomery County Police","Injury Crash","03/29/2020 01:01:00 PM","County","GREENTREE RD","GRANT ST",,"N/A","BICYCLIST","STRAIGHT MOVEMENT ANGLE","CLOUDY","DRY","DAYLIGHT","STOP SIGN","NONE DETECTED","NONE DETECTED","3F49C4C3-E4EB-44DA-90F8-DC787E27A287","BICYCLIST","Cross/Enter at Intersection","FAILURE TO OBEY TRAFFIC SIGNS SIGNALS OR OFFICER","AT INTERSECTION BUT NO CROSSWALK","Yes","SUSPECTED MINOR INJURY","MC/BIKE HELMET","38.991875","-77.098015","    (38.991875, -77.098015)"