"Report Number","Local Case Number","Agency Name","ACRS Report Type","Crash Date/Time","Route Type","Road Name","Cross-Street Name","Off-Road Description","Municipality","Related Non-Motorist","Collision Type","Weather","Surface Condition","Light","Traffic Control","Driver Substance Abuse","Non-Motorist Substance Abuse","Person ID","Pedestrian Type","Pedestrian Movement","Pedestrian Actions","Pedestrian Location","At Fault","Injury Severity","Safety Equipment","Latitude","Longitude","Location"
"MCP2966005K","200004681","Montgomery County Police","Injury Crash","01/28/2020 06:00:00 PM","County","WISTERIA DR","WARING STATION RD",,"N/A","PEDESTRIAN","OTHER","CLEAR","N/A","DUSK","NO CONTROLS","NONE DETECTED","N/A","A3624EFC-6250-4153-AE04-1AB871F971BC","PEDESTRIAN","Standing","INATTENTIVE","CURB","Unknown","POSSIBLE INJURY","NONE","39.16219554","-77.2508941","    (39.16219554, -77.2508941)"
"MCP003600CW","200004646","Montgomery County Police","Injury Crash","01/28/2020 03:10:00 PM",,,,"PARKING LOT/BUS PICKUP KINGSVIEW MIDDLE SCHOOL 18909 KINGSVIEW RD",,"PEDESTRIAN","SINGLE VEHICLE","CLOUDY",,"DAYLIGHT","N/A","NONE DETECTED","NONE DETECTED","D37BE65D-0BAA-457C-A556-27FD256CA0BE","PEDESTRIAN","Standing","INATTENTIVE","CURB","No","POSSIBLE INJURY","NONE","39.16660067","-77.28542633","    (39.16660067, -77.28542633)"
"MCP28770084","200004579","Montgomery County Police","Injury Crash","01/28/2020 08:54:00 AM","County","DARCY FOREST DR","FOREST GLEN RD",,"N/A","PEDESTRIAN","OTHER","CLEAR","DRY","DAYLIGHT","STOP SIGN","NONE DETECTED","NONE DETECTED","ED953D28-34E9-4CF0-8F4D-6D8764BA8BC2","PEDESTRIAN","Cross/Enter at Intersection","NO IMPROPER ACTIONS","ON ROADWAY AT CROSSWALK","No","POSSIBLE INJURY","N/A","39.01540327","-77.04728511","    (39.01540327, -77.04728511)"
"MCP2671002D","20004484","Montgomery County Police","Property Damage Crash","01/27/2020 04:50:00 PM","Maryland (State)","EAST WEST HWY","COLESVILLE RD",,"N/A","PEDESTRIAN","SAME DIR REAR END","N/A","DRY","DAYLIGHT","NO CONTROLS","NONE DETECTED","NONE DETECTED","8DDD9188-4EE5-487D-98ED-F85B5B73B74E","PEDESTRIAN","Playing","DART DASH","SIDEWALK","Yes","NO APPARENT INJURY","NONE","39.11418","-77.19300667","    (39.11418, -77.19300667)"
"MCP31300026","200004280","Montgomery County Police","Property Damage Crash","01/26/2020 11:15:00 AM",,,,"14030 CONNECTICUT AVE SILVER SPRING MD 20906
US POST OFFICE",,"OTHER","SINGLE VEHICLE","CLOUDY",,"DAYLIGHT","NO CONTROLS","NONE DETECTED","N/A","3FD0BA78-3CEF-4E01-9714-C77929064AF1","OTHER","N/A","N/A","OTHER","No","NO APPARENT INJURY","N/A","39.08646667","-77.07441167","    (39.08646667, -77.07441167)"
"MCP31130029","200004260","Montgomery County Police","Injury Crash","01/26/2020 06:50:00 AM",,,,"PARKING LOT OF 11812 NEW HAMPSHIRE AVE, OUR LADY OF VIETNAM CHURCH",,"PEDESTRIAN","OTHER","N/A",,"DAWN","N/A","N/A","N/A","F95F3372-352F-4C05-8579-0A01B70B61F3","PEDESTRIAN","Cross/Enter not at Intersection","NO IMPROPER ACTIONS","ON ROADWAY NOT AT CROSSWALK","No","SUSPECTED MINOR INJURY","NONE","39.05465031","-76.99516725","    (39.05465031, -76.99516725)"
"MCP3039004M","200004175","Montgomery County Police","Injury Crash","01/25/2020 03:30:00 PM","Maryland (State)","PINEY BRANCH RD","RITCHIE AVE",,"N/A","PEDESTRIAN","OTHER","CLEAR","DRY","DAYLIGHT","NO CONTROLS","NONE DETECTED","NONE DETECTED","2A3BDBED-3A59-49CD-9B8C-EC62BB3EA770","PEDESTRIAN","Cross/Enter at Intersection","NO IMPROPER ACTIONS","ON ROADWAY AT CROSSWALK","No","SUSPECTED MINOR INJURY","NONE","38.98837167","-77.01235","    (38.98837167, -77.01235)"
"MCP2198007G","200004032","Montgomery County Police","Injury Crash","01/24/2020 05:49:00 PM","Maryland (State)","S FREDERICK RD","FULKS CORNER AVE",,"GAITHERSBURG","BICYCLIST","OPPOSITE DIRECTION SIDESWIPE","CLEAR","DRY","DARK LIGHTS ON","STOP SIGN","N/A","N/A","37CFDCBA-44D2-4906-BB9C-5C6C736BE4B1","BICYCLIST","Cross/Enter at Intersection","DART DASH","AT INTERSECTION BUT NO CROSSWALK","Yes","POSSIBLE INJURY","NONE","39.149585","-77.23332","    (39.149585, -77.23332)"
"HA24750003","20000308","Maryland-National Capital","Injury Crash","01/24/2020 02:30:00 PM","Municipality","DORSET AVE","LITTLE FALLS PKWY",,"N/A","BICYCLIST","SAME DIR REND LEFT TURN","N/A","DRY","DAYLIGHT","TRAFFIC SIGNAL","UNKNOWN","N/A","465E831D-70E4-40CB-9833-3ABA4207C975","BICYCLIST","Walking/Riding w/Traffic","NO IMPROPER ACTIONS","AT INTERSECTION BUT NO CROSSWALK","No","SUSPECTED MINOR INJURY","MC/BIKE HELMET","38.96878235","-77.10061474","    (38.96878235, -77.10061474)"
"MCP3115003L","200003980","Montgomery County Police","Property Damage Crash","01/24/2020 01:00:00 PM","Maryland (State)","NEW HAMPSHIRE AVE","VALLEY BROOK DR",,"N/A","OTHER","SINGLE VEHICLE","CLEAR","DRY","DAYLIGHT","N/A","N/A","N/A","5D2352BF-D4ED-4F69-95EC-4BA6F871C473","OTHER","N/A","N/A","N/A","No","NO APPARENT INJURY","N/A","39.05773667","-76.99753667","    (39.05773667, -76.99753667)"
"MCP3053003R","200004077","Montgomery County Police","Property Damage Crash","01/24/2020 10:25:00 AM","Maryland (State)","UNIVERSITY BLVD W","AMHERST AVE",,"N/A","PEDESTRIAN","OTHER","CLEAR","DRY","DARK LIGHTS ON","TRAFFIC SIGNAL","N/A","N/A","3B10088B-46CF-4D32-BE12-1D86E53E8C6A","PEDESTRIAN","Cross/Enter at Intersection","UNKNOWN","AT INTERSECTION MARKED CROSSWALK","Unknown","NO APPARENT INJURY","NONE","39.04115833","-77.04794333","    (39.04115833, -77.04794333)"
"MCP32120012","200003809","Montgomery County Police","Injury Crash","01/23/2020 03:47:00 PM",,,,"PRIVATE DRIVE OFF 10000 BRUNSWICK AVE",,"PEDESTRIAN","OTHER","CLEAR",,"DAYLIGHT","NO CONTROLS","NONE DETECTED","NONE DETECTED","52DCA9D6-297D-4611-B12D-9E8465DCAA58","PEDESTRIAN","Walking/Riding against Traffic","N/A","ON ROADWAY NOT AT CROSSWALK","No","POSSIBLE INJURY","NONE","39.01943483","-77.05721367","    (39.01943483, -77.05721367)"
"MCP94300005","200003744","Montgomery County Police","Injury Crash","01/23/2020 07:35:00 AM","County","FERNWOOD RD","GREYSWOOD RD",,"N/A","PEDESTRIAN","OTHER","CLOUDY","DRY","DAYLIGHT","TRAFFIC SIGNAL","UNKNOWN","NONE DETECTED","093DE886-E67B-40AA-B334-16A142EEABC4","PEDESTRIAN","Cross/Enter at Intersection","NO IMPROPER ACTIONS","AT INTERSECTION MARKED CROSSWALK","No","SUSPECTED MINOR INJURY","N/A","39.01824757","-77.13333147","    (39.01824757, -77.13333147)"
"EJ7866007K","200003722","Gaithersburg Police Depar","Injury Crash","01/23/2020 07:04:00 AM","Municipality","S SUMMIT AVE","HUTTON ST",,"GAITHERSBURG","PEDESTRIAN","SINGLE VEHICLE","CLOUDY","DRY","DAWN","OTHER","NONE DETECTED","NONE DETECTED","4EBDEF3B-E7D7-4830-8522-E31DC63B51FC","PEDESTRIAN","Walking to/from school","NO IMPROPER ACTIONS","ON ROADWAY AT CROSSWALK","No","SUSPECTED MINOR INJURY","NONE","39.13905","-77.193395","    (39.13905, -77.193395)"
"MCP3163002J","200003614","Montgomery County Police","Injury Crash","01/22/2020 03:30:00 PM","County","WESTBARD AVE","RIDGEFIELD RD",,"N/A","PEDESTRIAN","HEAD ON LEFT TURN","N/A","DRY","DAYLIGHT","TRAFFIC SIGNAL","NONE DETECTED","N/A","8ED85C67-B551-4B91-A6E1-294D5059C072","PEDESTRIAN","Cross/Enter at Intersection","N/A","ON ROADWAY AT CROSSWALK","No","POSSIBLE INJURY","NONE","38.961452","-77.106857","    (38.961452, -77.106857)"
"MCP3163002J","200003614","Montgomery County Police","Injury Crash","01/22/2020 03:30:00 PM","County","WESTBARD AVE","RIDGEFIELD RD",,"N/A","PEDESTRIAN","HEAD ON LEFT TURN","N/A","DRY","DAYLIGHT","TRAFFIC SIGNAL","NONE DETECTED","N/A","7D721C70-8453-454C-957A-E67F5B548A46","PEDESTRIAN","Cross/Enter at Intersection","N/A","ON ROADWAY AT CROSSWALK","No","POSSIBLE INJURY","N/A","38.961452","-77.106857","    (38.961452, -77.106857)"
"MCP3012005Z","200003610","Montgomery County Police","Injury Crash","01/22/2020 03:03:00 PM","Maryland (State)","GEORGIA AVE","HATHAWAY DR",,"N/A","PEDESTRIAN","OTHER","CLEAR","DRY","DAYLIGHT","TRAFFIC SIGNAL","N/A","NONE DETECTED","15B5ACA3-53FD-4E9C-86FF-FA151EDDB88B","PEDESTRIAN","Walking/Riding against Traffic","IN ROADWAY IMPROPERLY","ON ROADWAY AT CROSSWALK","Yes","POSSIBLE INJURY","N/A","39.06811736","-77.0608396","    (39.06811736, -77.0608396)"
"MCP3012005Z","200003610","Montgomery County Police","Injury Crash","01/22/2020 03:03:00 PM","Maryland (State)","GEORGIA AVE","HATHAWAY DR",,"N/A","PEDESTRIAN","OTHER","CLEAR","DRY","DAYLIGHT","TRAFFIC SIGNAL","N/A","N/A","FE0F0BE4-9565-4F09-9902-95B09B90A2B6","PEDESTRIAN","Walking/Riding against Traffic","IN ROADWAY IMPROPERLY","ON ROADWAY AT CROSSWALK","Yes","POSSIBLE INJURY","N/A","39.06811736","-77.0608396","    (39.06811736, -77.0608396)"
"DD5595008H","200003432","Rockville Police Departme","Injury Crash","01/21/2020 04:51:00 PM","Municipality","W GUDE DR","PICCARD DR",,"ROCKVILLE","PEDESTRIAN","OTHER","CLEAR","DRY","DAYLIGHT","TRAFFIC SIGNAL","NONE DETECTED","NONE DETECTED","C00268EC-C0EE-4A09-B695-AF4BB1F42B73","PEDESTRIAN","Cross/Enter not at Intersection","NO IMPROPER ACTIONS","DRIVEWAY ACCESS MARKED CROSSWALK","No","SUSPECTED MINOR INJURY","N/A","39.10181667","-77.17734167","    (39.10181667, -77.17734167)"
"MCP229800QM","200003434","Montgomery County Police","Injury Crash","01/21/2020 03:22:00 PM","County","SHADY GROVE RD","FALLSGROVE BLVD",,"ROCKVILLE","PEDESTRIAN","OTHER","CLEAR","DRY","DAYLIGHT","TRAFFIC SIGNAL","NONE DETECTED","NONE DETECTED","A5592435-3078-44AB-BFF2-C126B29340BE","PEDESTRIAN","Cross/Enter not at Intersection","IN ROADWAY IMPROPERLY","ON ROADWAY NOT AT CROSSWALK","Yes","SUSPECTED SERIOUS INJURY","NONE","39.09712587","-77.19440379","    (39.09712587, -77.19440379)"
"MCP2730001P","200002998","Montgomery County Police","Injury Crash","01/18/2020 02:19:00 PM","County","WARING STATION RD","STONEY BOTTOM RD",,"N/A","PEDESTRIAN","OTHER","RAINING","WET","DAYLIGHT","YIELD SIGN","N/A","N/A","F25DCA34-7B40-42A1-AB50-86E093C1AE51","PEDESTRIAN","Cross/Enter at Intersection","NO IMPROPER ACTIONS","ON ROADWAY AT CROSSWALK","No","POSSIBLE INJURY","N/A","39.17195667","-77.25201167","    (39.17195667, -77.25201167)"
"EJ7866007J","200002979","Gaithersburg Police Depar","Injury Crash","01/18/2020 09:51:00 AM",,,,"501 N FREDERICK AVE",,"PEDESTRIAN","SINGLE VEHICLE","CLOUDY",,"DAYLIGHT","NO CONTROLS","NONE DETECTED","NONE DETECTED","44137629-04B0-464D-BE6B-94CEE5211907","PEDESTRIAN","Walking/Cycling on Sidewalk","NO IMPROPER ACTIONS","SIDEWALK","No","SUSPECTED MINOR INJURY","NONE","39.15100667","-77.209775","    (39.15100667, -77.209775)"
"MCP2941003X","200002375","Montgomery County Police","Injury Crash","01/17/2020 05:47:00 PM","US (State)","GEORGIA AVE","BONIFANT ST",,"N/A","PEDESTRIAN","SINGLE VEHICLE","CLEAR","DRY","DARK LIGHTS ON","TRAFFIC SIGNAL","UNKNOWN","NONE DETECTED","5F839783-59EA-4E78-B0BA-F62783AACD4F","PEDESTRIAN","Cross/Enter at Intersection","NO IMPROPER ACTIONS","ON ROADWAY AT CROSSWALK","No","SUSPECTED MINOR INJURY","NONE","38.9933749","-77.02679264","    (38.9933749, -77.02679264)"
"MCP209400FX","200002807","Montgomery County Police","Property Damage Crash","01/17/2020 09:38:00 AM","County","NEBEL ST","NICHOLSON LA",,"N/A","BICYCLIST","HEAD ON LEFT TURN","CLEAR","DRY","DAYLIGHT","NO CONTROLS","NONE DETECTED","NONE DETECTED","483C4D16-5A31-4A92-9082-C3FC7FC08D2B","BICYCLIST","Other","NO IMPROPER ACTIONS","OTHER","No","NO APPARENT INJURY","MC/BIKE HELMET","39.04659833","-77.10513333","    (39.04659833, -77.10513333)"
"MCP24920019","200002735","Montgomery County Police","Fatal Crash","01/16/2020 06:33:00 PM","Maryland (State)","ROCKVILLE PIKE","WOOTTON PKWY",,"ROCKVILLE","PEDESTRIAN","OTHER","SEVERE WINDS","DRY","DARK LIGHTS ON","NO CONTROLS","NONE DETECTED","UNKNOWN","8D8FF068-C253-4414-9496-D64BFC732C6B","PEDESTRIAN","Cross/Enter not at Intersection","FAILURE TO YIELD RIGHT OF WAY","ON ROADWAY NOT AT CROSSWALK","Yes","FATAL INJURY","N/A","39.07798974","-77.140867","    (39.07798974, -77.140867)"
"MCP2348005S","200002572","Montgomery County Police","Fatal Crash","01/15/2020 08:41:00 PM","Maryland (State)","ROCKVILLE PIKE","ROLLINS AVE",,"ROCKVILLE","PEDESTRIAN","SINGLE VEHICLE","CLEAR","DRY","DARK LIGHTS ON","TRAFFIC SIGNAL","NONE DETECTED","UNKNOWN","8B5E5D5B-C526-476F-829D-28228166602C","PEDESTRIAN","Unknown","UNKNOWN","UNKNOWN","Yes","FATAL INJURY","NONE","39.05748","-77.12031","    (39.05748, -77.12031)"
"MCP29310046","200002559","Montgomery County Police","Injury Crash","01/15/2020 07:22:00 PM","Municipality","DUNDEE RD","WOOTTON PKWY",,"ROCKVILLE","BICYCLIST","OTHER","CLEAR","DRY","DARK NO LIGHTS","N/A","N/A","N/A","7A53ADCD-37A4-4E95-9910-6480EF62136C","BICYCLIST","Cross/Enter at Intersection","NO IMPROPER ACTIONS","ON ROADWAY AT CROSSWALK","No","SUSPECTED SERIOUS INJURY","N/A","39.08686167","-77.188365","    (39.08686167, -77.188365)"
"MCP2936003H","200002545","Montgomery County Police","Injury Crash","01/15/2020 06:20:00 PM","Maryland (State)","ROCKVILLE PIKE","OLD GEORGETOWN RD",,"N/A","PEDESTRIAN","OTHER","CLEAR","DRY","DARK LIGHTS ON","NO CONTROLS","NONE DETECTED","NONE DETECTED","1F68C15C-2125-43AD-A85C-B8C724416762","PEDESTRIAN","Cross/Enter at Intersection","FAILURE TO YIELD RIGHT OF WAY","ON ROADWAY NOT AT CROSSWALK","Yes","SUSPECTED MINOR INJURY","NONE","39.05058333","-77.11898333","    (39.05058333, -77.11898333)"
"MCP3070001C","200002541","Montgomery County Police","Injury Crash","01/15/2020 05:38:00 PM",,,,"PL OF 4301 WILLOW LN",,"PEDESTRIAN","SINGLE VEHICLE","CLEAR",,"DARK LIGHTS ON","NO CONTROLS","N/A","N/A","536D277C-E62F-46EA-864E-D0D2DA80F26E","PEDESTRIAN","Playing","INATTENTIVE","OTHER","No","SUSPECTED MINOR INJURY","NONE","38.98265833","-77.087775","    (38.98265833, -77.087775)"
"MCP3077001G","200002377","Montgomery County Police","Injury Crash","01/14/2020 06:01:00 PM","Maryland (State)","GREAT SENECA HWY","CLOPPER RD",,"N/A","PEDESTRIAN","SINGLE VEHICLE","RAINING","WET","DARK LIGHTS ON","TRAFFIC SIGNAL","N/A","N/A","097F764F-8319-46A9-900E-B8E3C8AE9771","PEDESTRIAN","Cross/Enter at Intersection","NO IMPROPER ACTIONS","ON ROADWAY AT CROSSWALK","No","SUSPECTED MINOR INJURY","N/A","39.159129","-77.27545203","    (39.159129, -77.27545203)"
"MCP3051003X","200002374","Montgomery County Police","Injury Crash","01/14/2020 05:35:00 PM","County","FERNWOOD RD","NO NAME",,"N/A","PEDESTRIAN","OTHER","RAINING","WET","DARK LIGHTS ON","TRAFFIC SIGNAL","NONE DETECTED","NONE DETECTED","7E4ACC9F-9B65-4E3F-8E6C-CC726796F19C","PEDESTRIAN","Cross/Enter at Intersection","NO IMPROPER ACTIONS","ON ROADWAY AT CROSSWALK","No","POSSIBLE INJURY","NONE","39.02382667","-77.13569","    (39.02382667, -77.13569)"
"MCP3143001T","200005324","Montgomery County Police","Injury Crash","01/14/2020 02:45:00 PM",,,,"WILDWOOD SHOPPING PLAZA PARKING LOT",,"PEDESTRIAN","N/A","RAINING",,"DAYLIGHT","NO CONTROLS","NONE DETECTED","NONE DETECTED","0AEA7410-D1FA-413E-83C3-E56007F0E597","PEDESTRIAN","Cross/Enter not at Intersection","NO IMPROPER ACTIONS","ON ROADWAY NOT AT CROSSWALK","Unknown","POSSIBLE INJURY","N/A","39.02497833","-77.12484","    (39.02497833, -77.12484)"
"MCP209400FV","200002289","Montgomery County Police","Injury Crash","01/14/2020 09:41:00 AM","Maryland (State)","MASSACHUSETTS AVE","BENT BRANCH RD",,"N/A","PEDESTRIAN","OTHER","RAINING","WET","DAYLIGHT","NO CONTROLS","NONE DETECTED","NONE DETECTED","8B7FCDAD-6870-4572-96DC-2DB32362E39D","PEDESTRIAN","Cross/Enter at Intersection","FAILURE TO YIELD RIGHT OF WAY","ON ROADWAY AT CROSSWALK","Yes","SUSPECTED MINOR INJURY","NONE","38.968465","-77.12932833","    (38.968465, -77.12932833)"
"MCP2513001W","200002066","Montgomery County Police","Injury Crash","01/14/2020 07:15:00 AM",,,,"PARKING LOT OF PAINT BRANCH HIGH SCHOOL, LOCATED AT 14121 OLD COLUMBIA PIKE, BURTONSVILLE, MD 20877",,"PEDESTRIAN","OTHER","CLEAR",,"DAWN","N/A","NONE DETECTED","NONE DETECTED","DFA8FA9A-BE62-4907-B8D4-B0203A25CF0A","PEDESTRIAN","Walking to/from school","NO IMPROPER ACTIONS","OTHER","No","SUSPECTED SERIOUS INJURY","N/A","39.08461833","-76.946185","    (39.08461833, -76.946185)"
"MCP3106002L","200002191","Montgomery County Police","Injury Crash","01/13/2020 06:06:00 PM",,,,"PARKING LOT DRIVEWAY OF 3610 UNIVERSITY BLVD W",,"BICYCLIST","STRAIGHT MOVEMENT ANGLE","CLEAR",,"DARK LIGHTS ON","NO CONTROLS","N/A","N/A","27963189-94A5-43CC-8BA9-9E5D881C09EB","BICYCLIST","Walking/Cycling on Sidewalk","N/A","SIDEWALK","No","SUSPECTED MINOR INJURY","MC/BIKE HELMET","39.03386667","-77.07214833","    (39.03386667, -77.07214833)"
"MCP2675002B","200001919","Montgomery County Police","Injury Crash","01/11/2020 09:24:00 PM","Maryland (State)","VEIRS MILL RD","RANDOLPH RD",,"N/A","PEDESTRIAN","OTHER","N/A","DRY","DARK LIGHTS ON","TRAFFIC SIGNAL","UNKNOWN","UNKNOWN","7E3CD47A-74CD-48A8-B2DB-F49853FA19C0","PEDESTRIAN","Cross/Enter not at Intersection","DART DASH","ON ROADWAY NOT AT CROSSWALK","Yes","SUSPECTED SERIOUS INJURY","NONE","39.05626485","-77.0829258","    (39.05626485, -77.0829258)"
"MCP3038004D","200001740","Montgomery County Police","Injury Crash","01/10/2020 08:36:00 PM","Maryland (State)","UNIVERSITY BLVD W","LORAIN AVE",,"N/A","PEDESTRIAN","OTHER","CLEAR","DRY","DARK LIGHTS ON","NO CONTROLS","N/A","N/A","E32FD81F-3095-49B4-8686-AC5F01993B1B","PEDESTRIAN","Cross/Enter at Intersection","FAILURE TO YIELD RIGHT OF WAY","ON ROADWAY NOT AT CROSSWALK","Yes","SUSPECTED SERIOUS INJURY","NONE","39.02203833","-77.01499333","    (39.02203833, -77.01499333)"
"DD5637000Y","200001711","Rockville Police Departme","Injury Crash","01/10/2020 04:59:00 PM",,,,"PARKING LOT OF 1900 ROCKVILLE PIKE",,"PEDESTRIAN","SINGLE VEHICLE","CLEAR",,"DAWN","NO CONTROLS","NONE DETECTED","NONE DETECTED","2B6802D0-1F24-4866-8DB9-F312C77BCAE2","PEDESTRIAN","Walking/Cycling on Sidewalk","NO IMPROPER ACTIONS","SIDEWALK","No","POSSIBLE INJURY","NONE","39.05914867","-77.12140233","    (39.05914867, -77.12140233)"
"MCP2054000N","200001580","Montgomery County Police","Injury Crash","01/09/2020 10:00:00 PM","Maryland (State)","COLESVILLE RD","COLESVILLE RD",,"N/A","PEDESTRIAN","STRAIGHT MOVEMENT ANGLE","CLEAR","DRY","DARK LIGHTS ON","TRAFFIC SIGNAL","NONE DETECTED","NONE DETECTED","311DF0CD-EC65-4206-BDEB-91416908F871","PEDESTRIAN","Cross/Enter at Intersection","NO IMPROPER ACTIONS","ON ROADWAY AT CROSSWALK","No","SUSPECTED MINOR INJURY","NONE","38.99588296","-77.02821372","    (38.99588296, -77.02821372)"
"MCP2728006P","200001550","Montgomery County Police","Injury Crash","01/09/2020 07:20:00 PM",,,,"8530 CAMERON STREET PARKING GARAGE",,"PEDESTRIAN","OTHER","CLEAR",,"DARK LIGHTS ON","N/A","NONE DETECTED","NONE DETECTED","D452B90F-B780-490E-B5EC-FAF51C4E1FA8","PEDESTRIAN","Other","NO IMPROPER ACTIONS","OTHER","No","POSSIBLE INJURY","NONE","38.9964981","-77.03121331","    (38.9964981, -77.03121331)"
"MCP2475004J","200001536","Montgomery County Police","Injury Crash","01/09/2020 06:09:00 PM","County","ADELPHI RD","NEW HAMPSHIRE AVE",,"N/A","PEDESTRIAN","STRAIGHT MOVEMENT ANGLE","N/A","DRY","DARK LIGHTS ON","TRAFFIC SIGNAL","NONE DETECTED","NONE DETECTED","4DBFF833-828F-47C7-BF30-8DF0FC3F9D94","PEDESTRIAN","Cross/Enter at Intersection","NO IMPROPER ACTIONS","ON ROADWAY AT CROSSWALK","No","SUSPECTED MINOR INJURY","NONE","39.01136","-76.97917333","    (39.01136, -76.97917333)"
"MCP2656004G","200001465","Montgomery County Police","Injury Crash","01/09/2020 11:30:00 AM","Maryland (State)","GEORGIA AVE","SPRING ST",,"N/A","PEDESTRIAN","OTHER","CLEAR","DRY","DAYLIGHT","N/A","N/A","N/A","688E5278-BEC7-4EA4-9C5E-B598FBD72DD7","PEDESTRIAN","Cross/Enter at Intersection","NO IMPROPER ACTIONS","SIDEWALK","No","NO APPARENT INJURY","N/A","38.99906","-77.031","    (38.99906, -77.031)"
"MCP2052001X","200001419","Montgomery County Police","Injury Crash","01/09/2020 12:16:00 AM","Maryland (State)","FREDERICK RD","WATKINS MILL RD",,"N/A","PEDESTRIAN","SINGLE VEHICLE","CLEAR","DRY","DARK LIGHTS ON","N/A","NONE DETECTED","ALCOHOL CONTRIBUTED","26F66E35-C77F-4D14-BC27-E87BC4355DEA","PEDESTRIAN","Other","IN ROADWAY IMPROPERLY","ON ROADWAY NOT AT CROSSWALK","Yes","SUSPECTED MINOR INJURY","NONE","39.1578164","-77.218591","    (39.1578164, -77.218591)"
"MCP2228000P","200001033","Montgomery County Police","Injury Crash","01/07/2020 09:40:00 AM","County","MONTROSE RD","TILDENWOOD DR",,"ROCKVILLE","PEDESTRIAN","SINGLE VEHICLE","N/A","DRY","DAYLIGHT","TRAFFIC SIGNAL","NONE DETECTED","NONE DETECTED","55A250BA-F78E-45D8-98A8-2FADF6807426","PEDESTRIAN","Cross/Enter at Intersection","NO IMPROPER ACTIONS","ON ROADWAY AT CROSSWALK","No","SUSPECTED MINOR INJURY","NONE","39.053775","-77.13771333","    (39.053775, -77.13771333)"
"MCP20010017","200000963","Montgomery County Police","Fatal Crash","01/06/2020 06:26:00 PM","Maryland (State)","GEORGIA AVE","ENT TO CEMETERY",,"N/A","PEDESTRIAN","SINGLE VEHICLE","CLEAR","DRY","DARK LIGHTS ON","NO CONTROLS","NONE DETECTED","NONE DETECTED","17CC6A8F-DA25-48B7-8EB6-38504A278A44","PEDESTRIAN","Cross/Enter not at Intersection","FAILURE TO YIELD RIGHT OF WAY","ON ROADWAY NOT AT CROSSWALK","Yes","FATAL INJURY","NONE","39.08100667","-77.07525333","    (39.08100667, -77.07525333)"
"MCP2919006P","200000940","Montgomery County Police","Injury Crash","01/06/2020 05:26:00 PM","Maryland (State)","PINEY BRANCH RD","CARROLL AVE",,"N/A","PEDESTRIAN","OTHER","N/A","DRY","DARK LIGHTS ON","OTHER","NONE DETECTED","NONE DETECTED","2B05FA33-17F4-4E83-9380-F7DEF3F333AE","PEDESTRIAN","Cross/Enter at Intersection","NO IMPROPER ACTIONS","ON ROADWAY AT CROSSWALK","No","POSSIBLE INJURY","N/A","39.00111833","-76.98745167","    (39.00111833, -76.98745167)"
"MCP3205000T","200000859","Montgomery County Police","Injury Crash","01/06/2020 10:38:00 AM",,,,"DRIVEWAY OF 413 DENNIS AVE SILVER SPRING, MD 20901",,"OTHER","SINGLE VEHICLE","N/A",,"DAYLIGHT","N/A",,"NONE DETECTED","B026062D-7E2A-4D0A-866D-2653D6B99E31","OTHER","Other","NO IMPROPER ACTIONS","OTHER","Unknown","SUSPECTED SERIOUS INJURY","N/A","39.027372","-77.01802633","    (39.027372, -77.01802633)"
"MCP31990017","200000847","Montgomery County Police","Injury Crash","01/06/2020 09:18:00 AM","County","STONINGTON PL","LOVEJOY ST",,"N/A","PEDESTRIAN","OTHER","CLEAR","DRY","DAYLIGHT","NO CONTROLS","NONE DETECTED","NONE DETECTED","678704E5-CE4C-4175-B18E-D3629978F1B8","PEDESTRIAN","Other Working","N/A","ON ROADWAY NOT AT CROSSWALK","No","SUSPECTED MINOR INJURY","REFLECTIVE CLOTHING","39.04800833","-77.01899","    (39.04800833, -77.01899)"
"MCP3122002R","200000844","Montgomery County Police","Injury Crash","01/06/2020 07:00:00 AM","Maryland (State)","LAYHILL RD","ENT TO LAYHILL SHOPPING CENTER",,"N/A","PEDESTRIAN","SINGLE VEHICLE","CLEAR","DRY","DARK -- UNKNOWN LIGHTING","NO CONTROLS","UNKNOWN","NONE DETECTED","F7E8AB3F-ACD1-434F-9FBA-8C6ED73104EE","PEDESTRIAN","Walking to/from school","NO IMPROPER ACTIONS","DRIVEWAY ACCESS MARKED CROSSWALK","No","POSSIBLE INJURY","N/A","39.092464","-77.045316","    (39.092464, -77.045316)"
"MCP9113005M","200001058","Montgomery County Police","Injury Crash","01/06/2020 06:16:00 AM","Maryland (State)","GEORGIA AVE","WENDY LA",,"N/A","PEDESTRIAN","OTHER","CLEAR","DRY","DARK LIGHTS ON","NO CONTROLS","UNKNOWN","UNKNOWN","6059AA96-BFE0-41C3-BD17-D0A14035FBBC","PEDESTRIAN","Cross/Enter not at Intersection","OTHER","ON ROADWAY NOT AT CROSSWALK","Unknown","POSSIBLE INJURY","UNKNOWN","39.07948667","-77.07404333","    (39.07948667, -77.07404333)"
"MCP31710016","200000801","Montgomery County Police","Injury Crash","01/05/2020 09:58:00 PM",,,,"SAFEWAY PARKING LOT
19718 GERMANTOWN ROAD
GERMANTOWN, MD 20874",,"BICYCLIST","STRAIGHT MOVEMENT ANGLE","CLEAR",,"DARK NO LIGHTS","STOP SIGN","NONE DETECTED","NONE DETECTED","415CD240-2AEB-4FBA-A638-37ACB941EDEE","BICYCLIST","Cross/Enter at Intersection","NO IMPROPER ACTIONS","ON ROADWAY AT CROSSWALK","No","POSSIBLE INJURY","NONE","39.17981167","-77.26617833","    (39.17981167, -77.26617833)"
"MCP30500048","200000755","Montgomery County Police","Injury Crash","01/05/2020 04:07:00 PM","Maryland (State)","GEORGIA AVE","CONNECTICUT AVE",,"N/A","BICYCLIST","SINGLE VEHICLE","CLEAR","DRY","DAYLIGHT","NO CONTROLS","NONE DETECTED","NONE DETECTED","F69D0C7D-A5BC-49D5-B003-94F82DD88EFC","BICYCLIST","Other","IN ROADWAY IMPROPERLY","ON ROADWAY NOT AT CROSSWALK","Yes","POSSIBLE INJURY","NONE","39.084985","-77.07835667","    (39.084985, -77.07835667)"