"Report Number","Local Case Number","Agency Name","ACRS Report Type","Crash Date/Time","Route Type","Road Name","Cross-Street Name","Off-Road Description","Municipality","Related Non-Motorist","Collision Type","Weather","Surface Condition","Light","Traffic Control","Driver Substance Abuse","Non-Motorist Substance Abuse","Person ID","Pedestrian Type","Pedestrian Movement","Pedestrian Actions","Pedestrian Location","At Fault","Injury Severity","Safety Equipment","Latitude","Longitude","Location"
"DD5624003Q","200000635","Rockville Police Departme","Injury Crash","01/04/2020 04:15:00 PM",,,,"IN PARKING LOT OF 1902 VIERS MILL ROAD",,"PEDESTRIAN","OTHER","RAINING",,"DARK LIGHTS ON","NO CONTROLS","NONE DETECTED","NONE DETECTED","418D6B68-7BE9-43F2-9003-95F0FA7AA155","PEDESTRIAN","Other","NO IMPROPER ACTIONS","OTHER","No","POSSIBLE INJURY","NONE","39.07612117","-77.11713417","    (39.07612117, -77.11713417)"
"MCP26640053","200000514","Montgomery County Police","Injury Crash","01/03/2020 09:30:00 PM","County","NOTLEY RD","NEW HAMPSHIRE AVE",,"N/A","PEDESTRIAN","SINGLE VEHICLE","RAINING","WET","DARK LIGHTS ON","NO CONTROLS","NONE DETECTED","NONE DETECTED","1F50DCD9-A1BE-4DC7-A647-264D4C75B708","PEDESTRIAN","Cross/Enter at Intersection","NO IMPROPER ACTIONS","ON ROADWAY AT CROSSWALK","No","SUSPECTED MINOR INJURY","NONE","39.08060233","-77.00153517","    (39.08060233, -77.00153517)"
"MCP30890031","200000496","Montgomery County Police","Injury Crash","01/03/2020 06:15:00 PM","County","SHOREFIELD RD","GEORGIA AVE",,"N/A","PEDESTRIAN","OTHER","N/A","WET","DARK LIGHTS ON","N/A","N/A","N/A","AEFAB3F1-7826-4FC2-A9E4-CC6D985C7BB9","PEDESTRIAN","Cross/Enter at Intersection","NO IMPROPER ACTIONS","N/A","No","SUSPECTED MINOR INJURY","N/A","39.01523","-77.03545833","    (39.01523, -77.03545833)"
"MCP9390001N","200000483","Montgomery County Police","Injury Crash","01/03/2020 06:15:00 PM",,"CROWN PARK AVE","ALCOTT PL",,"N/A","PEDESTRIAN","SINGLE VEHICLE","RAINING","WET","DARK LIGHTS ON","NO CONTROLS","NONE DETECTED","NONE DETECTED","E3A1D632-E665-4B96-B9BC-399894EA7B5E","PEDESTRIAN","Walking/Cycling on Sidewalk","NO IMPROPER ACTIONS","ON ROADWAY AT CROSSWALK","No","SUSPECTED MINOR INJURY","N/A","39.11293833","-77.20372677","    (39.11293833, -77.20372677)"
"DD5624003P","200000481","Rockville Police Departme","Injury Crash","01/03/2020 06:05:00 PM","Municipality","HURLEY AVE","W MONTGOMERY AVE",,"N/A","PEDESTRIAN","OTHER","RAINING","WET","DARK LIGHTS ON","TRAFFIC SIGNAL","NONE DETECTED","NONE DETECTED","B7E9065B-C7CE-4CBF-8E29-E45A85A53CA8","PEDESTRIAN","Cross/Enter at Intersection","N/A","ON ROADWAY AT CROSSWALK","No","POSSIBLE INJURY","NONE","39.08949067","-77.17789667","    (39.08949067, -77.17789667)"
"DD56350029","190062964","Rockville Police Departme","Injury Crash","12/31/2019 06:07:00 PM","Maryland (State)","ROCKVILLE PIKE","MONROE PL",,"ROCKVILLE","PEDESTRIAN","OTHER","CLEAR","DRY","DARK LIGHTS ON","TRAFFIC SIGNAL","NONE DETECTED","NONE DETECTED","EAC98A4D-7BBA-4D43-8122-75F259055974","PEDESTRIAN","Cross/Enter at Intersection","UNKNOWN","AT INTERSECTION MARKED CROSSWALK","No","POSSIBLE INJURY","NONE","39.08339233","-77.14691433","    (39.08339233, -77.14691433)"
"MCP3153001X","190062963","Montgomery County Police","Injury Crash","12/31/2019 05:51:00 PM",,,,"PARKING LOT OF 1131 UNIVERSITY BLVD W.",,"PEDESTRIAN","SAME DIRECTION SIDESWIPE","CLEAR",,"DARK LIGHTS ON","NO CONTROLS","NONE DETECTED","NONE DETECTED","DE0A6603-BA76-4346-A445-04F755FD4F9A","PEDESTRIAN","Hitchhiking","ENTERING EXITING PARKED STANDING VEHICLE","OTHER","No","POSSIBLE INJURY","N/A","39.03769333","-77.02894667","    (39.03769333, -77.02894667)"
"MCP29170069","190062628","Montgomery County Police","Injury Crash","12/29/2019 07:06:00 PM","County","RANDOLPH RD","SELFRIDGE RD",,"N/A","PEDESTRIAN","OTHER","RAINING","WET","DARK NO LIGHTS","TRAFFIC SIGNAL","NONE DETECTED","NONE DETECTED","5C7AF34E-B273-4954-85C9-A38F6F73737C","PEDESTRIAN","Cross/Enter at Intersection","NO IMPROPER ACTIONS","ON ROADWAY AT CROSSWALK","No","POSSIBLE INJURY","NONE","39.05552833","-77.08361833","    (39.05552833, -77.08361833)"
"MCP31580020","190062484","Montgomery County Police","Property Damage Crash","12/28/2019 03:13:00 PM","County","FOUNDERS MILL DR","HOBBLE BUSH CT",,"N/A","PEDESTRIAN","OTHER","CLEAR","DRY","DAYLIGHT","N/A","N/A, NONE DETECTED","NONE DETECTED","D69325E2-03CB-4B48-ADE7-663DAF78FE00","PEDESTRIAN","N/A","NOT VISIBLE","INSIDE BUILDING","No","NO APPARENT INJURY","N/A","39.13830167","-77.148365","    (39.13830167, -77.148365)"
"MCP3169002L","190062451","Montgomery County Police","Injury Crash","12/28/2019 11:27:00 AM","Maryland (State)","GEORGIA AVE","FENWICK LA",,"N/A","PEDESTRIAN","OTHER","CLEAR","DRY","DAYLIGHT","OTHER","N/A","N/A","294C95B7-DD25-4B78-8F01-A63E7B6582F9","PEDESTRIAN","Cross/Enter at Intersection","NO IMPROPER ACTIONS","AT INTERSECTION MARKED CROSSWALK","No","POSSIBLE INJURY","NONE","38.99826986","-77.03058656","    (38.99826986, -77.03058656)"
"MCP2983004C","190062216","Montgomery County Police","Injury Crash","12/26/2019 07:13:00 PM","County","WAYNE AVE","GEORGIA AVE",,"N/A","PEDESTRIAN","SINGLE VEHICLE","CLEAR","DRY","DARK LIGHTS ON","TRAFFIC SIGNAL","UNKNOWN","NONE DETECTED","1618B042-3CF1-4E94-ABC9-85CA7EC6A1F2","PEDESTRIAN","Cross/Enter at Intersection","NO IMPROPER ACTIONS","ON ROADWAY AT CROSSWALK","No","POSSIBLE INJURY","NONE","38.994706","-77.02717483","    (38.994706, -77.02717483)"
"MCP2983004B","190062185","Montgomery County Police","Injury Crash","12/26/2019 04:35:00 PM",,,,"1280 EAST WEST HWY (GIANT PARKING LOT)",,"PEDESTRIAN","SINGLE VEHICLE","CLEAR",,"DAWN","N/A","NONE DETECTED","NONE DETECTED","6AE08592-CECC-484F-9DA8-599B3C79ACD1","PEDESTRIAN","Walking/Riding w/Traffic","NO IMPROPER ACTIONS","OTHER","No","POSSIBLE INJURY","NONE","38.99180567","-77.03210383","    (38.99180567, -77.03210383)"
"MCP2813007X","190061992","Montgomery County Police","Injury Crash","12/24/2019 05:58:00 PM",,,,"PAKRING LOT OF 11160 VEIRS MILL RD",,"PEDESTRIAN","SINGLE VEHICLE","CLEAR",,"DARK LIGHTS ON","NO CONTROLS","N/A","N/A","7D7BB816-E8DF-499B-82AF-221E5F792858","PEDESTRIAN","Cross/Enter at Intersection","NO IMPROPER ACTIONS","SHOULDER","No","POSSIBLE INJURY","REFLECTIVE CLOTHING","39.03741667","-77.05503833","    (39.03741667, -77.05503833)"
"MCP2134002G","190061955","Montgomery County Police","Injury Crash","12/24/2019 02:50:00 PM",,,,"PARKING LOT OF 13490 NEW HAMPSHIRE AVE",,"PEDESTRIAN","OTHER","CLEAR",,"DAYLIGHT","N/A","N/A","N/A","51AE4719-D296-4EE4-9FBB-AD5C9F02AAD6","PEDESTRIAN","Cross/Enter at Intersection","NO IMPROPER ACTIONS","ON ROADWAY AT CROSSWALK","No","POSSIBLE INJURY","N/A","39.07680433","-77.00352593","    (39.07680433, -77.00352593)"
"MCP2845005Z","190061950","Montgomery County Police","Injury Crash","12/24/2019 02:11:00 PM","Maryland (State)","UNIVERSITY BLVD E","COLESVILLE RD",,"N/A","PEDESTRIAN","STRAIGHT MOVEMENT ANGLE","CLEAR","DRY","DAYLIGHT","TRAFFIC SIGNAL","NONE DETECTED","NONE DETECTED","87A51E90-AA75-450F-8B4D-4C796DBF4D90","PEDESTRIAN","Cross/Enter at Intersection","NO IMPROPER ACTIONS","ON ROADWAY AT CROSSWALK","No","SUSPECTED MINOR INJURY","N/A","39.01948333","-77.01361817","    (39.01948333, -77.01361817)"
"MCP32000015","190061927","Montgomery County Police","Injury Crash","12/24/2019 12:13:00 PM","Maryland (State)","METROPOLITAN AVE","ST PAUL ST",,"KENSINGTON","PEDESTRIAN","OTHER","CLEAR","DRY","DAYLIGHT","STOP SIGN","NONE DETECTED","NONE DETECTED","A9ACE87A-D9CC-4560-8828-D0E759FCFB17","PEDESTRIAN","Cross/Enter at Intersection","NO IMPROPER ACTIONS","ON ROADWAY AT CROSSWALK","No","POSSIBLE INJURY","N/A","39.02754783","-77.07218683","    (39.02754783, -77.07218683)"
"MCP29230065","190061673","Montgomery County Police","Injury Crash","12/23/2019 06:01:00 PM",,,,"PARKING LOT OF 2537 ENNALLS AVENUE",,"PEDESTRIAN","OTHER","CLEAR",,"DARK LIGHTS ON","NO CONTROLS","UNKNOWN","NONE DETECTED","CFA039A1-ACF5-45D9-BF97-99CDA013A359","PEDESTRIAN","Standing","NO IMPROPER ACTIONS","OTHER","No","SUSPECTED SERIOUS INJURY","NONE","39.0398028","-77.05355168","    (39.0398028, -77.05355168)"
"MCP94190029","190061790","Montgomery County Police","Injury Crash","12/23/2019 01:54:00 PM","County","E JEFFERSON ST","CALIFORNIA CIR",,"N/A","PEDESTRIAN","OTHER","CLEAR","DRY","DAYLIGHT","NO CONTROLS","NONE DETECTED","UNKNOWN","556C4827-9041-4469-A8DC-BE25DE72CC8B","PEDESTRIAN","Cross/Enter not at Intersection","IN ROADWAY IMPROPERLY","ON ROADWAY NOT AT CROSSWALK","Yes","SUSPECTED SERIOUS INJURY","NONE","39.05679833","-77.12618667","    (39.05679833, -77.12618667)"
"MCP2347002H","190061641","Montgomery County Police","Injury Crash","12/22/2019 01:41:00 PM",,,,"2144 INDUSTRIAL PARKWAY PARKING LOT",,"PEDESTRIAN","N/A","CLEAR",,"DAYLIGHT","NO CONTROLS","NONE DETECTED","NONE DETECTED","224B9A28-E2C9-4385-9240-B821263C044D","PEDESTRIAN","Other","NO IMPROPER ACTIONS","OTHER","No","SUSPECTED MINOR INJURY","N/A","39.054455","-76.96905333","    (39.054455, -76.96905333)"
"MCP2347002H","190061641","Montgomery County Police","Injury Crash","12/22/2019 01:41:00 PM",,,,"2144 INDUSTRIAL PARKWAY PARKING LOT",,"PEDESTRIAN","N/A","CLEAR",,"DAYLIGHT","NO CONTROLS","NONE DETECTED","NONE DETECTED","5BB59111-847D-47F3-A95D-8446AF54C93A","PEDESTRIAN","Other","OTHER","OTHER","No","SUSPECTED MINOR INJURY","NONE","39.054455","-76.96905333","    (39.054455, -76.96905333)"
"DD5637000V","190061547","Rockville Police Departme","Property Damage Crash","12/21/2019 05:55:00 PM","Municipality","FIRST ST","LINCOLN ST",,"ROCKVILLE","BICYCLIST","OTHER","CLEAR","DRY","DARK LIGHTS ON","STOP SIGN","NONE DETECTED","NONE DETECTED","DEA5191A-6778-42E9-9D8D-8BA06C355C98","BICYCLIST","Cross/Enter at Intersection","UNKNOWN","ON ROADWAY AT CROSSWALK","Unknown","NO APPARENT INJURY","MC/BIKE HELMET","39.09017783","-77.13585517","    (39.09017783, -77.13585517)"
"MCP3127001F","190061427","Montgomery County Police","Injury Crash","12/20/2019 10:45:00 PM",,"ROSE AVE","GRAND PARK AVE",,"N/A","PEDESTRIAN","STRAIGHT MOVEMENT ANGLE","CLEAR","DRY","DARK LIGHTS ON","STOP SIGN","NONE DETECTED","NONE DETECTED","8035D13D-015B-4B12-B137-4C95D8E3748A","PEDESTRIAN","Cross/Enter at Intersection","NO IMPROPER ACTIONS","AT INTERSECTION MARKED CROSSWALK","No","POSSIBLE INJURY","NONE","39.05103333","-77.117765","    (39.05103333, -77.117765)"
"MCP3076002W","190061138","Montgomery County Police","Injury Crash","12/19/2019 12:55:00 PM","County","FENTON ST","CAMERON ST",,"N/A","PEDESTRIAN","HEAD ON LEFT TURN","CLEAR","DRY","DAYLIGHT","TRAFFIC SIGNAL","NONE DETECTED","NONE DETECTED","BCDA76E7-1A62-43D4-9FFD-7221D52A91D2","PEDESTRIAN","Cross/Enter at Intersection","NO IMPROPER ACTIONS","ON ROADWAY AT CROSSWALK","No","SUSPECTED MINOR INJURY","NONE","38.99839992","-77.02878186","    (38.99839992, -77.02878186)"
"MCP3209000S","190061016","Montgomery County Police","Injury Crash","12/18/2019 06:41:00 PM",,,,"8101 FENTON ST. 7-11 PARKING LOT.",,"PEDESTRIAN","SINGLE VEHICLE","CLEAR",,"DARK LIGHTS ON","NO CONTROLS","UNKNOWN","NONE DETECTED","4695FCEB-0A18-46D8-8D52-1E9680EE442D","PEDESTRIAN","Other","UNKNOWN","OTHER","No","SUSPECTED MINOR INJURY","N/A","38.99033","-77.023858","    (38.99033, -77.023858)"
"MCP2607004V","190060982","Montgomery County Police","Injury Crash","12/18/2019 03:40:00 PM","County","S WESTLAND DR","FREDERICK RD",,"N/A","PEDESTRIAN","OTHER","CLEAR","DRY","DAYLIGHT","TRAFFIC SIGNAL","NONE DETECTED","NONE DETECTED","EE07B257-C6C5-4DBE-B370-6BB460DB86F7","PEDESTRIAN","Cross/Enter at Intersection","NO IMPROPER ACTIONS","AT INTERSECTION MARKED CROSSWALK","No","POSSIBLE INJURY","N/A","39.12595648","-77.18291136","    (39.12595648, -77.18291136)"
"EJ78360022","190060850","Gaithersburg Police Depar","Property Damage Crash","12/17/2019 09:56:00 PM",,,,"9811 WASHINGTONIAN BLVD 5TH FLOOR (RIO MALL PARKING GARAGE)",,"PEDESTRIAN","OTHER","N/A",,"DARK LIGHTS ON","N/A","NONE DETECTED","N/A","EDAE99AC-F2EC-45B3-ACEE-6506E0CB1FD2","PEDESTRIAN","Other","OTHER","OTHER","No","NO APPARENT INJURY","NONE","39.12481667","-77.196615","    (39.12481667, -77.196615)"
"MCP3153001W","190060807","Montgomery County Police","Injury Crash","12/17/2019 06:04:00 PM","Maryland (State)","GEORGIA AVE","PLYERS MILL RD",,"N/A","PEDESTRIAN","STRAIGHT MOVEMENT ANGLE","N/A","WET","DARK LIGHTS ON","TRAFFIC SIGNAL","NONE DETECTED","NONE DETECTED","6C1B503D-9E0E-4011-9D5F-1C9FC8B0AF9B","PEDESTRIAN","Walking/Riding w/Traffic","NO IMPROPER ACTIONS","ON ROADWAY AT CROSSWALK","No","POSSIBLE INJURY","N/A","39.02998149","-77.04775969","    (39.02998149, -77.04775969)"
"MCP2812005H","190060799","Montgomery County Police","Injury Crash","12/17/2019 05:32:00 PM","Maryland (State)","GEORGIA AVE","FENWICK LA",,"N/A","PEDESTRIAN","OTHER","RAINING","WET","DARK LIGHTS ON","NO CONTROLS","N/A","N/A","33511FFE-97FB-4934-B7E1-C1BABC7A6008","PEDESTRIAN","Cross/Enter at Intersection","UNKNOWN","ON ROADWAY AT CROSSWALK","No","POSSIBLE INJURY","N/A","38.99814","-77.03068","    (38.99814, -77.03068)"
"MCP3076002T","190060736","Montgomery County Police","Property Damage Crash","12/17/2019 12:41:00 PM","County","WAYNE AVE","FENTON ST",,"N/A","PEDESTRIAN","SINGLE VEHICLE","CLOUDY","WET","DAYLIGHT","NO CONTROLS","NONE DETECTED","NONE DETECTED","7E04B6BB-DE30-43C8-8DA0-F27AFA9EF9CC","PEDESTRIAN","Cross/Enter not at Intersection","IN ROADWAY IMPROPERLY","OUTSIDE RIGHT OF WAY","Yes","NO APPARENT INJURY","NONE","38.99581021","-77.02368768","    (38.99581021, -77.02368768)"
"EJ78650053","190060645","Gaithersburg Police Depar","Injury Crash","12/16/2019 06:45:00 PM",,,,"PL OF 307 COPLEY PLACE",,"PEDESTRIAN","SINGLE VEHICLE","RAINING",,"DARK LIGHTS ON","NO CONTROLS","NONE DETECTED","NONE DETECTED","8634620B-47BB-4086-B405-628157BFE199","PEDESTRIAN","Cross/Enter at Intersection","NO IMPROPER ACTIONS","AT INTERSECTION MARKED CROSSWALK","No","SUSPECTED MINOR INJURY","N/A","39.11551","-77.208105","    (39.11551, -77.208105)"
"EJ78650053","190060645","Gaithersburg Police Depar","Injury Crash","12/16/2019 06:45:00 PM",,,,"PL OF 307 COPLEY PLACE",,"PEDESTRIAN","SINGLE VEHICLE","RAINING",,"DARK LIGHTS ON","NO CONTROLS","NONE DETECTED","NONE DETECTED","C54E13D0-55C6-4408-99F4-5785BDBCB592","PEDESTRIAN","Cross/Enter at Intersection","NO IMPROPER ACTIONS","AT INTERSECTION MARKED CROSSWALK","No","SUSPECTED MINOR INJURY","N/A","39.11551","-77.208105","    (39.11551, -77.208105)"
"MCP3208000W","190060635","Montgomery County Police","Injury Crash","12/16/2019 05:42:00 PM","Maryland (State)","PINEY BRANCH RD","FLOWER AVE",,"N/A","PEDESTRIAN","HEAD ON LEFT TURN","RAINING","WET","DARK LIGHTS ON","TRAFFIC SIGNAL","N/A","N/A","826A0BE2-8A5B-45BB-9CB0-A9EC5CA09646","PEDESTRIAN","Cross/Enter at Intersection","UNKNOWN","ON ROADWAY AT CROSSWALK","Unknown","POSSIBLE INJURY","N/A","38.9982278","-77.00355235","    (38.9982278, -77.00355235)"
"MCP003600CJ","190060627","Montgomery County Police","Injury Crash","12/16/2019 05:23:00 PM","County","CENTURY BLVD","PINNACLE DR",,"N/A","PEDESTRIAN","SINGLE VEHICLE","RAINING","WET","DARK LIGHTS ON","STOP SIGN","NONE DETECTED","NONE DETECTED","D291BCC2-2F2D-4EC0-9C06-68B67932A7DF","PEDESTRIAN","Cross/Enter at Intersection","NO IMPROPER ACTIONS","ON ROADWAY AT CROSSWALK","No","POSSIBLE INJURY","NONE","39.18250383","-77.26570667","    (39.18250383, -77.26570667)"
"MCP3034003W","190060536","Montgomery County Police","Injury Crash","12/16/2019 08:26:00 AM","Maryland (State)","WISCONSIN AVE","WISCONSIN CIR",,"N/A","PEDESTRIAN","N/A","RAINING","WET","DAYLIGHT","TRAFFIC SIGNAL","NONE DETECTED","NONE DETECTED","109F257D-98E7-404F-84E4-381A92D3BD73","PEDESTRIAN","Cross/Enter at Intersection","NO IMPROPER ACTIONS","ON ROADWAY AT CROSSWALK","No","POSSIBLE INJURY","NONE","38.96203833","-77.086235","    (38.96203833, -77.086235)"
"MCP2674001K","190060477","Montgomery County Police","Injury Crash","12/15/2019 06:34:00 PM",,,,"PARKING LOT OF 21000 FREDERICK RD",,"OTHER","SINGLE VEHICLE","CLEAR",,"DARK LIGHTS ON","NO CONTROLS","NONE DETECTED","NONE DETECTED","E4D6DD1C-C24C-46D9-BF1A-3948E8E021A8","OTHER","Standing","N/A","INSIDE BUILDING","No","SUSPECTED MINOR INJURY","NONE","39.20059667","-77.24620833","    (39.20059667, -77.24620833)"
"MCP30220036","190060471","Montgomery County Police","Injury Crash","12/15/2019 05:47:00 PM","Maryland (State)","RIDGE RD","BRINK RD",,"N/A","BICYCLIST","OTHER","CLEAR","DRY","DARK LIGHTS ON","TRAFFIC SIGNAL","N/A","N/A","848DB32A-396F-4C75-8B68-8D966935E262","BICYCLIST","Cross/Enter at Intersection","NO IMPROPER ACTIONS","ON ROADWAY AT CROSSWALK","No","SUSPECTED MINOR INJURY","MC/BIKE HELMET","39.21038167","-77.23994833","    (39.21038167, -77.23994833)"
"MCP2686003Y","190060319","Montgomery County Police","Injury Crash","12/14/2019 05:08:00 PM","Maryland (State)","GERMANTOWN RD","WISTERIA DR",,"N/A","PEDESTRIAN","SINGLE VEHICLE","RAINING","WET","DARK LIGHTS ON","TRAFFIC SIGNAL","NONE DETECTED","NONE DETECTED","2EA3BFC9-EEF2-4453-A0E8-A4DD699484E5","PEDESTRIAN","Cross/Enter at Intersection","NO IMPROPER ACTIONS","ON ROADWAY AT CROSSWALK","No","SUSPECTED MINOR INJURY","NONE","39.17688167","-77.26978167","    (39.17688167, -77.26978167)"
"MCP3205000M","190060261","Montgomery County Police","Injury Crash","12/14/2019 09:56:00 AM","Maryland (State)","GEORGIA AVE","PLYERS MILL RD",,"N/A","PEDESTRIAN","SINGLE VEHICLE","RAINING","WET","DAYLIGHT","TRAFFIC SIGNAL","NONE DETECTED","NONE DETECTED","5DF12AC4-8D4A-4022-8C6F-FC400F122A50","PEDESTRIAN","Cross/Enter at Intersection","NO IMPROPER ACTIONS","ON ROADWAY AT CROSSWALK","No","SUSPECTED SERIOUS INJURY","N/A","39.03006429","-77.04760872","    (39.03006429, -77.04760872)"
"MCP2671002B","190060159","Montgomery County Police","Property Damage Crash","12/13/2019 06:30:00 PM","County","WAYNE AVE","GEORGIA AVE",,"N/A","PEDESTRIAN","SINGLE VEHICLE","RAINING","WET","DARK LIGHTS ON","TRAFFIC SIGNAL","NONE DETECTED","NONE DETECTED","585B9975-CCA2-4D76-80E8-858ACCD51618","PEDESTRIAN","Cross/Enter at Intersection","FAILURE TO OBEY TRAFFIC SIGNS SIGNALS OR OFFICER","ON ROADWAY AT CROSSWALK","Yes","NO APPARENT INJURY","NONE","38.99446114","-77.02693229","    (38.99446114, -77.02693229)"
"MCP2546002S","190060041","Montgomery County Police","Injury Crash","12/13/2019 07:18:00 AM","County","MONTROSE RD","BARGATE CT",,"N/A","PEDESTRIAN","SINGLE VEHICLE","CLOUDY","DRY","DAYLIGHT","NO CONTROLS","NONE DETECTED","NONE DETECTED","C929EB04-39F3-418D-97BE-52D03F1687C7","PEDESTRIAN","Approach/Leaving Schoolbus","UNKNOWN","ON ROADWAY AT CROSSWALK","Yes","SUSPECTED SERIOUS INJURY","N/A","39.05325548","-77.13208247","    (39.05325548, -77.13208247)"
"MCP20080072","190059977","Montgomery County Police","Fatal Crash","12/12/2019 03:48:00 PM","County","MILLWOOD RD","TANGLEWOOD DR",,"N/A","PEDESTRIAN","OTHER","CLEAR","DRY","DAYLIGHT","STOP SIGN","N/A","N/A","41A840A1-CE46-43CB-BFAB-E7250D8F4516","PEDESTRIAN","Approach/Leaving Schoolbus","UNKNOWN","ON ROADWAY NOT AT CROSSWALK","Unknown","FATAL INJURY","N/A","38.97675833","-77.11987167","    (38.97675833, -77.11987167)"
"DD5642000K","190059738","Rockville Police Departme","Injury Crash","12/11/2019 05:10:00 PM","Maryland (State)","HUNGERFORD DR","PARK RD",,"ROCKVILLE","PEDESTRIAN","OTHER","CLEAR","DRY","DARK LIGHTS ON","TRAFFIC SIGNAL","NONE DETECTED","NONE DETECTED","26FE3ED2-A554-46E1-A8C5-B4F45DC8079C","PEDESTRIAN","Cross/Enter at Intersection","FAILURE TO OBEY TRAFFIC SIGNS SIGNALS OR OFFICER","ON ROADWAY NOT AT CROSSWALK","Yes","SUSPECTED MINOR INJURY","NONE","39.08537445","-77.14823534","    (39.08537445, -77.14823534)"
"EJ78730028","190059620","Gaithersburg Police Depar","Injury Crash","12/11/2019 07:56:00 AM","County","GOSHEN RD","GIRARD ST",,"GAITHERSBURG","PEDESTRIAN","SINGLE VEHICLE","CLEAR","WET","DAYLIGHT","TRAFFIC SIGNAL","NONE DETECTED","NONE DETECTED","1DE20B5D-D43F-410D-B636-DE5C02EA5CC4","PEDESTRIAN","Cross/Enter at Intersection","NO IMPROPER ACTIONS","AT INTERSECTION MARKED CROSSWALK","No","SUSPECTED MINOR INJURY","NONE","39.15093046","-77.19259594","    (39.15093046, -77.19259594)"
"MCP29690080","190059575","Montgomery County Police","Injury Crash","12/10/2019 08:17:00 PM","Maryland (State)","GEORGIA AVE","REEDIE DR",,"N/A","PEDESTRIAN","STRAIGHT MOVEMENT ANGLE","RAINING","WET","DARK LIGHTS ON","TRAFFIC SIGNAL","NONE DETECTED","NONE DETECTED","816748B8-051B-484E-83CE-66E70A8011FE","PEDESTRIAN","Cross/Enter at Intersection","NO IMPROPER ACTIONS","ON ROADWAY AT CROSSWALK","No","POSSIBLE INJURY","NONE","39.03867825","-77.05076723","    (39.03867825, -77.05076723)"
"MCP20080071","190059574","Montgomery County Police","Injury Crash","12/10/2019 08:01:00 PM","Maryland (State)","OLD GEORGETOWN RD","CENTER DR",,"N/A","BICYCLIST","OTHER","RAINING","WET","DARK LIGHTS ON","TRAFFIC SIGNAL","NONE DETECTED","NONE DETECTED","47C5DE33-B3BA-456A-BDF7-B98528B44211","BICYCLIST","Cross/Enter at Intersection","NO IMPROPER ACTIONS","ON ROADWAY AT CROSSWALK","No","SUSPECTED SERIOUS INJURY","NONE","39.00282667","-77.11020167","    (39.00282667, -77.11020167)"
"MCP2941003W","190062360","Montgomery County Police","Injury Crash","12/10/2019 06:08:00 PM","Maryland (State)","GEORGIA AVE","FENWICK LA",,"N/A","PEDESTRIAN","OTHER","RAINING","WET","DARK LIGHTS ON","OTHER","UNKNOWN","NONE DETECTED","9D6432B3-D409-43B8-91A0-306F071F0C08","PEDESTRIAN","Cross/Enter at Intersection","NO IMPROPER ACTIONS","ON ROADWAY AT CROSSWALK","No","POSSIBLE INJURY","NONE","38.99817812","-77.03059596","    (38.99817812, -77.03059596)"
"DD56310038","190059546","Rockville Police Departme","Injury Crash","12/10/2019 05:30:00 PM","Municipality","MARYLAND AVE","E MIDDLE LA",,"ROCKVILLE","PEDESTRIAN","OTHER","RAINING","WET","DARK -- UNKNOWN LIGHTING","TRAFFIC SIGNAL","NONE DETECTED","NONE DETECTED","FFDC30FE-55F1-4085-8D8E-007B7150AF91","PEDESTRIAN","Cross/Enter at Intersection","NO IMPROPER ACTIONS","SIDEWALK","No","SUSPECTED MINOR INJURY","NONE","39.085","-77.15128167","    (39.085, -77.15128167)"
"MCP2290002G","19059497","Montgomery County Police","Injury Crash","12/10/2019 01:10:00 PM","County","SHADY GROVE RD","COMPRINT CT",,"N/A","PEDESTRIAN","SINGLE VEHICLE","RAINING","WET","DAYLIGHT","TRAFFIC SIGNAL","NONE DETECTED","NONE DETECTED","C3641830-2FCB-49F0-85B1-36507FAE3505","PEDESTRIAN","Cross/Enter not at Intersection","FAILURE TO OBEY TRAFFIC SIGNS SIGNALS OR OFFICER","ON ROADWAY NOT AT CROSSWALK","Yes","SUSPECTED MINOR INJURY","NONE","39.11886667","-77.18166","    (39.11886667, -77.18166)"
"MCP30700016","190059496","Montgomery County Police","Injury Crash","12/10/2019 10:30:00 AM","County","COMMERCE LA","WISCONSIN AVE",,"N/A","PEDESTRIAN","SINGLE VEHICLE","RAINING","WET","DAYLIGHT","TRAFFIC SIGNAL","N/A","N/A","22D8E7A3-5124-4FE6-86F9-B0854EBB2693","PEDESTRIAN","Cross/Enter at Intersection","UNKNOWN","AT INTERSECTION MARKED CROSSWALK","Unknown","POSSIBLE INJURY","NONE","38.98592806","-77.09472495","    (38.98592806, -77.09472495)"
"MCP115100BG","190059445","Montgomery County Police","Injury Crash","12/10/2019 08:30:00 AM","County","MIDDLEBROOK RD","ENT TO BUSINESS",,"N/A","PEDESTRIAN","OTHER","CLOUDY","WET","DAYLIGHT","NO CONTROLS","UNKNOWN","NONE DETECTED","2DA10919-577C-47F6-82C3-B782B6675207","PEDESTRIAN","Cross/Enter at Intersection","UNKNOWN","AT INTERSECTION BUT NO CROSSWALK","No","SUSPECTED MINOR INJURY","N/A","39.1758385","-77.25480717","    (39.1758385, -77.25480717)"
"MCP13010018","190059403","Montgomery County Police","Fatal Crash","12/09/2019 06:51:00 PM","Maryland (State)","UNIVERSITY BLVD W","HEMMINGWAY CT",,"N/A","PEDESTRIAN","SINGLE VEHICLE","RAINING","WET","DARK LIGHTS ON","NO CONTROLS","NONE DETECTED","NONE DETECTED","A0C6AF2C-BB4B-42C1-AF87-BF834D54947E","PEDESTRIAN","Cross/Enter not at Intersection","FAILURE TO YIELD RIGHT OF WAY","ON ROADWAY NOT AT CROSSWALK","Yes","FATAL INJURY","NONE","39.03621333","-77.02829","    (39.03621333, -77.02829)"
"DM8472000Y","190058947","Takoma Park Police Depart","Property Damage Crash","12/08/2019 10:36:00 PM","Municipality","ELM AVE","AUBURN AVE",,"TAKOMA PARK","PEDESTRIAN","SINGLE VEHICLE","CLEAR","N/A","DARK LIGHTS ON","NO CONTROLS","N/A","N/A","B5BD6445-8246-4289-8BBE-E6087A47DD89","PEDESTRIAN","Other","NO IMPROPER ACTIONS","INSIDE BUILDING","No","NO APPARENT INJURY","NONE","38.97686218","-76.99578547","    (38.97686218, -76.99578547)"