"Report Number","Local Case Number","Agency Name","ACRS Report Type","Crash Date/Time","Route Type","Road Name","Cross-Street Name","Off-Road Description","Municipality","Related Non-Motorist","Collision Type","Weather","Surface Condition","Light","Traffic Control","Driver Substance Abuse","Non-Motorist Substance Abuse","Person ID","Pedestrian Type","Pedestrian Movement","Pedestrian Actions","Pedestrian Location","At Fault","Injury Severity","Safety Equipment","Latitude","Longitude","Location"
"DD5628002M","190052934","Rockville Police Departme","Injury Crash","11/07/2019 10:20:00 AM","Municipality","PICCARD DR","REDLAND BLVD",,"ROCKVILLE","PEDESTRIAN","OTHER","CLEAR","OTHER","DAYLIGHT","OTHER","NONE DETECTED","NONE DETECTED","EECECE2E-DD11-4576-87BC-F31BC2EA8579","PEDESTRIAN","Other Working","WRONG WAY RIDING OR WALKING","ON ROADWAY NOT AT CROSSWALK","Yes","SUSPECTED MINOR INJURY","REFLECTIVE CLOTHING","39.113975","-77.17959258","    (39.113975, -77.17959258)"
"MCP1119007V","190053603","Montgomery County Police","Injury Crash","11/07/2019 08:00:00 AM","County","AMHERST AVE","WINDHAM LA",,"N/A","BICYCLIST","OTHER","CLOUDY","DRY","DAYLIGHT","STOP SIGN","NONE DETECTED","NONE DETECTED","97F9444A-272C-4063-84C8-16C9996B5E81","BICYCLIST","Walking/Cycling on Sidewalk","DART DASH","AT INTERSECTION MARKED CROSSWALK","Yes","POSSIBLE INJURY","NONE","39.03197418","-77.04711387","    (39.03197418, -77.04711387)"
"DD5598003F","190053600","Rockville Police Departme","Injury Crash","11/07/2019 07:40:00 AM","Municipality","MARYLAND AVE","S WASHINGTON ST",,"ROCKVILLE","PEDESTRIAN","OTHER","CLOUDY","DRY","DAYLIGHT","OTHER","N/A","N/A","AE7B7B88-0DE2-410A-96F7-1C9E36935A78","PEDESTRIAN","Cross/Enter at Intersection","NO IMPROPER ACTIONS","ON ROADWAY AT CROSSWALK","No","POSSIBLE INJURY","N/A","39.08040683","-77.15259717","    (39.08040683, -77.15259717)"
"MCP3114001N","190053512","Montgomery County Police","Injury Crash","11/06/2019 05:22:00 PM","Other Public Roadway","CALVERTON BLVD","CHERRY HILL RD",,"N/A","PEDESTRIAN","SINGLE VEHICLE","CLEAR","DRY","DARK LIGHTS ON","NO CONTROLS","NONE DETECTED","NONE DETECTED","33666EB0-36AC-4CC4-B610-28A572FFBDE5","PEDESTRIAN","Cross/Enter at Intersection","NO IMPROPER ACTIONS","ON ROADWAY AT CROSSWALK","No","SUSPECTED MINOR INJURY","NONE","39.056385","-76.95302833","    (39.056385, -76.95302833)"
"MCP3085001W","190053496","Montgomery County Police","Injury Crash","11/06/2019 04:09:00 PM","County","MACARTHUR BLVD","81ST ST",,"N/A","BICYCLIST","HEAD ON LEFT TURN","CLEAR","DRY","DAYLIGHT","NO CONTROLS","NONE DETECTED","NONE DETECTED","1FAAF9B7-C38B-4969-A9A9-17DDB9AE3B53","BICYCLIST","Walking/Cycling on Sidewalk","NO IMPROPER ACTIONS","SIDEWALK","Yes","SUSPECTED MINOR INJURY","MC/BIKE HELMET","38.97459833","-77.16567333","    (38.97459833, -77.16567333)"
"MCP3109003G","190053471","Montgomery County Police","Property Damage Crash","11/06/2019 01:30:00 PM",,,,"DRIVEWAY AT 8120 GEORGIA AVE",,"MACHINE OPERATOR/RIDER","STRAIGHT MOVEMENT ANGLE","CLEAR",,"DAYLIGHT","NO CONTROLS","NONE DETECTED","NONE DETECTED","A9E7C80C-C0F0-4EC5-9600-47E117B9A6B4","MACHINE OPERATOR/RIDER","Walking/Cycling on Sidewalk","NO IMPROPER ACTIONS","SIDEWALK","No","NO APPARENT INJURY","NONE","38.99114467","-77.02677867","    (38.99114467, -77.02677867)"
"MCP20010015","190053398","Montgomery County Police","Fatal Crash","11/06/2019 07:27:00 AM","Municipality","MCAULIFFE DR","LINTHICUM ST",,"ROCKVILLE","PEDESTRIAN","SINGLE VEHICLE","CLEAR","DRY","DAYLIGHT","NO CONTROLS","NONE DETECTED","NONE DETECTED","3BDF0544-8063-4831-8DAC-6E1807B94326","PEDESTRIAN","Cross/Enter not at Intersection","UNKNOWN","OUTSIDE RIGHT OF WAY","Yes","FATAL INJURY","NONE","39.07656774","-77.11651066","    (39.07656774, -77.11651066)"
"MCP1500001R","190053468","Montgomery County Police","Injury Crash","11/05/2019 09:00:00 PM",,,,"PARKING LOT OF 2509 UNIVERSITY BLVD WEST, SILVER SPRING, MD 20902",,"PEDESTRIAN","SAME DIR REAR END","UNKNOWN",,"DARK -- UNKNOWN LIGHTING","NO CONTROLS","UNKNOWN","UNKNOWN","CA629DA1-3F0C-4BF9-AE5F-F43ED4FEBB2A","PEDESTRIAN","Standing","NO IMPROPER ACTIONS","OTHER","No","SUSPECTED MINOR INJURY","N/A","39.04164357","-77.05209187","    (39.04164357, -77.05209187)"
"EJ78370049","190053304","Gaithersburg Police Depar","Injury Crash","11/05/2019 03:45:00 PM","Municipality","RUSSELL AVE","WATKINS MILL RD",,"GAITHERSBURG","PEDESTRIAN","SINGLE VEHICLE","CLEAR","DRY","DAYLIGHT","NO CONTROLS","N/A","N/A","54463128-11C7-4A4C-AE9C-077075026DDE","PEDESTRIAN","Cross/Enter at Intersection","NO IMPROPER ACTIONS","AT INTERSECTION BUT NO CROSSWALK","Unknown","POSSIBLE INJURY","NONE","39.15925833","-77.21559","    (39.15925833, -77.21559)"
"MCP2969007J","190053293","Montgomery County Police","Injury Crash","11/05/2019 02:39:00 PM",,,,"PARKING LOT OF 3305 NORTH LEISURE WORLD BLVD",,"PEDESTRIAN","SINGLE VEHICLE","CLEAR",,"DAYLIGHT","NO CONTROLS","NONE DETECTED","NONE DETECTED","E09132AA-3049-4B33-B44B-1D188B386816","PEDESTRIAN","Other","NO IMPROPER ACTIONS","OTHER","No","SUSPECTED MINOR INJURY","LIGHTING","39.10942167","-77.06457833","    (39.10942167, -77.06457833)"
"MCP26170087","190053280","Montgomery County Police","Injury Crash","11/05/2019 02:05:00 PM","County","ARCOLA AVE","KERSEY RD",,"N/A","PEDESTRIAN","OTHER","CLEAR","DRY","DAYLIGHT","NO CONTROLS","NONE DETECTED","NONE DETECTED","DB39F010-09B7-4111-8921-4814E44A1621","PEDESTRIAN","Cross/Enter at Intersection","N/A","AT INTERSECTION MARKED CROSSWALK","No","NO APPARENT INJURY","NONE","39.043475","-77.03062167","    (39.043475, -77.03062167)"
"MCP26170087","190053280","Montgomery County Police","Injury Crash","11/05/2019 02:05:00 PM","County","ARCOLA AVE","KERSEY RD",,"N/A","PEDESTRIAN","OTHER","CLEAR","DRY","DAYLIGHT","NO CONTROLS","NONE DETECTED","NONE DETECTED","50CA2A68-AEBD-4B66-9B5A-9FFAE047FCD2","PEDESTRIAN","Cross/Enter at Intersection","N/A","AT INTERSECTION MARKED CROSSWALK","No","POSSIBLE INJURY","NONE","39.043475","-77.03062167","    (39.043475, -77.03062167)"
"EJ78580048","190053072","Gaithersburg Police Depar","Injury Crash","11/04/2019 11:15:00 AM","Municipality","GIRARD ST","N SUMMIT AVE",,"N/A","PEDESTRIAN","SINGLE VEHICLE","CLEAR","DRY","DAYLIGHT","TRAFFIC SIGNAL","NONE DETECTED","NONE DETECTED","7670AAFF-00C5-4864-AC22-0DC1D9D77856","PEDESTRIAN","Cross/Enter at Intersection","NO IMPROPER ACTIONS","ON ROADWAY AT CROSSWALK","No","SUSPECTED MINOR INJURY","NONE","39.150745","-77.19236333","    (39.150745, -77.19236333)"
"DD55950081","190052823","Rockville Police Departme","Injury Crash","11/02/2019 05:45:00 PM","Maryland (State)","ROCKVILLE PIKE","TWINBROOK PKWY",,"ROCKVILLE","BICYCLIST","SINGLE VEHICLE","CLEAR","DRY","DAYLIGHT","TRAFFIC SIGNAL","UNKNOWN","NONE DETECTED","0B8BDC18-685A-4B63-87BC-838AE5E1E3D1","BICYCLIST","Other","NO IMPROPER ACTIONS","ON ROADWAY AT CROSSWALK","No","SUSPECTED MINOR INJURY","NONE","39.05887808","-77.12129145","    (39.05887808, -77.12129145)"
"MCP30580036","190052818","Montgomery County Police","Injury Crash","11/02/2019 04:25:00 PM","Maryland (State)","DARNESTOWN RD","JONES LA",,"N/A","BICYCLIST","HEAD ON LEFT TURN","CLEAR","DRY","DAYLIGHT","NO CONTROLS","NONE DETECTED","NONE DETECTED","17E43519-AF52-4263-A66E-71628737CF3A","BICYCLIST","Cross/Enter at Intersection","NO IMPROPER ACTIONS","AT INTERSECTION BUT NO CROSSWALK","No","SUSPECTED SERIOUS INJURY","MC/BIKE HELMET","39.11395333","-77.26745667","    (39.11395333, -77.26745667)"
"DM8465001F","190052769","Takoma Park Police Depart","Injury Crash","11/02/2019 09:45:00 AM","Maryland (State)","ETHAN ALLEN AVE","JACKSON AVE",,"TAKOMA PARK","PEDESTRIAN","OTHER","CLEAR","DRY","DAYLIGHT","STOP SIGN","UNKNOWN","NONE DETECTED","7024367A-426C-4217-99FD-B73B4A7B83F7","PEDESTRIAN","Cross/Enter at Intersection","NO IMPROPER ACTIONS","ON ROADWAY AT CROSSWALK","No","SUSPECTED MINOR INJURY","REFLECTIVE CLOTHING","38.97803183","-77.00134217","    (38.97803183, -77.00134217)"
"MCP2102001K","190052756","Montgomery County Police","Injury Crash","11/02/2019 05:40:00 AM","Maryland (State)","VEIRS MILL RD","CENTERHILL ST",,"N/A","PEDESTRIAN","OTHER","CLEAR","DRY","DARK LIGHTS ON","NO CONTROLS","UNKNOWN","NONE DETECTED","3B482C54-98EE-4C90-AE18-8A4380CCDF65","PEDESTRIAN","Cross/Enter at Intersection","N/A","AT INTERSECTION BUT NO CROSSWALK","No","SUSPECTED MINOR INJURY","NONE","39.05025167","-77.07259833","    (39.05025167, -77.07259833)"
"DD5637000L","190052661","Rockville Police Departme","Injury Crash","11/01/2019 04:28:00 PM","Municipality","LEWIS AVE","CLAGETT DR",,"ROCKVILLE","PEDESTRIAN","OTHER","CLEAR","DRY","DAYLIGHT","NO CONTROLS","NONE DETECTED","NONE DETECTED","EB098C60-0EA2-4280-AFA9-D9E9DD795F12","PEDESTRIAN","Cross/Enter at Intersection","FAILURE TO YIELD RIGHT OF WAY","ON ROADWAY NOT AT CROSSWALK","Yes","SUSPECTED MINOR INJURY","NONE","39.0741145","-77.13326383","    (39.0741145, -77.13326383)"
"MCP003600C3","190052659","Montgomery County Police","Injury Crash","11/01/2019 04:14:00 PM",,"EBENEZER CHAPEL DR","GENERAL STORE DR",,"N/A","BICYCLIST","SINGLE VEHICLE","CLEAR","DRY","DAYLIGHT","NO CONTROLS","NONE DETECTED","NONE DETECTED","E75A87F9-30B1-4702-BA67-2BA8BF184B04","BICYCLIST","Cross/Enter at Intersection","FAILURE TO YIELD RIGHT OF WAY","ON ROADWAY NOT AT CROSSWALK","Yes","SUSPECTED SERIOUS INJURY","NONE","39.24310333","-77.27793833","    (39.24310333, -77.27793833)"
"MCP3196000X","190052654","Montgomery County Police","Injury Crash","11/01/2019 04:00:00 PM","County","DAIRYMAID DR","GREAT SENECA HWY",,"N/A","PEDESTRIAN","SINGLE VEHICLE","CLEAR","DRY","DAYLIGHT","UNKNOWN","NONE DETECTED","NONE DETECTED","AE09B95F-3A2B-40D2-AA46-182B9EFF3CB1","PEDESTRIAN","Cross/Enter at Intersection","NO IMPROPER ACTIONS","ON ROADWAY AT CROSSWALK","No","SUSPECTED MINOR INJURY","N/A","39.183935","-77.26359","    (39.183935, -77.26359)"
"MCP2351003L","190052610","Montgomery County Police","Injury Crash","11/01/2019 11:57:00 AM",,,,"SIDEWALK ADJACENT 5451 RANDOLPH RD",,"BICYCLIST","OTHER","CLEAR",,"DAYLIGHT","NO CONTROLS","NONE DETECTED","NONE DETECTED","748E462C-28C6-454A-961B-48B1F1AC16DA","BICYCLIST","Walking/Cycling on Sidewalk","UNKNOWN","SIDEWALK","Unknown","SUSPECTED MINOR INJURY","NONE","39.05356833","-77.10807833","    (39.05356833, -77.10807833)"
"MCP3060002M","190052561","Montgomery County Police","Injury Crash","11/01/2019 06:45:00 AM","County","WARREN ST","SEMINARY RD",,"N/A","PEDESTRIAN","OTHER","CLEAR","DRY","DAWN","STOP SIGN","N/A","N/A","850D73F2-5F47-42E6-88C2-BC8FC6E57ED4","PEDESTRIAN","Getting off/on Vehicle","DART DASH","UNKNOWN","Yes","SUSPECTED MINOR INJURY","NONE","39.01062627","-77.04841232","    (39.01062627, -77.04841232)"
"MCP3141001J","190052601","Montgomery County Police","Injury Crash","10/31/2019 06:00:00 PM","County","13TH ST","GEORGIA AVE",,"N/A","MACHINE OPERATOR/RIDER","STRAIGHT MOVEMENT ANGLE","N/A","DRY","UNKNOWN","NO CONTROLS","UNKNOWN","UNKNOWN","BA4D7D7C-DCDC-48FB-BD09-6CB44DC0A145","MACHINE OPERATOR/RIDER","Other","UNKNOWN","SIDEWALK","Unknown","SUSPECTED MINOR INJURY","NONE","38.98718952","-77.02727766","    (38.98718952, -77.02727766)"
"MCP2411003W","190052261","Montgomery County Police","Injury Crash","10/30/2019 04:29:00 PM","County","ROCKING HORSE RD","RANDOLPH RD",,"N/A","PEDESTRIAN","OTHER","CLEAR","DRY","DAYLIGHT","TRAFFIC SIGNAL","NONE DETECTED","NONE DETECTED","7AFE15C1-923C-4140-B47E-1118C7F9576B","PEDESTRIAN","Cross/Enter at Intersection","NO IMPROPER ACTIONS","ON ROADWAY AT CROSSWALK","No","SUSPECTED MINOR INJURY","NONE","39.05385636","-77.09416462","    (39.05385636, -77.09416462)"
"MCP2347002D","190052227","Montgomery County Police","Injury Crash","10/30/2019 06:55:00 AM","County","E RANDOLPH RD","STRATFORD GARDEN DR",,"N/A","PEDESTRIAN","OTHER","CLEAR","DRY","DUSK","NO CONTROLS","NONE DETECTED","NONE DETECTED","F2FE25C5-07DB-413A-AFE7-8CCB5197710D","PEDESTRIAN","Walking to/from school","INATTENTIVE","AT INTERSECTION BUT NO CROSSWALK","Yes","SUSPECTED MINOR INJURY","NONE","39.06496167","-76.97131167","    (39.06496167, -76.97131167)"
"DD56010052","190052141","Rockville Police Departme","Property Damage Crash","10/29/2019 10:39:00 PM",,,,"PARKING LOT OF 891 ROCKVILLE PIKE",,"OTHER","SINGLE VEHICLE","CLEAR",,"DARK LIGHTS ON","N/A","UNKNOWN","N/A","377AB315-CDD3-4654-B39E-A0EA01BD0338","OTHER","N/A","NO IMPROPER ACTIONS","N/A","No","NO APPARENT INJURY","N/A","39.0742805","-77.13729233","    (39.0742805, -77.13729233)"
"MCP2612003J","190052108","Montgomery County Police","Injury Crash","10/29/2019 06:45:00 PM","County","GLASGOW DR","ASPEN HILL RD",,"N/A","PEDESTRIAN","OTHER","CLEAR","DRY","DUSK","NO CONTROLS","NONE DETECTED","NONE DETECTED","8C5F7E52-A5E5-4D1A-9AC4-73838CA7CD29","PEDESTRIAN","Cross/Enter at Intersection","NO IMPROPER ACTIONS","AT INTERSECTION BUT NO CROSSWALK","No","POSSIBLE INJURY","NONE","39.07294667","-77.09568333","    (39.07294667, -77.09568333)"
"DD56240038","190052105","Rockville Police Departme","Property Damage Crash","10/29/2019 06:25:00 PM","Maryland (State)","VEIRS MILL RD","ROCKVILLE PIKE",,"N/A","PEDESTRIAN","OTHER","CLEAR","DRY","DARK LIGHTS ON","TRAFFIC SIGNAL","NONE DETECTED","UNKNOWN","42F23D27-007E-4668-8C8D-E1EB41D24520","PEDESTRIAN","Cross/Enter not at Intersection","DART DASH","ON ROADWAY NOT AT CROSSWALK","Yes","NO APPARENT INJURY","NONE","39.08141983","-77.14631333","    (39.08141983, -77.14631333)"
"MCP271700R1","190052038","Montgomery County Police","Property Damage Crash","10/29/2019 12:15:00 PM","County","ST ELMO AVE","NORFOLK AVE",,"N/A","OTHER","OTHER","CLEAR","OTHER","DAYLIGHT","PERSON","NONE DETECTED","NONE DETECTED","37021FDF-5E68-4912-8CEA-DFAFDDEFAFAB","OTHER","Other","NO IMPROPER ACTIONS","OTHER","No","NO APPARENT INJURY","REFLECTIVE CLOTHING","38.98913967","-77.09705917","    (38.98913967, -77.09705917)"
"MCP2902003R","190051976","Montgomery County Police","Injury Crash","10/29/2019 07:02:00 AM","Maryland (State)","FREDERICK RD","PLUMMER DR",,"N/A","BICYCLIST","OTHER","CLEAR","DRY","DAWN","NO CONTROLS","N/A","NONE DETECTED","C8AA58F3-F9E0-4C2E-997E-6DA21E619932","BICYCLIST","Walking/Cycling on Sidewalk","OTHER","SIDEWALK","No","SUSPECTED MINOR INJURY","UNKNOWN","39.17104333","-77.235525","    (39.17104333, -77.235525)"
"MCP26710028","190051923","Montgomery County Police","Injury Crash","10/28/2019 07:50:00 PM","US (State)","GEORGIA AVE","ELLSWORTH DR",,"N/A","PEDESTRIAN","OTHER","N/A","DRY","DARK LIGHTS ON","TRAFFIC SIGNAL","NONE DETECTED","NONE DETECTED","213A9D0E-8EF7-4499-BFA8-12687607CA80","PEDESTRIAN","Cross/Enter not at Intersection","IN ROADWAY IMPROPERLY","ON ROADWAY NOT AT CROSSWALK","Yes","SUSPECTED MINOR INJURY","NONE","38.99528412","-77.02743963","    (38.99528412, -77.02743963)"
"MCP115100B6","190051780","Montgomery County Police","Injury Crash","10/28/2019 07:30:00 AM","Maryland (State)","DAMASCUS RD","LONG CORNER RD",,"N/A","PEDESTRIAN","OTHER","CLEAR","DRY","DAYLIGHT","NO CONTROLS","NONE DETECTED","NONE DETECTED","2D4320CB-67BA-4C88-9398-C2F9AA5B2568","PEDESTRIAN","Other","IN ROADWAY IMPROPERLY","ON ROADWAY NOT AT CROSSWALK","Yes","SUSPECTED MINOR INJURY","N/A","39.27476883","-77.15725617","    (39.27476883, -77.15725617)"
"DD5595007Z","190051199","Rockville Police Departme","Injury Crash","10/27/2019 06:53:00 PM","Municipality","CHAPMAN AVE","TWINBROOK PKWY",,"ROCKVILLE","PEDESTRIAN","SINGLE VEHICLE","CLEAR","DRY","DARK LIGHTS ON","TRAFFIC SIGNAL","UNKNOWN","NONE DETECTED","64450CF5-A219-42D5-B70D-6BEEC4D1DAA6","PEDESTRIAN","Cross/Enter at Intersection","NO IMPROPER ACTIONS","ON ROADWAY AT CROSSWALK","No","SUSPECTED MINOR INJURY","N/A","39.05861169","-77.11889264","    (39.05861169, -77.11889264)"
"MCP3004003D","190051575","Montgomery County Police","Injury Crash","10/26/2019 08:04:00 PM","County","WASHINGTON AVE","COLSTON DR",,"N/A","PEDESTRIAN","OTHER","CLEAR","DRY","DARK LIGHTS ON","N/A","NONE DETECTED","NONE DETECTED","710023B6-991A-4BE0-A9B9-D70464BBD123","PEDESTRIAN","Other","FAILURE TO YIELD RIGHT OF WAY","OTHER","Yes","SUSPECTED MINOR INJURY","NONE","38.99313155","-77.04768358","    (38.99313155, -77.04768358)"
"HA2449000L","19002876","Maryland-National Capital","Injury Crash","10/26/2019 09:48:00 AM","County","DENNIS AVE","SLIGO CREEK PKWY",,"N/A","BICYCLIST","SINGLE VEHICLE","CLEAR","DRY","DAYLIGHT","WARNING SIGN","N/A","N/A","CE1C3A9F-50CA-4A0F-8D7D-C0B93E775C03","BICYCLIST","Other","NO IMPROPER ACTIONS","ON ROADWAY AT CROSSWALK","No","SUSPECTED MINOR INJURY","MC/BIKE HELMET","39.0242296","-77.03047455","    (39.0242296, -77.03047455)"
"MCP3201000J","190051399","Montgomery County Police","Injury Crash","10/25/2019 09:21:00 PM","Maryland (State)","FREDERICK RD","MIDDLEBROOK RD",,"N/A","PEDESTRIAN","SINGLE VEHICLE","CLOUDY","DRY","DARK LIGHTS ON","NO CONTROLS","N/A","N/A","F8AD25D1-FE45-426D-B2E9-BD4605B89908","PEDESTRIAN","Other","OTHER","SIDEWALK","Yes","SUSPECTED SERIOUS INJURY","NONE","39.18224333","-77.23828667","    (39.18224333, -77.23828667)"
"MCP3127001B","190051223","Montgomery County Police","Injury Crash","10/24/2019 10:10:00 PM","Maryland (State)","ROCKVILLE PIKE","MARINELLI RD",,"N/A","PEDESTRIAN","N/A","CLEAR","DRY","DARK LIGHTS ON","OTHER","NONE DETECTED","NONE DETECTED","2E0BF5C8-0DDE-407D-9317-50ED0AA64FBB","PEDESTRIAN","Cross/Enter at Intersection","DART DASH","AT INTERSECTION MARKED CROSSWALK","No","SUSPECTED MINOR INJURY","NONE","39.04712","-77.11308667","    (39.04712, -77.11308667)"
"DD5635001S","190051184","Rockville Police Departme","Injury Crash","10/24/2019 06:22:00 PM","Municipality","HURLEY AVE","W MONTGOMERY AVE",,"N/A","PEDESTRIAN","OTHER","N/A","DRY","DARK LIGHTS ON","TRAFFIC SIGNAL","NONE DETECTED","NONE DETECTED","5A66F3D6-6BD6-4688-A4AD-5A26CA66C96C","PEDESTRIAN","Cross/Enter at Intersection","DART DASH","ON ROADWAY AT CROSSWALK","Yes","POSSIBLE INJURY","NONE","39.089181","-77.17805533","    (39.089181, -77.17805533)"
"MCP1453007W","190051042","Montgomery County Police","Injury Crash","10/24/2019 06:05:00 AM","Maryland (State)","CLOPPER RD","ENT TO BUSINESS",,"N/A","PEDESTRIAN","SINGLE VEHICLE","CLOUDY","DRY","DARK LIGHTS ON","NO CONTROLS","NONE DETECTED","NONE DETECTED","616FEABB-ECDF-4340-A058-41344BC1F094","PEDESTRIAN","Cross/Enter at Intersection","NO IMPROPER ACTIONS","AT INTERSECTION BUT NO CROSSWALK","No","SUSPECTED MINOR INJURY","N/A","39.15657","-77.26578333","    (39.15657, -77.26578333)"
"MCP2866005W","190050985","Montgomery County Police","Injury Crash","10/23/2019 05:40:00 PM","Maryland (State)","CONNECTICUT AVE","SAUL RD",,"N/A","BICYCLIST","ANGLE MEETS LEFT TURN","CLEAR","DRY","DAYLIGHT","TRAFFIC SIGNAL","NONE DETECTED","NONE DETECTED","46DA85B3-81B9-47A8-A962-BBBFCC9AF806","BICYCLIST","Standing","NO IMPROPER ACTIONS","SIDEWALK","No","SUSPECTED SERIOUS INJURY","MC/BIKE HELMET","39.01551833","-77.07861667","    (39.01551833, -77.07861667)"
"MCP3242000F","190050913","Montgomery County Police","Injury Crash","10/23/2019 12:17:00 PM","Maryland (State)","GEORGIA AVE","CAMERON ST",,"N/A","PEDESTRIAN","SINGLE VEHICLE","CLEAR","DRY","DAYLIGHT","TRAFFIC SIGNAL","NONE DETECTED","NONE DETECTED","CF100AD6-8D4C-4F10-89A4-0E8F0C18BFB1","PEDESTRIAN","Cross/Enter at Intersection","NO IMPROPER ACTIONS","AT INTERSECTION MARKED CROSSWALK","No","SUSPECTED MINOR INJURY","NONE","38.99746913","-77.02971603","    (38.99746913, -77.02971603)"
"MCP271700QX","190050876","Montgomery County Police","Injury Crash","10/23/2019 09:22:00 AM","Maryland (State)","WISCONSIN AVE","BRADLEY LA",,"N/A","PEDESTRIAN","OTHER","CLEAR","DRY","DAYLIGHT","TRAFFIC SIGNAL","NONE DETECTED","NONE DETECTED","DB176B04-50CE-4751-A99A-4B9D993CBC43","PEDESTRIAN","Cross/Enter at Intersection","NO IMPROPER ACTIONS","ON ROADWAY AT CROSSWALK","No","SUSPECTED MINOR INJURY","NONE","38.97695","-77.09067933","    (38.97695, -77.09067933)"
"MCP2651003J","190050853","Montgomery County Police","Injury Crash","10/23/2019 06:49:00 AM","County","NORTHAMPTON DR","BEACON RD",,"N/A","PEDESTRIAN","OTHER","CLEAR","DRY","DARK LIGHTS ON","STOP SIGN","N/A","N/A","54D336CB-DB44-4EB8-857D-18B8A33E8476","PEDESTRIAN","Cross/Enter at Intersection","FAILURE TO YIELD RIGHT OF WAY","ON ROADWAY NOT AT CROSSWALK","Yes","POSSIBLE INJURY","NONE","39.00762","-76.98374","    (39.00762, -76.98374)"
"MCP0942002J","190050694","Montgomery County Police","Injury Crash","10/22/2019 02:19:00 PM","County","WOODMONT AVE","ELM ST",,"N/A","PEDESTRIAN","OTHER","RAINING","WET","DAYLIGHT","TRAFFIC SIGNAL","NONE DETECTED","NONE DETECTED","EED7CCD5-117A-4B62-8963-0864A6C36611","PEDESTRIAN","Cross/Enter at Intersection","NO IMPROPER ACTIONS","AT INTERSECTION MARKED CROSSWALK","No","POSSIBLE INJURY","NONE","38.98168833","-77.09616167","    (38.98168833, -77.09616167)"
"MCP1174003Y","190050635","Montgomery County Police","Injury Crash","10/22/2019 07:35:00 AM",,,,"PARKING LOT OF 10400 OLD GEORGETOWN RD. GIANT FOOD",,"BICYCLIST","SINGLE VEHICLE","CLOUDY",,"DAWN","NO CONTROLS","N/A","NONE DETECTED","BB4A11CC-B724-4E54-8A43-56C84120E4A2","BICYCLIST","Walking/Cycling on Sidewalk","NO IMPROPER ACTIONS","SIDEWALK","No","SUSPECTED MINOR INJURY","MC/BIKE HELMET","39.02632698","-77.12785589","    (39.02632698, -77.12785589)"
"DM8479000C","190050537","Takoma Park Police Depart","Injury Crash","10/21/2019 06:01:00 PM","Maryland (State)","NEW HAMPSHIRE AVE","EAST WEST HWY (PG CO)",,"N/A","PEDESTRIAN","N/A","CLEAR","DRY","DAYLIGHT","N/A","NONE DETECTED","N/A","3C32052F-6239-4BCF-BE71-B75A94BF3C11","PEDESTRIAN","Cross/Enter not at Intersection","IN ROADWAY IMPROPERLY","ON ROADWAY NOT AT CROSSWALK","Yes","SUSPECTED MINOR INJURY","NONE","38.97544311","-76.99317964","    (38.97544311, -76.99317964)"
"MCP30900039","190050499","Montgomery County Police","Injury Crash","10/21/2019 02:10:00 PM","Maryland (State)","GREAT SENECA HWY","SAM EIG HWY",,"N/A","BICYCLIST","SINGLE VEHICLE","CLEAR","DRY","DAYLIGHT","N/A","N/A","N/A","71DBD9CC-AAA9-4415-83FC-1A96D0F6F76E","BICYCLIST","Cross/Enter not at Intersection","INATTENTIVE","ON ROADWAY AT CROSSWALK","Yes","SUSPECTED MINOR INJURY","MC/BIKE HELMET","39.10767767","-77.20985694","    (39.10767767, -77.20985694)"
"MCP3169001Z","190050430","Montgomery County Police","Property Damage Crash","10/21/2019 07:30:00 AM","County","SLIGO AVE","MAYOR LA",,"N/A","BICYCLIST","OTHER","CLEAR","DRY","DAYLIGHT","NO CONTROLS","N/A","N/A","5404E375-DE94-4A7D-A285-B5EC48C09356","BICYCLIST","Walking/Riding against Traffic","NO IMPROPER ACTIONS","AT INTERSECTION BUT NO CROSSWALK","No","NO APPARENT INJURY","MC/BIKE HELMET","38.9902735","-77.02578916","    (38.9902735, -77.02578916)"
"MCP30730049","190050370","Montgomery County Police","Injury Crash","10/20/2019 05:30:00 PM","Maryland (State)","CONNECTICUT AVE","INDEPENDENCE ST",,"N/A","PEDESTRIAN","OTHER","N/A","WET","DAYLIGHT","TRAFFIC SIGNAL","NONE DETECTED","NONE DETECTED","9859D317-D018-40FD-A4EE-FC840B748BE0","PEDESTRIAN","Cross/Enter at Intersection","N/A","AT INTERSECTION MARKED CROSSWALK","No","SUSPECTED MINOR INJURY","NONE","39.07645167","-77.08045167","    (39.07645167, -77.08045167)"
"MCP2739002Q","190050111","Montgomery County Police","Injury Crash","10/18/2019 11:30:00 PM","Maryland (State)","UNIVERSITY BLVD W","LORAIN AVE",,"N/A","PEDESTRIAN","OTHER","CLEAR","DRY","DARK LIGHTS ON","N/A","NONE DETECTED","ALCOHOL CONTRIBUTED","B5B4E8E3-EE20-4795-A421-476FA0669F31","PEDESTRIAN","Cross/Enter not at Intersection","FAILURE TO YIELD RIGHT OF WAY","ON ROADWAY NOT AT CROSSWALK","Yes","SUSPECTED MINOR INJURY","NONE","39.02178333","-77.01490167","    (39.02178333, -77.01490167)"
"MCP30590044","190050076","Montgomery County Police","Injury Crash","10/18/2019 07:55:00 PM",,,,"DRIVEWAY OF 12801 FLACK ST",,"OTHER","OTHER","CLEAR",,"DARK LIGHTS ON","N/A","NONE DETECTED","NONE DETECTED","4D15B5A6-C8E9-4819-964A-B726F6FC802C","OTHER","Other","NO IMPROPER ACTIONS","OTHER","No","SUSPECTED MINOR INJURY","N/A","39.06451886","-77.05872728","    (39.06451886, -77.05872728)"