"Report Number","Local Case Number","Agency Name","ACRS Report Type","Crash Date/Time","Route Type","Road Name","Cross-Street Name","Off-Road Description","Municipality","Related Non-Motorist","Collision Type","Weather","Surface Condition","Light","Traffic Control","Driver Substance Abuse","Non-Motorist Substance Abuse","Person ID","Pedestrian Type","Pedestrian Movement","Pedestrian Actions","Pedestrian Location","At Fault","Injury Severity","Safety Equipment","Latitude","Longitude","Location"
"MCP32120009","190041582","Montgomery County Police","Injury Crash","08/30/2019 04:51:00 PM","Maryland (State)","EAST WEST HWY","COLESVILLE RD",,"N/A","PEDESTRIAN","SINGLE VEHICLE","N/A","N/A","DAYLIGHT","TRAFFIC SIGNAL","NONE DETECTED","NONE DETECTED","2323F65E-4083-4DD4-94CE-5386D8AA585C","PEDESTRIAN","Cross/Enter at Intersection","FAILURE TO OBEY TRAFFIC SIGNS SIGNALS OR OFFICER","ON ROADWAY NOT AT CROSSWALK","Yes","SUSPECTED MINOR INJURY","NONE","38.99297393","-77.0317158","    (38.99297393, -77.0317158)"
"DD56040031","190041532","Rockville Police Departme","Injury Crash","08/30/2019 01:30:00 PM","Municipality","REDLAND BLVD","THOMPSON DAIRY WAY",,"ROCKVILLE","PEDESTRIAN","OTHER","CLEAR","DRY","DAYLIGHT","TRAFFIC SIGNAL","NONE DETECTED","NONE DETECTED","869BDEDE-0A68-4B33-ACA7-471A7609E753","PEDESTRIAN","Cross/Enter at Intersection","NO IMPROPER ACTIONS","ON ROADWAY AT CROSSWALK","No","SUSPECTED MINOR INJURY","NONE","39.11275167","-77.17153167","    (39.11275167, -77.17153167)"
"MCP3136002G","190041527","Montgomery County Police","Injury Crash","08/30/2019 12:11:00 PM",,,,"8523 PINEY BRANCH RD (REAR PARKING LOT)",,"PEDESTRIAN","OTHER","CLEAR",,"DAYLIGHT","N/A","NONE DETECTED","ALCOHOL PRESENT","111FAD56-CBF4-451C-B56E-94FDC05D29F4","PEDESTRIAN","Standing","NOT VISIBLE","OTHER","No","SUSPECTED MINOR INJURY","N/A","38.99774447","-77.00260826","    (38.99774447, -77.00260826)"
"MCP2992002M","190041453","Montgomery County Police","Injury Crash","08/29/2019 09:35:00 PM","Maryland (State)","LAYHILL RD","BEL PRE RD",,"N/A","PEDESTRIAN","OTHER","N/A","DRY","DARK NO LIGHTS","NO CONTROLS","N/A","ALCOHOL PRESENT","225036BE-DCA0-4732-A692-FB3669F00C31","PEDESTRIAN","Getting off/on Vehicle","DART DASH","OTHER","Yes","SUSPECTED MINOR INJURY","N/A","39.09172333","-77.04509833","    (39.09172333, -77.04509833)"
"MCP15120024","190041410","Montgomery County Police","Injury Crash","08/29/2019 05:36:00 PM","Maryland (State)","GREAT SENECA HWY","ENT TO BUSINESS",,"N/A","BICYCLIST","STRAIGHT MOVEMENT ANGLE","N/A","DRY","DAYLIGHT","NO CONTROLS","NONE DETECTED","NONE DETECTED","E4CFEE8E-E91C-4834-974B-D997A5D287ED","BICYCLIST","Walking/Cycling on Sidewalk","NO IMPROPER ACTIONS","SIDEWALK","No","SUSPECTED MINOR INJURY","MC/BIKE HELMET","39.12532833","-77.23349167","    (39.12532833, -77.23349167)"
"MCP13010013","190041102","Montgomery County Police","Fatal Crash","08/27/2019 09:09:00 PM","County","RANDOLPH RD","GLENMONT CIR #1",,"N/A","PEDESTRIAN","SINGLE VEHICLE","CLEAR","DRY","DARK LIGHTS ON","TRAFFIC SIGNAL","NONE DETECTED","UNKNOWN","658EB77D-26E3-44E3-BA64-503493C79877","PEDESTRIAN","Cross/Enter at Intersection","DART DASH","ON ROADWAY AT CROSSWALK","Yes","FATAL INJURY","NONE","39.05907449","-77.04770804","    (39.05907449, -77.04770804)"
"MCP2991003W","190040989","Montgomery County Police","Injury Crash","08/26/2019 08:20:00 PM","County","HINES RD","WELLFLEET DR",,"N/A","PEDESTRIAN","SINGLE VEHICLE","CLEAR","DRY","DARK LIGHTS ON","N/A","N/A","N/A","C404D28E-0035-45B1-A0A7-C8CF71E68B88","PEDESTRIAN","Cross/Enter at Intersection","NO IMPROPER ACTIONS","AT INTERSECTION MARKED CROSSWALK","No","POSSIBLE INJURY","NONE","39.14143267","-77.07796833","    (39.14143267, -77.07796833)"
"MCP2357003V","190040668","Montgomery County Police","Injury Crash","08/25/2019 01:51:00 PM",,,,"PARKING LOT OF 8101 FENTON STREET",,"PEDESTRIAN","OTHER","CLEAR",,"DAYLIGHT","N/A","NONE DETECTED","NONE DETECTED","FF6136C3-8528-4BD3-AC0C-DC3EADF9437B","PEDESTRIAN","Other","NO IMPROPER ACTIONS","OTHER","No","POSSIBLE INJURY","N/A","38.99043667","-77.023645","    (38.99043667, -77.023645)"
"MCP1342002N","190040667","Montgomery County Police","Injury Crash","08/25/2019 01:27:00 PM","County","RIVER RD","SENECA RD",,"N/A","BICYCLIST","SAME DIR REAR END","CLEAR","DRY","DAYLIGHT","NO CONTROLS","NONE DETECTED","NONE DETECTED","CEBAFD94-95F3-4537-B164-72EC6B159771","BICYCLIST","Walking/Riding w/Traffic","NO IMPROPER ACTIONS","ON ROADWAY NOT AT CROSSWALK","No","SUSPECTED MINOR INJURY","MC/BIKE HELMET","39.07809333","-77.33474167","    (39.07809333, -77.33474167)"
"DM8386001C","190040588","Takoma Park Police Depart","Injury Crash","08/24/2019 08:30:00 PM","Municipality","ANNE AVE","LOCKNEY AVE",,"TAKOMA PARK","PEDESTRIAN","SINGLE VEHICLE","CLEAR","DRY","DARK LIGHTS ON","STOP SIGN","UNKNOWN","NONE DETECTED","9D3BDBCC-A5C7-4F9B-B49C-D7CD903E7308","PEDESTRIAN","Getting off/on Vehicle","ENTERING EXITING PARKED STANDING VEHICLE","AT INTERSECTION BUT NO CROSSWALK","No","SUSPECTED MINOR INJURY","NONE","38.98956326","-76.99189442","    (38.98956326, -76.99189442)"
"MCP24360087","190040357","Montgomery County Police","Injury Crash","08/23/2019 12:50:00 PM","Maryland (State)","PINEY BRANCH RD","ARLISS ST",,"N/A","PEDESTRIAN","OTHER","RAINING","WET","DAYLIGHT","TRAFFIC SIGNAL","NONE DETECTED","NONE DETECTED","D9B00D3F-CC88-4344-B85C-D319920CDF00","PEDESTRIAN","Cross/Enter at Intersection","NO IMPROPER ACTIONS","ON ROADWAY AT CROSSWALK","No","SUSPECTED MINOR INJURY","N/A","38.99846833","-77.00145667","    (38.99846833, -77.00145667)"
"MCP29140099","190040272","Montgomery County Police","Injury Crash","08/22/2019 09:35:00 PM","Maryland (State)","GEORGIA AVE","FENWICK LA",,"N/A","PEDESTRIAN","OTHER","CLEAR","N/A","DARK LIGHTS ON","OTHER","N/A","N/A","8B80A15D-907A-4FBC-BA29-330B502C97DA","PEDESTRIAN","Cross/Enter at Intersection","N/A","ON ROADWAY AT CROSSWALK","No","POSSIBLE INJURY","NONE","38.99820543","-77.0305782","    (38.99820543, -77.0305782)"
"MCP1210003W","190040257","Montgomery County Police","Injury Crash","08/22/2019 08:07:00 PM","Maryland (State)","MIDCOUNTY HWY","SPUR TO SAYBROOKE OAKS BLVD",,"N/A","OTHER","OTHER","RAINING","WET","N/A","NO CONTROLS","NONE DETECTED, UNKNOWN","NONE DETECTED","2E923A84-7CED-4A47-8D9A-AECE0F6D3291","OTHER","Other","NO IMPROPER ACTIONS","OTHER","No","SUSPECTED SERIOUS INJURY","MC/BIKE HELMET","39.15198","-77.17649","    (39.15198, -77.17649)"
"MCP2683003Y","190040170","Montgomery County Police","Injury Crash","08/22/2019 01:00:00 PM","County","GOSHEN RD","SEVERN RD",,"N/A","OTHER","OTHER","CLEAR","DRY","DAYLIGHT","PERSON","UNKNOWN","NONE DETECTED","FAF84F3B-61D2-4FC9-ACE7-3AE15F74A2B8","OTHER","Other","NO IMPROPER ACTIONS","ON ROADWAY NOT AT CROSSWALK","No","SUSPECTED MINOR INJURY","REFLECTIVE CLOTHING","39.16224747","-77.19190177","    (39.16224747, -77.19190177)"
"DM84800008","190040088","Takoma Park Police Depart","Injury Crash","08/21/2019 10:10:00 PM",,,,"ENTRY TO PARKING LOT OF 8604 FLOWER AVENUE, TAKOMA PARK, MD",,"PEDESTRIAN","OTHER","CLEAR",,"DARK LIGHTS ON","NO CONTROLS","NONE DETECTED","NONE DETECTED","AEFC1D11-B43F-417F-804C-94A3112859B2","PEDESTRIAN","Other","UNKNOWN","OTHER","Unknown","POSSIBLE INJURY","N/A","38.99658667","-77.003225","    (38.99658667, -77.003225)"
"MCP2992002L","190040054","Montgomery County Police","Injury Crash","08/21/2019 06:45:00 PM",,,,"3201 ROSSMOOR BLVD PARKING LOT (LEISURE WORLD)",,"PEDESTRIAN","OTHER","RAINING",,"DAYLIGHT","NO CONTROLS","N/A","N/A","0C3313CA-3076-4002-A5A8-411753AE279F","PEDESTRIAN","Other","NOT VISIBLE","OTHER","No","SUSPECTED MINOR INJURY","N/A","39.10079333","-77.07318667","    (39.10079333, -77.07318667)"
"MCP1174003R","190039979","Montgomery County Police","Injury Crash","08/21/2019 01:13:00 PM",,,,"PUBLIC PARKING LOT #8 OF 4821 ST. ELMO AVE.",,"BICYCLIST","SINGLE VEHICLE","CLEAR",,"DAYLIGHT","NO CONTROLS","NONE DETECTED","NONE DETECTED","27002D3C-C508-4874-94C6-1347917E68BC","BICYCLIST","Walking/Cycling on Sidewalk","NO IMPROPER ACTIONS","SIDEWALK","No","SUSPECTED MINOR INJURY","MC/BIKE HELMET","38.98917806","-77.09713215","    (38.98917806, -77.09713215)"
"MCP3130001R","190039432","Montgomery County Police","Property Damage Crash","08/18/2019 12:00:00 PM","County","CONNECTICUT AVE","GRAND PRE RD",,"N/A","BICYCLIST","STRAIGHT MOVEMENT ANGLE","CLEAR","DRY","DAYLIGHT","NO CONTROLS","NONE DETECTED","NONE DETECTED","C32A4CA5-DFC3-47DB-8D3A-4D7A18C37465","BICYCLIST","Walking/Riding w/Traffic","NO IMPROPER ACTIONS","OTHER","No","NO APPARENT INJURY","MC/BIKE HELMET","39.08485833","-77.07600833","    (39.08485833, -77.07600833)"
"MCP3112002Z","190039192","Montgomery County Police","Injury Crash","08/16/2019 05:54:00 PM","Maryland (State)","WISCONSIN AVE","MIDDLETON LA",,"N/A","PEDESTRIAN","OTHER","N/A","DRY","DAYLIGHT","NO CONTROLS","NONE DETECTED","NONE DETECTED","A55F8A16-06A7-4C77-B173-F77CFB00EA3E","PEDESTRIAN","Cross/Enter at Intersection","NO IMPROPER ACTIONS","ON ROADWAY AT CROSSWALK","No","SUSPECTED SERIOUS INJURY","N/A","38.98683767","-77.09462283","    (38.98683767, -77.09462283)"
"MCP3112002Z","190039192","Montgomery County Police","Injury Crash","08/16/2019 05:54:00 PM","Maryland (State)","WISCONSIN AVE","MIDDLETON LA",,"N/A","PEDESTRIAN","OTHER","N/A","DRY","DAYLIGHT","NO CONTROLS","NONE DETECTED","NONE DETECTED","FA7EDD0F-F3B0-40A1-B656-2E6B78FD6463","PEDESTRIAN","Cross/Enter at Intersection","NO IMPROPER ACTIONS","ON ROADWAY AT CROSSWALK","No","SUSPECTED SERIOUS INJURY","N/A","38.98683767","-77.09462283","    (38.98683767, -77.09462283)"
"MCP1433002K","190039187","Montgomery County Police","Injury Crash","08/16/2019 04:55:00 PM","Maryland (State)","ROCKVILLE PIKE","ENT TO FEDERAL PLAZA S.C.",,"N/A","BICYCLIST","SAME DIRECTION RIGHT TURN","CLEAR","DRY","DAYLIGHT","TRAFFIC SIGNAL","NONE DETECTED","NONE DETECTED","1FA8ED14-9438-4D63-88DF-EAB5EB3C102A","BICYCLIST","Cross/Enter at Intersection","NO IMPROPER ACTIONS","AT INTERSECTION MARKED CROSSWALK","No","SUSPECTED MINOR INJURY","NONE","39.057515","-77.120605","    (39.057515, -77.120605)"
"MCP28130075","190038885","Montgomery County Police","Injury Crash","08/14/2019 07:25:00 PM","County","BRIGHTVIEW ST","DALEWOOD DR",,"N/A","BICYCLIST","SINGLE VEHICLE","CLEAR","DRY","DAYLIGHT","STOP SIGN","N/A","N/A","9A8D8BC1-B7E7-4B1E-89ED-66FA79FB6EC8","BICYCLIST","Cross/Enter at Intersection","NO IMPROPER ACTIONS","ON ROADWAY AT CROSSWALK","No","SUSPECTED MINOR INJURY","NONE","39.052905","-77.07298833","    (39.052905, -77.07298833)"
"MCP28130074","190038870","Montgomery County Police","Injury Crash","08/14/2019 06:25:00 PM","Maryland (State)","UNIVERSITY BLVD W","ELKIN ST",,"N/A","PEDESTRIAN","SINGLE VEHICLE","CLEAR","DRY","DAYLIGHT","NO CONTROLS","N/A","N/A","7B74C51B-C27A-4AD7-988D-E3BE4B0C138E","PEDESTRIAN","Cross/Enter not at Intersection","FAILURE TO YIELD RIGHT OF WAY","ON ROADWAY NOT AT CROSSWALK","Yes","SUSPECTED MINOR INJURY","N/A","39.04166333","-77.05040167","    (39.04166333, -77.05040167)"
"EJ7837003Y","190038861","Gaithersburg Police Depar","Injury Crash","08/14/2019 05:10:00 PM","County","SHADY GROVE RD","RAMP 3 FR SHADY GROVE RD EB TO IS 270 NB",,"N/A","PEDESTRIAN","SINGLE VEHICLE","CLEAR","DRY","DAYLIGHT","NO CONTROLS","N/A","N/A","8C86550E-FA63-4509-9445-D144DE604BAA","PEDESTRIAN","Cross/Enter at Intersection","NO IMPROPER ACTIONS","AT INTERSECTION BUT NO CROSSWALK","No","SUSPECTED MINOR INJURY","NONE","39.11354167","-77.18659","    (39.11354167, -77.18659)"
"MCP2456003Y","190038618","Montgomery County Police","Injury Crash","08/13/2019 01:15:00 PM","County","HAMMONTON PL","RANDOLPH RD",,"N/A","BICYCLIST","STRAIGHT MOVEMENT ANGLE","RAINING","WET","DAYLIGHT","NO CONTROLS","NONE DETECTED","NONE DETECTED","FFBD8D7D-24C5-440B-B72F-FFB08044E9F4","BICYCLIST","Cross/Enter at Intersection","FAILURE TO YIELD RIGHT OF WAY","AT INTERSECTION BUT NO CROSSWALK","Yes","POSSIBLE INJURY","MC/BIKE HELMET","39.06871","-77.014785","    (39.06871, -77.014785)"
"MCP1094000T","190038544","Montgomery County Police","Injury Crash","08/13/2019 12:06:00 AM",,,,"IN PARKING LOT",,"PEDESTRIAN","OTHER","CLEAR",,"DARK LIGHTS ON","N/A","ALCOHOL CONTRIBUTED, N/A","ALCOHOL PRESENT","25AD6D6C-4EC1-405D-80F5-215E3BFD4A5F","PEDESTRIAN","Other","INATTENTIVE","OTHER","Yes","SUSPECTED MINOR INJURY","N/A","39.14189614","-77.22310078","    (39.14189614, -77.22310078)"
"MCP2674001C","190038509","Montgomery County Police","Injury Crash","08/12/2019 07:45:00 PM",,,,"PARKING LOT OF 12155 AMBER RIDGE CIR",,"PEDESTRIAN","OTHER","CLEAR",,"DAYLIGHT","NO CONTROLS","NONE DETECTED","NONE DETECTED","ED6450DB-1C70-4E51-A4C5-98E07DDB9833","PEDESTRIAN","Standing","N/A","OTHER","No","POSSIBLE INJURY","NONE","39.19706648","-77.25143575","    (39.19706648, -77.25143575)"
"HA2396000M","19002151","Maryland-National Capital","Injury Crash","08/12/2019 07:15:00 PM","Government","LITTLE FALLS PKWY","ARLINGTON RD",,"N/A","PEDESTRIAN","STRAIGHT MOVEMENT ANGLE","CLEAR","DRY","DAYLIGHT","OTHER","NONE DETECTED","N/A","82BCA960-E6D2-4F60-97CE-1698FB447DBF","PEDESTRIAN","Cross/Enter at Intersection","NO IMPROPER ACTIONS","ON ROADWAY AT CROSSWALK","Unknown","SUSPECTED MINOR INJURY","N/A","38.9733951","-77.1012186","    (38.9733951, -77.1012186)"
"MCP3076002G","190038283","Montgomery County Police","Injury Crash","08/11/2019 11:16:00 AM","County","WAYNE AVE","DARTMOUTH AVE",,"N/A","BICYCLIST","HEAD ON LEFT TURN","CLEAR","DRY","DAYLIGHT","NO CONTROLS","NONE DETECTED","NONE DETECTED","A2C7CB78-511C-4762-8327-57C9476901D9","BICYCLIST","Cross/Enter at Intersection","NO IMPROPER ACTIONS","ON ROADWAY AT CROSSWALK","No","SUSPECTED MINOR INJURY","MC/BIKE HELMET","38.999279","-77.01825717","    (38.999279, -77.01825717)"
"MCP15950012","190038224","Montgomery County Police","Injury Crash","08/10/2019 09:44:00 PM","Maryland (State)","GEORGIA AVE","WINDHAM LA",,"N/A","PEDESTRIAN","OTHER","CLEAR","DRY","DARK LIGHTS ON","TRAFFIC SIGNAL","NONE DETECTED","ALCOHOL PRESENT","8861AD94-769A-472F-8FA1-4978F87C652F","PEDESTRIAN","Cross/Enter at Intersection","INATTENTIVE","ON ROADWAY AT CROSSWALK","Yes","SUSPECTED SERIOUS INJURY","NONE","39.03193789","-77.04824427","    (39.03193789, -77.04824427)"
"MCP3113001N","190038188","Montgomery County Police","Injury Crash","08/10/2019 05:41:00 PM",,,,"PARKING LOT OF BRIGGS CHANEY SHOPPING CENTER 13800 BLK OUTLET DRIVE",,"PEDESTRIAN","OTHER","N/A",,"DAYLIGHT","NO CONTROLS","N/A","N/A","AFF09474-000A-490A-BCC6-3574FB10015E","PEDESTRIAN","Walking/Riding w/Traffic","NO IMPROPER ACTIONS","OTHER","No","POSSIBLE INJURY","NONE","39.082427","-76.946807","    (39.082427, -76.946807)"
"MCP2753004F","190037980","Montgomery County Police","Injury Crash","08/09/2019 12:38:00 PM",,,,"PARKING LOT OF 13781 CONNECTICUT AVE",,"PEDESTRIAN","OTHER","CLEAR",,"DAYLIGHT","NO CONTROLS","NONE DETECTED","NONE DETECTED","91441E91-F9BF-4938-97A2-E171C9AE16D3","PEDESTRIAN","Standing","NO IMPROPER ACTIONS","OTHER","No","SUSPECTED MINOR INJURY","N/A","39.079755","-77.07929833","    (39.079755, -77.07929833)"
"MCP2411003L","190037883","Montgomery County Police","Injury Crash","08/08/2019 06:00:00 PM","Municipality","TWINBROOK PKWY","MCAULIFFE DR",,"ROCKVILLE","OTHER CONVEYANCE","STRAIGHT MOVEMENT ANGLE","CLEAR","DRY","DAYLIGHT","STOP SIGN","NONE DETECTED","NONE DETECTED","69944254-E773-4E06-8D7D-8AB32C56FA5D","OTHER CONVEYANCE","Cross/Enter at Intersection","NO IMPROPER ACTIONS","AT INTERSECTION BUT NO CROSSWALK","No","SUSPECTED MINOR INJURY","MC/BIKE HELMET","39.07446185","-77.11134739","    (39.07446185, -77.11134739)"
"MCP29390040","190038065","Montgomery County Police","Injury Crash","08/08/2019 05:40:00 PM","Maryland (State)","WOODFIELD RD","MOYER RD",,"N/A","PEDESTRIAN","OTHER","CLEAR","DRY","DAYLIGHT","NO CONTROLS","N/A","N/A","0F0A9BAB-59EE-468E-9539-D922BAEE767E","PEDESTRIAN","Getting off/on Vehicle","NO IMPROPER ACTIONS","OTHER","No","SUSPECTED MINOR INJURY","NONE","39.26709833","-77.20514667","    (39.26709833, -77.20514667)"
"MCP137800RS","190037868","Montgomery County Police","Injury Crash","08/08/2019 04:32:00 PM","Maryland (State)","QUINCE ORCHARD RD","ORCHARD RIDGE DR",,"GAITHERSBURG","PEDESTRIAN","SINGLE VEHICLE","CLOUDY","DRY","DAYLIGHT","TRAFFIC SIGNAL","NONE DETECTED","NONE DETECTED","D87A57A4-751A-4781-A1F2-E324D0912438","PEDESTRIAN","Cross/Enter at Intersection","NO IMPROPER ACTIONS","ON ROADWAY AT CROSSWALK","No","SUSPECTED MINOR INJURY","NONE","39.12906759","-77.23353053","    (39.12906759, -77.23353053)"
"MCP158000BV","190037842","Montgomery County Police","Injury Crash","08/08/2019 02:14:00 PM",,,,"PARKING LOT AREA OF 19110 MONTGOMERY VILLAGE AVE.  (BEHIND CVS STORE)   MOTGOMERY VILLAGE, MD 20886",,"PEDESTRIAN","OTHER","CLEAR",,"DAYLIGHT","N/A","NONE DETECTED","NONE DETECTED","EF3903AC-B579-42A9-937A-6C2128FDED45","PEDESTRIAN","Other","OTHER","OTHER","No","SUSPECTED MINOR INJURY","N/A","39.17058","-77.205095","    (39.17058, -77.205095)"
"MCP3161001G","190037723","Montgomery County Police","Injury Crash","08/07/2019 09:00:00 PM","Maryland (State)","ROCKVILLE PIKE","JONES BRIDGE RD",,"N/A","PEDESTRIAN","OTHER","CLEAR","DRY","DARK LIGHTS ON","TRAFFIC SIGNAL","NONE DETECTED","NONE DETECTED","35F18426-41CE-4E50-9BFC-8661C46DE248","PEDESTRIAN","Cross/Enter at Intersection","UNKNOWN","ON ROADWAY AT CROSSWALK","No","SUSPECTED MINOR INJURY","NONE","38.99685167","-77.09608167","    (38.99685167, -77.09608167)"
"DD5630001W","190037710","Rockville Police Departme","Injury Crash","08/07/2019 07:17:00 PM","Maryland (State)","ROCKVILLE PIKE","HALPINE RD",,"ROCKVILLE","PEDESTRIAN","OTHER","CLEAR","DRY","DAWN","TRAFFIC SIGNAL","NONE DETECTED","NONE DETECTED","A6A75880-4CB9-4C17-92A4-136989148010","PEDESTRIAN","Cross/Enter at Intersection","NO IMPROPER ACTIONS","AT INTERSECTION MARKED CROSSWALK","No","SUSPECTED MINOR INJURY","NONE","39.06227","-77.12410667","    (39.06227, -77.12410667)"
"DM83520007","190037598","Takoma Park Police Depart","Injury Crash","08/07/2019 07:20:00 AM","Maryland (State)","PHILADELPHIA AVE","HOLLY AVE",,"TAKOMA PARK","PEDESTRIAN","SINGLE VEHICLE","CLEAR","DRY","DAYLIGHT","STOP SIGN","N/A","N/A","93A2323A-36B9-45F4-B025-68BB41EE5222","PEDESTRIAN","Cross/Enter at Intersection","NO IMPROPER ACTIONS","AT INTERSECTION MARKED CROSSWALK","No","SUSPECTED MINOR INJURY","N/A","38.98217217","-77.0137995","    (38.98217217, -77.0137995)"
"MCP2353007M","190037499","Montgomery County Police","Injury Crash","08/06/2019 03:20:00 PM","County","MACON RD","ROCKING HORSE RD",,"N/A","PEDESTRIAN","SAME DIRECTION SIDESWIPE","CLOUDY","DRY","DAYLIGHT","NO CONTROLS","NONE DETECTED","NONE DETECTED","F834FDD8-8E97-4AEC-969D-6C4E05ADA87E","PEDESTRIAN","Walking/Cycling on Sidewalk","NO IMPROPER ACTIONS","SIDEWALK","No","SUSPECTED MINOR INJURY","NONE","39.05159833","-77.09651","    (39.05159833, -77.09651)"
"DM8439003C","190037445","Takoma Park Police Depart","Injury Crash","08/06/2019 10:15:00 AM",,,,"900 MERRIMAC DR",,"PEDESTRIAN","SINGLE VEHICLE","CLEAR",,"DAYLIGHT","N/A","N/A","N/A","29760E4E-066F-4FB0-9E80-E0376A520518","PEDESTRIAN","Other","INATTENTIVE","OTHER","Yes","POSSIBLE INJURY","NONE","38.99262833","-76.992025","    (38.99262833, -76.992025)"
"MCP11480031","190037434","Montgomery County Police","Injury Crash","08/06/2019 08:51:00 AM","County","COMMERCE LA","WISCONSIN AVE",,"N/A","PEDESTRIAN","SINGLE VEHICLE","CLEAR","DRY","DAYLIGHT","NO CONTROLS","NONE DETECTED","NONE DETECTED","353BA08B-4A14-4EF0-BD1B-ABCD976F0D0D","PEDESTRIAN","Cross/Enter at Intersection","NO IMPROPER ACTIONS","ON ROADWAY AT CROSSWALK","No","SUSPECTED MINOR INJURY","NONE","38.985995","-77.094765","    (38.985995, -77.094765)"
"HA2419000M","19002069","Maryland-National Capital","Property Damage Crash","08/05/2019 09:21:00 PM",,,,"JESUP BLAIR LOCAL PARK GRASS AREA",,"OTHER","SINGLE VEHICLE","N/A",,"DARK LIGHTS ON","NO CONTROLS",,"NONE DETECTED","685699A4-BAA0-4AF2-9F45-CE2C72628DF9","OTHER","Other","OTHER","CURB","Yes","NO APPARENT INJURY","N/A","38.98493069","-77.02534704","    (38.98493069, -77.02534704)"
"MCP15750092","190037266","Montgomery County Police","Injury Crash","08/05/2019 01:08:00 PM",,,,"PK LOT 12600 TWINBROOK PKWY",,"PEDESTRIAN","OTHER","CLEAR",,"DAYLIGHT","NO CONTROLS","NONE DETECTED","NONE DETECTED","57BE7E3C-20E5-4427-8782-A8EF61732AB2","PEDESTRIAN","Other","OTHER","OTHER","No","POSSIBLE INJURY","NONE","39.06307333","-77.11688167","    (39.06307333, -77.11688167)"
"MCP31510014","190037209","Montgomery County Police","Injury Crash","08/05/2019 07:30:00 AM","Maryland (State)","FREDERICK RD","SHADY GROVE RD",,"N/A","PEDESTRIAN","SINGLE VEHICLE","N/A","N/A","DAYLIGHT","STOP SIGN","NONE DETECTED","NONE DETECTED","8D3E0C42-EF43-42D8-ACF6-F40D3155DE63","PEDESTRIAN","Cross/Enter at Intersection","NO IMPROPER ACTIONS","SIDEWALK","No","POSSIBLE INJURY","NONE","39.12047117","-77.17548467","    (39.12047117, -77.17548467)"
"MCP31740013","190037174","Montgomery County Police","Injury Crash","08/04/2019 09:16:00 PM",,,,"PARKING LOT OF 18250 FLOWER HILL WAY",,"PEDESTRIAN","SINGLE VEHICLE","CLEAR",,"DARK LIGHTS ON","N/A","NONE DETECTED","NONE DETECTED","115387EB-77CF-434B-9BB1-FCA04ED6C860","PEDESTRIAN","Other","INATTENTIVE","OTHER","Unknown","SUSPECTED MINOR INJURY","NONE","39.15565167","-77.16581","    (39.15565167, -77.16581)"
"EJ7851004J","190036707","Gaithersburg Police Depar","Injury Crash","08/01/2019 02:05:00 PM","Municipality","MISTY DALE LA","BUTTRY RD",,"GAITHERSBURG","BICYCLIST","OTHER","CLEAR","DRY","DAYLIGHT","NO CONTROLS","NONE DETECTED","NONE DETECTED","0C4E276E-4311-4CB4-8102-F62F18F5F55D","BICYCLIST","Playing","NO IMPROPER ACTIONS","N/A","No","POSSIBLE INJURY","NONE","39.13309628","-77.20463764","    (39.13309628, -77.20463764)"
"MCP2563000X","190036571","Montgomery County Police","Fatal Crash","07/31/2019 04:52:00 PM","Maryland (State)","OLD GEORGETOWN RD","BEECH AVE",,"N/A","BICYCLIST","SINGLE VEHICLE","CLEAR","DRY","DAYLIGHT","N/A","NONE DETECTED","NONE DETECTED","14DD5A10-C924-4E0F-A9CD-4EDA70279A79","BICYCLIST","Walking/Riding w/Traffic","OTHER","SIDEWALK","Yes","FATAL INJURY","MC/BIKE HELMET","39.01068724","-77.11552446","    (39.01068724, -77.11552446)"
"MCP2766004Z","190036594","Montgomery County Police","Injury Crash","07/31/2019 09:35:00 AM",,,,"PARKING LOT OF 3323 BEAVERWOOD LA",,"PEDESTRIAN","SINGLE VEHICLE","CLEAR",,"DARK NO LIGHTS","N/A","NONE DETECTED","NONE DETECTED","192C8072-CB2B-47D7-9005-426D860CD9CF","PEDESTRIAN","Other","NOT VISIBLE","OTHER","Yes","POSSIBLE INJURY","NONE","39.08741388","-77.06588645","    (39.08741388, -77.06588645)"
"MCP2639007N","190036442","Montgomery County Police","Property Damage Crash","07/31/2019 07:17:00 AM","Maryland (State)","GEORGIA AVE","QUEEN MARY DR",,"N/A","BICYCLIST","STRAIGHT MOVEMENT ANGLE","CLOUDY","DRY","DAYLIGHT","STOP SIGN","NONE DETECTED","NONE DETECTED","58393357-70EA-4A1C-B7D2-839329657BA8","BICYCLIST","Cross/Enter at Intersection","NO IMPROPER ACTIONS","SIDEWALK","No","NO APPARENT INJURY","NONE","39.25503333","-77.22318","    (39.25503333, -77.22318)"
"DD5604002Z","190036284","Rockville Police Departme","Injury Crash","07/30/2019 11:10:00 AM",,,,"51 MANNAKEE STREET PARKING LOT #5",,"PEDESTRIAN","OTHER","CLEAR",,"DAYLIGHT","NO CONTROLS","NONE DETECTED","NONE DETECTED","50FB890C-3913-4F20-8384-DE42EA258E6F","PEDESTRIAN","Other","NO IMPROPER ACTIONS","OTHER","No","POSSIBLE INJURY","NONE","39.09963105","-77.15955905","    (39.09963105, -77.15955905)"
"MCP209400F9","190036249","Montgomery County Police","Injury Crash","07/30/2019 08:23:00 AM","Maryland (State)","WISCONSIN AVE","DORSET AVE",,"SOMERSET","BICYCLIST","OTHER","CLEAR","DRY","DAYLIGHT","TRAFFIC SIGNAL","NONE DETECTED","NONE DETECTED","EB1170C8-9C19-4367-8DF3-557755906399","BICYCLIST","Cross/Enter at Intersection","NO IMPROPER ACTIONS","ON ROADWAY AT CROSSWALK","No","POSSIBLE INJURY","MC/BIKE HELMET","38.96730333","-77.08861833","    (38.96730333, -77.08861833)"
"MCP242500F6","190036079","Montgomery County Police","Injury Crash","07/29/2019 09:24:00 AM","County","FENTON ST","WAYNE AVE",,"N/A","PEDESTRIAN","OTHER","CLEAR","DRY","DAYLIGHT","NO CONTROLS","NONE DETECTED","NONE DETECTED","6B974EF4-E9B9-4C12-8D30-26FAEAE89FDA","PEDESTRIAN","Cross/Enter not at Intersection","DART DASH","ON ROADWAY NOT AT CROSSWALK","Yes","SUSPECTED MINOR INJURY","NONE","38.996535","-77.02472833","    (38.996535, -77.02472833)"