"Report Number","Local Case Number","Agency Name","ACRS Report Type","Crash Date/Time","Route Type","Road Name","Cross-Street Name","Off-Road Description","Municipality","Related Non-Motorist","Collision Type","Weather","Surface Condition","Light","Traffic Control","Driver Substance Abuse","Non-Motorist Substance Abuse","Person ID","Pedestrian Type","Pedestrian Movement","Pedestrian Actions","Pedestrian Location","At Fault","Injury Severity","Safety Equipment","Latitude","Longitude","Location"
"MCP3104001P","190036047","Montgomery County Police","Injury Crash","07/28/2019 11:30:00 PM",,,,"THE PARKIG LOT OF 9300 PINEY BRANCH RD. SILVER SPRING, MARYLAND 20903",,"PEDESTRIAN","SINGLE VEHICLE","CLEAR",,"DARK LIGHTS ON","NO CONTROLS","N/A","ALCOHOL PRESENT","6B45EB7A-04B4-4083-A0DD-C8BF75BB4A56","PEDESTRIAN","Walking/Riding w/Traffic","OTHER","OTHER","No","POSSIBLE INJURY","N/A","39.00185544","-76.98610257","    (39.00185544, -76.98610257)"
"MCP2931003P","190035842","Montgomery County Police","Injury Crash","07/27/2019 07:37:00 PM","Maryland (State)","ROCKVILLE PIKE","TWINBROOK PKWY",,"ROCKVILLE","PEDESTRIAN","N/A","N/A","DRY","DAYLIGHT","TRAFFIC SIGNAL","N/A","N/A","BA50C849-E941-4038-9EB9-8525F6421A66","PEDESTRIAN","Cross/Enter not at Intersection","FAILURE TO OBEY TRAFFIC SIGNS SIGNALS OR OFFICER","ON ROADWAY NOT AT CROSSWALK","Yes","POSSIBLE INJURY","N/A","39.05892167","-77.12170833","    (39.05892167, -77.12170833)"
"MCP27140017","190035825","Montgomery County Police","Injury Crash","07/27/2019 05:23:00 PM",,,,"DRIVE WAY IN FRONT OF 13711 GEORGIA AVE",,"BICYCLIST","OTHER","CLEAR",,"DAYLIGHT","NO CONTROLS","NONE DETECTED","NONE DETECTED","F10750D6-1ECB-4DF9-9744-9CC3B500385B","BICYCLIST","Cross/Enter not at Intersection","DART DASH","SIDEWALK","No","NO APPARENT INJURY","NONE","39.080015","-77.07357333","    (39.080015, -77.07357333)"
"MCP3034003M","190035794","Montgomery County Police","Injury Crash","07/27/2019 02:10:00 PM","County","MACARTHUR BLVD","FALLS RD",,"N/A","BICYCLIST","STRAIGHT MOVEMENT ANGLE","CLEAR","DRY","DAYLIGHT","NO CONTROLS","NONE DETECTED","NONE DETECTED","304D99B2-69BB-4FB6-BA00-AF9642B4EEC5","BICYCLIST","Cross/Enter at Intersection","FAILURE TO YIELD RIGHT OF WAY","ON ROADWAY NOT AT CROSSWALK","Yes","SUSPECTED MINOR INJURY","MC/BIKE HELMET","38.99624167","-77.23095833","    (38.99624167, -77.23095833)"
"MCP2291003S","190035774","Montgomery County Police","Injury Crash","07/27/2019 12:40:00 PM","Municipality","KENSINGTON PKWY","LITTLEDALE RD",,"N/A","BICYCLIST","SINGLE VEHICLE","CLEAR","DRY","DAYLIGHT","NO CONTROLS","NONE DETECTED","NONE DETECTED","5C222B39-9BD8-4DC6-AA27-2CEABD8AF916","BICYCLIST","Walking/Riding w/Traffic","NO IMPROPER ACTIONS","ON ROADWAY NOT AT CROSSWALK","No","SUSPECTED MINOR INJURY","MC/BIKE HELMET","39.01947417","-77.075003","    (39.01947417, -77.075003)"
"EJ78560079","190035303","Gaithersburg Police Depar","Injury Crash","07/25/2019 05:00:00 AM","Municipality","TRAVIS VIEW CT","CROSS TIE CT",,"GAITHERSBURG","PEDESTRIAN","OTHER","CLEAR","DRY","DARK LIGHTS ON","N/A","UNKNOWN","N/A","89E4DC75-2300-4861-8340-C81BCC993B17","PEDESTRIAN","Standing","IN ROADWAY IMPROPERLY","OTHER","Yes","POSSIBLE INJURY","N/A","39.16477819","-77.22101077","    (39.16477819, -77.22101077)"
"MCP29680035","190035150","Montgomery County Police","Property Damage Crash","07/24/2019 10:19:00 AM","Municipality","SEVEN LOCKS RD","WOOTTON PKWY",,"ROCKVILLE","BICYCLIST","OTHER","CLEAR","DRY","DAYLIGHT","NO CONTROLS","N/A","N/A","7C1F6415-8BC1-47F8-AD54-6DC581810137","BICYCLIST","Cross/Enter at Intersection","N/A","ON ROADWAY AT CROSSWALK","No","NO APPARENT INJURY","NONE","39.06590833","-77.16065","    (39.06590833, -77.16065)"
"MCP2353007K","190034991","Montgomery County Police","Injury Crash","07/23/2019 02:31:00 PM","County","EARLHAM DR","STARMONT RD",,"N/A","PEDESTRIAN","SINGLE VEHICLE","CLOUDY","DRY","DAYLIGHT","NO CONTROLS","NONE DETECTED","NONE DETECTED","075D70D5-3CA5-44CB-BC42-1ED63CC8ABE0","PEDESTRIAN","Walking/Riding w/Traffic","NO IMPROPER ACTIONS","ON ROADWAY NOT AT CROSSWALK","No","SUSPECTED MINOR INJURY","NONE","39.01254324","-77.13062453","    (39.01254324, -77.13062453)"
"MCP2813006Y","190034717","Montgomery County Police","Injury Crash","07/21/2019 09:14:00 AM","Maryland (State)","VEIRS MILL RD","RANDOLPH RD",,"N/A","BICYCLIST","OTHER","RAINING","WET","DARK LIGHTS ON","N/A","N/A","N/A","B77A4462-9CB6-489D-8F0A-010ABE656FBA","BICYCLIST","Walking/Cycling on Sidewalk","NO IMPROPER ACTIONS","SIDEWALK","No","SUSPECTED MINOR INJURY","NONE","39.05576333","-77.08178167","    (39.05576333, -77.08178167)"
"MCP27220038","190034540","Montgomery County Police","Injury Crash","07/20/2019 04:20:00 PM",,,,"PARKING LOT OF 3004 HEWITT AVE",,"PEDESTRIAN","OTHER","CLEAR",,"DAYLIGHT","NO CONTROLS","N/A","N/A","30EF4F78-8138-47AA-8F1D-1B2F31019F22","PEDESTRIAN","Standing","NO IMPROPER ACTIONS","OTHER","No","SUSPECTED MINOR INJURY","NONE","39.07951167","-77.06167667","    (39.07951167, -77.06167667)"
"MCP20010012","190034490","Montgomery County Police","Fatal Crash","07/20/2019 10:05:00 AM","County","TUCKERMAN LA","KINGS RIDING WAY",,"N/A","PEDESTRIAN","SINGLE VEHICLE","CLEAR","DRY","DAYLIGHT","OTHER","NONE DETECTED","N/A","45C7B029-E58E-45A4-9121-5217C662EEF3","PEDESTRIAN","Other","UNKNOWN","ON ROADWAY AT CROSSWALK","No","FATAL INJURY","N/A","39.02977855","-77.11242879","    (39.02977855, -77.11242879)"
"MCP2686003G","190034560","Montgomery County Police","Injury Crash","07/20/2019 07:49:00 AM","County","FATHER HURLEY BLVD","SAWYER TERR",,"N/A","BICYCLIST","STRAIGHT MOVEMENT ANGLE","N/A","DRY","DAYLIGHT","STOP SIGN","N/A","N/A","AFDE0D0B-1059-4C02-9CF7-6CE5FEF7ECED","BICYCLIST","Cross/Enter at Intersection","N/A","ON ROADWAY AT CROSSWALK","No","SUSPECTED MINOR INJURY","NONE","39.171055","-77.28413333","    (39.171055, -77.28413333)"
"MCP2008006B","190034384","Montgomery County Police","Injury Crash","07/19/2019 06:47:00 PM","County","RYLAND DR","SINGLETON DR",,"N/A","BICYCLIST","OTHER","CLEAR","DRY","DAYLIGHT","STOP SIGN","NONE DETECTED","NONE DETECTED","E2347E49-E8C9-4BAB-B710-201E1A741AA2","BICYCLIST","Cross/Enter at Intersection","UNKNOWN","ON ROADWAY AT CROSSWALK","Yes","SUSPECTED MINOR INJURY","MC/BIKE HELMET","39.01299","-77.118245","    (39.01299, -77.118245)"
"MCP2683003V","190034341","Montgomery County Police","Injury Crash","07/19/2019 03:53:00 PM","County","LAKE SHORE DR","DOCENA DR",,"N/A","PEDESTRIAN","OTHER","CLEAR","DRY","DAYLIGHT","OTHER","NONE DETECTED","NONE DETECTED","20B49DDD-511A-4656-88A4-6EBD920D9B1B","PEDESTRIAN","Approach/Leaving Schoolbus","NO IMPROPER ACTIONS","IN SCHOOL BUS ZONE","No","SUSPECTED MINOR INJURY","NONE","39.16032833","-77.20080167","    (39.16032833, -77.20080167)"
"EJ7863002G","190034222","Gaithersburg Police Depar","Injury Crash","07/18/2019 09:37:00 PM",,,,"PARKING LOT IN FRONT OF 1014 WEST SIDE DRIVE GAITHERSBURG, MD.",,"BICYCLIST","OTHER","CLEAR",,"DARK LIGHTS ON","N/A","NONE DETECTED","NONE DETECTED","C256EAF6-33DE-4F83-99EC-FC1CB55FC390","BICYCLIST","Playing","DART DASH","OTHER","Yes","SUSPECTED MINOR INJURY","NONE","39.12534167","-77.20220667","    (39.12534167, -77.20220667)"
"HA2388000S","19001829","Maryland-National Capital","Injury Crash","07/18/2019 10:11:00 AM","Government","BEACH DR","E STANHOPE RD",,"N/A","BICYCLIST","SAME DIRECTION SIDESWIPE","CLEAR","DRY","DAYLIGHT","STOP SIGN","NONE DETECTED","NONE DETECTED","756BA778-071A-4EAB-8D30-23D622D9F9DB","BICYCLIST","Cross/Enter at Intersection","FAILURE TO OBEY TRAFFIC SIGNS SIGNALS OR OFFICER","AT INTERSECTION MARKED CROSSWALK","Yes","SUSPECTED SERIOUS INJURY","MC/BIKE HELMET","39.00942333","-77.07756333","    (39.00942333, -77.07756333)"
"MCP3109002Y","190033882","Montgomery County Police","Injury Crash","07/17/2019 10:00:00 AM","County","FOREST GLEN RD","SLIGO CREEK PKWY",,"N/A","BICYCLIST","SINGLE VEHICLE","CLEAR","DRY","DAYLIGHT","TRAFFIC SIGNAL","NONE DETECTED","NONE DETECTED","E10795A1-984D-4138-85AE-A6E5CDBCD2E4","BICYCLIST","Walking/Riding w/Traffic","NO IMPROPER ACTIONS","ON ROADWAY NOT AT CROSSWALK","No","SUSPECTED SERIOUS INJURY","MC/BIKE HELMET","39.01631283","-77.0321085","    (39.01631283, -77.0321085)"
"MCP3181000R","190033758","Montgomery County Police","Injury Crash","07/16/2019 01:56:00 PM","Maryland (State)","GEORGIA AVE","SHOREFIELD RD",,"N/A","PEDESTRIAN","OTHER","CLOUDY","N/A","DAYLIGHT","TRAFFIC SIGNAL","N/A","N/A","CC2FAA32-F041-4095-B8DB-FDFBF1042814","PEDESTRIAN","Cross/Enter at Intersection","NO IMPROPER ACTIONS","AT INTERSECTION MARKED CROSSWALK","No","POSSIBLE INJURY","N/A","39.05275333","-77.05123667","    (39.05275333, -77.05123667)"
"MCP3164001X","190033752","Montgomery County Police","Injury Crash","07/16/2019 01:09:00 PM",,,,"PARKING LOT OF 13884 GEORGIA AVENUE",,"PEDESTRIAN","SINGLE VEHICLE","CLEAR",,"DAYLIGHT","NO CONTROLS","N/A","N/A","93E66CB2-E9BA-4E5D-BFA7-1607755493FB","PEDESTRIAN","Cross/Enter at Intersection","NO IMPROPER ACTIONS","ON ROADWAY AT CROSSWALK","Unknown","SUSPECTED MINOR INJURY","N/A","39.08197667","-77.077265","    (39.08197667, -77.077265)"
"MCP3061001D","190033682","Montgomery County Police","Injury Crash","07/15/2019 07:30:00 PM","Maryland (State)","FREDERICK RD","MIDDLEBROOK RD",,"N/A","BICYCLIST","STRAIGHT MOVEMENT ANGLE","CLEAR","DRY","DAYLIGHT","TRAFFIC SIGNAL","UNKNOWN","NONE DETECTED","23C57303-DE02-4223-A619-5E008F547D23","BICYCLIST","Cross/Enter at Intersection","NO IMPROPER ACTIONS","ON ROADWAY AT CROSSWALK","No","SUSPECTED MINOR INJURY","MC/BIKE HELMET","39.18140438","-77.23826041","    (39.18140438, -77.23826041)"
"HA2386000J","190001790","Maryland-National Capital","Injury Crash","07/14/2019 02:35:00 PM","Government","LITTLE FALLS PKWY","HILLANDALE RD",,"N/A","BICYCLIST","OTHER","CLEAR","DRY","DAYLIGHT","STOP SIGN","N/A","N/A","EF8A9C9A-C2E5-406C-A046-B4A18EC5A362","BICYCLIST","Cross/Enter at Intersection","NO IMPROPER ACTIONS","ON ROADWAY AT CROSSWALK","No","SUSPECTED SERIOUS INJURY","MC/BIKE HELMET","38.973437","-77.101287","    (38.973437, -77.101287)"
"EJ7852002G","190033192","Gaithersburg Police Depar","Injury Crash","07/12/2019 07:19:00 PM",,,,"PARKING LOT IN FRONT OF 608 QUINCE ORCHARD ROAD.",,"PEDESTRIAN","OTHER","N/A",,"DAYLIGHT","N/A","NONE DETECTED","NONE DETECTED","B8D7A4F0-AF23-489D-8490-C0EE1FC24C7B","PEDESTRIAN","Other","UNKNOWN","OTHER","Unknown","SUSPECTED MINOR INJURY","N/A","39.141925","-77.22315833","    (39.141925, -77.22315833)"
"MCP2969006N","190033094","Montgomery County Police","Injury Crash","07/12/2019 10:15:00 AM",,,,"4007 E NORBECK ROAD - PARKING LOT",,"PEDESTRIAN","SINGLE VEHICLE","CLEAR",,"DAYLIGHT","NO CONTROLS","NONE DETECTED","NONE DETECTED","35C76078-88B5-4ADE-999C-639144D5CFE2","PEDESTRIAN","Other","NO IMPROPER ACTIONS","INSIDE BUILDING","No","POSSIBLE INJURY","OTHER","39.10971","-77.07680667","    (39.10971, -77.07680667)"
"MCP28590073","190032715","Montgomery County Police","Injury Crash","07/12/2019 09:00:00 AM",,,,"GARAGE BEHIND 9420 KEY WEST AVE, GAITHERSBURG, MD, 20878",,"PEDESTRIAN","OTHER","CLEAR",,"DARK -- UNKNOWN LIGHTING","NO CONTROLS","UNKNOWN","NONE DETECTED","4281002E-5997-4A77-878D-B73AD3B4042F","PEDESTRIAN","Cross/Enter not at Intersection","NO IMPROPER ACTIONS","OTHER","No","POSSIBLE INJURY","NONE","39.10298535","-77.19419552","    (39.10298535, -77.19419552)"
"MCP31690016","190032641","Montgomery County Police","Injury Crash","07/09/2019 07:24:00 PM","County","DILSTON RD","AVENEL RD",,"N/A","BICYCLIST","OTHER","CLEAR","DRY","DAYLIGHT","NO CONTROLS","NONE DETECTED","N/A","18C88018-8D95-4C5E-9ADE-221E38B2D503","BICYCLIST","Cross/Enter not at Intersection","DART DASH","ON ROADWAY NOT AT CROSSWALK","Yes","SUSPECTED SERIOUS INJURY","NONE","39.01231692","-76.98125379","    (39.01231692, -76.98125379)"
"MCP28090049","190032434","Montgomery County Police","Injury Crash","07/08/2019 02:45:00 PM","Maryland (State)","GEORGIA AVE","FENWICK LA",,"N/A","OTHER CONVEYANCE","OTHER","CLOUDY","DRY","DAYLIGHT","N/A","N/A","N/A","70838C9D-B119-4590-8A8B-769C63FCB18A","OTHER CONVEYANCE","Cross/Enter at Intersection","NO IMPROPER ACTIONS","AT INTERSECTION MARKED CROSSWALK","No","SUSPECTED MINOR INJURY","N/A","38.99823155","-77.03063312","    (38.99823155, -77.03063312)"
"DD5527002C","190032022","Rockville Police Departme","Injury Crash","07/05/2019 05:39:00 PM","Maryland (State)","ROCKVILLE PIKE","RICHARD MONTGOMERY DR",,"ROCKVILLE","PEDESTRIAN","OTHER","CLEAR","DRY","DAYLIGHT","TRAFFIC SIGNAL","NONE DETECTED","NONE DETECTED","7EF70D20-CF0A-4472-93A1-DC310B7B08C7","PEDESTRIAN","Cross/Enter at Intersection","NO IMPROPER ACTIONS","ON ROADWAY AT CROSSWALK","No","SUSPECTED MINOR INJURY","NONE","39.08034822","-77.14412258","    (39.08034822, -77.14412258)"
"MCP003600B8","190031917","Montgomery County Police","Injury Crash","07/04/2019 10:45:00 PM","Maryland (State)","GERMANTOWN RD","RICHTER FARM RD",,"N/A","PEDESTRIAN","SINGLE VEHICLE","CLOUDY","DRY","DARK LIGHTS ON","PERSON","NONE DETECTED","NONE DETECTED","86AAA26E-C1B0-46E4-A9D0-3AC613CAB3B1","PEDESTRIAN","Standing","OTHER","ON ROADWAY AT CROSSWALK","No","SUSPECTED SERIOUS INJURY","REFLECTIVE CLOTHING","39.15423749","-77.28721828","    (39.15423749, -77.28721828)"
"MCP3053003C","190031796","Montgomery County Police","Injury Crash","07/03/2019 10:18:00 PM","Maryland (State)","UNIVERSITY BLVD W","SLIGO CREEK PKWY",,"N/A","PEDESTRIAN","SAME DIRECTION RIGHT TURN","CLEAR","DRY","DARK -- UNKNOWN LIGHTING","TRAFFIC SIGNAL","N/A","N/A","D98059CB-142E-4D53-87F4-E81E014B8A80","PEDESTRIAN","Cross/Enter at Intersection","N/A","ON ROADWAY AT CROSSWALK","No","POSSIBLE INJURY","NONE","39.03647056","-77.03046303","    (39.03647056, -77.03046303)"
"MCP137800RB","190031757","Montgomery County Police","Injury Crash","07/03/2019 05:27:00 PM","County","STRATOS LA","AIRPARK RD",,"N/A","BICYCLIST","STRAIGHT MOVEMENT ANGLE","CLEAR","DRY","DAYLIGHT","TRAFFIC SIGNAL","NONE DETECTED","NONE DETECTED","E591D81C-AC5A-4E79-A543-8B63DD715F78","BICYCLIST","Cross/Enter at Intersection","NO IMPROPER ACTIONS","ON ROADWAY AT CROSSWALK","Unknown","SUSPECTED MINOR INJURY","NONE","39.16099","-77.1448","    (39.16099, -77.1448)"
"MCP271700P6","190031745","Montgomery County Police","Injury Crash","07/03/2019 04:30:00 PM",,,,"10400 AUTO PARK AVENUE (PARKING LOT OF CADILLAC CAR DEALERSHIP)",,"PEDESTRIAN","OTHER","CLEAR",,"DAYLIGHT","NO CONTROLS","NONE DETECTED","NONE DETECTED","029B25FB-1974-4A62-B43A-E47F6D35BF47","PEDESTRIAN","Cross/Enter not at Intersection","DART DASH","ON ROADWAY NOT AT CROSSWALK","Yes","SUSPECTED MINOR INJURY","N/A","39.027235","-77.14683467","    (39.027235, -77.14683467)"
"MCP3050003M","190031726","Montgomery County Police","Injury Crash","07/03/2019 02:58:00 PM",,,,"DRIVE THRU OF MCDONALDS 13701 CONNECTICUT AVE SILVER SPRING, MD 20906",,"PEDESTRIAN","OTHER","CLEAR",,"DAYLIGHT","NO CONTROLS","NONE DETECTED","NONE DETECTED","F62BBE7F-9537-4635-B1A8-6CCDC76235E4","PEDESTRIAN","Other","OTHER","OTHER","Yes","SUSPECTED MINOR INJURY","NONE","39.07884667","-77.07989833","    (39.07884667, -77.07989833)"
"DD5610005Q","190031674","Rockville Police Departme","Injury Crash","07/03/2019 10:53:00 AM","Municipality","MT VERNON PL","ROCKVILLE PIKE",,"N/A","PEDESTRIAN","OTHER","CLEAR","DRY","DAYLIGHT","STOP SIGN","NONE DETECTED","N/A","363C98D6-3772-41DC-B9CE-B95CD752E012","PEDESTRIAN","Other","NO IMPROPER ACTIONS","ON ROADWAY AT CROSSWALK","No","POSSIBLE INJURY","N/A","39.07886167","-77.142135","    (39.07886167, -77.142135)"
"MCP3188000V","190031658","Montgomery County Police","Injury Crash","07/03/2019 08:33:00 AM","County","TUCKERMAN LA","KINGS RIDING WAY",,"N/A","PEDESTRIAN","OTHER","CLEAR","DRY","DAYLIGHT","OTHER","N/A","N/A","C702FDB8-1A95-49E9-ADC3-66753F78A46B","PEDESTRIAN","Cross/Enter at Intersection","NO IMPROPER ACTIONS","ON ROADWAY AT CROSSWALK","No","SUSPECTED MINOR INJURY","NONE","39.02994333","-77.11263","    (39.02994333, -77.11263)"
"MCP1575008Z","190031650","Montgomery County Police","Injury Crash","07/03/2019 06:26:00 AM","County","TWINBROOK PKWY","VEIRS MILL RD",,"N/A","PEDESTRIAN","OTHER","CLEAR","DRY","DAWN","NO CONTROLS","UNKNOWN","UNKNOWN","A5EDB7B6-6E78-4D87-B29E-0E2FA808A05F","PEDESTRIAN","Cross/Enter not at Intersection","UNKNOWN","ON ROADWAY NOT AT CROSSWALK","Yes","SUSPECTED SERIOUS INJURY","NONE","39.07045167","-77.11396667","    (39.07045167, -77.11396667)"
"MCP2686003D","190031559","Montgomery County Police","Injury Crash","07/02/2019 10:50:00 AM","Maryland (State)","FIRST ST","GRANDIN AVE",,"ROCKVILLE","BICYCLIST","STRAIGHT MOVEMENT ANGLE","CLEAR","DRY","DAYLIGHT","WARNING SIGN","N/A","N/A","F8954C6B-CC4F-4DAD-AE34-5927CED96C8F","BICYCLIST","Cross/Enter at Intersection","NO IMPROPER ACTIONS","AT INTERSECTION MARKED CROSSWALK","No","SUSPECTED MINOR INJURY","MC/BIKE HELMET","39.08103879","-77.13736851","    (39.08103879, -77.13736851)"
"MCP2693002Z","190031414","Montgomery County Police","Injury Crash","07/01/2019 08:14:00 PM",,,,"PARKING LOT OF 3111 WHISPERING PINES DR",,"PEDESTRIAN","SINGLE VEHICLE","CLEAR",,"DAYLIGHT","N/A","NONE DETECTED","NONE DETECTED","4A8F68AA-610E-4E4A-9992-CAD099DAF425","PEDESTRIAN","Playing","NOT VISIBLE","OTHER","Unknown","SUSPECTED MINOR INJURY","N/A","39.08788167","-77.06415833","    (39.08788167, -77.06415833)"
"MCP2934003R","190031395","Montgomery County Police","Injury Crash","07/01/2019 06:46:00 PM","County","WESTLAKE TERR","AUTO PARK AVE",,"N/A","PEDESTRIAN","OTHER","CLEAR","DRY","DAYLIGHT","TRAFFIC SIGNAL","NONE DETECTED","NONE DETECTED","20202D83-D6A2-4674-B4F6-3B699236EC2D","PEDESTRIAN","Cross/Enter at Intersection","NO IMPROPER ACTIONS","ON ROADWAY AT CROSSWALK","No","POSSIBLE INJURY","NONE","39.02661289","-77.14558403","    (39.02661289, -77.14558403)"
"MCP3187000N","190031148","Montgomery County Police","Injury Crash","06/30/2019 08:00:00 AM","Other Public Roadway","INDIAN SPRING RD","LAYHILL RD",,"N/A","PEDESTRIAN","SINGLE VEHICLE","CLEAR","DRY","DAYLIGHT","TRAFFIC SIGNAL","NONE DETECTED","NONE DETECTED","EC63F48D-F33F-44ED-BD9E-6A18F7841C2E","PEDESTRIAN","Walking/Cycling on Sidewalk","NO IMPROPER ACTIONS","SIDEWALK","No","SUSPECTED SERIOUS INJURY","NONE","39.07740667","-77.04602833","    (39.07740667, -77.04602833)"
"DD5595007M","190031082","Rockville Police Departme","Injury Crash","06/29/2019 07:00:00 PM","Municipality","TAYLOR AVE","ROBERT RD",,"ROCKVILLE","BICYCLIST","SINGLE VEHICLE","CLOUDY","DRY","DAYLIGHT","NO CONTROLS","NONE DETECTED","NONE DETECTED","61AF8AF2-6271-4F6A-A92E-9DEC0E63F431","BICYCLIST","Walking/Cycling on Sidewalk","OTHER","SIDEWALK","No","SUSPECTED MINOR INJURY","NONE","39.08614417","-77.13798867","    (39.08614417, -77.13798867)"
"MCP3112002K","190031065","Montgomery County Police","Injury Crash","06/29/2019 05:40:00 PM","Maryland (State)","WISCONSIN AVE","STANFORD ST",,"N/A","PEDESTRIAN","OTHER","CLEAR","DRY","DAYLIGHT","TRAFFIC SIGNAL","NONE DETECTED","NONE DETECTED","66155BDA-86B5-4A1A-A8C9-E0D09B5C86EB","PEDESTRIAN","Cross/Enter at Intersection","NO IMPROPER ACTIONS","AT INTERSECTION MARKED CROSSWALK","No","SUSPECTED MINOR INJURY","NONE","38.9782655","-77.09131317","    (38.9782655, -77.09131317)"
"MCP24550030","190031052","Montgomery County Police","Injury Crash","06/29/2019 04:17:00 PM","County","SHADY GROVE RD","FREDERICK RD",,"N/A","PEDESTRIAN","OTHER","CLEAR","DRY","DAYLIGHT","TRAFFIC SIGNAL","N/A","N/A","FB58EEFB-EF29-4787-BB02-540455DA6B10","PEDESTRIAN","Cross/Enter at Intersection","NO IMPROPER ACTIONS","AT INTERSECTION MARKED CROSSWALK","No","POSSIBLE INJURY","N/A","39.12238907","-77.17759962","    (39.12238907, -77.17759962)"
"MCP2545000P","190031032","Montgomery County Police","Injury Crash","06/29/2019 02:30:00 PM","Maryland (State)","UNIVERSITY BLVD W","EAST AVE",,"N/A","PEDESTRIAN","N/A","N/A","DRY","DAYLIGHT","TRAFFIC SIGNAL","NONE DETECTED","NONE DETECTED","49C5A1DF-0CB5-4D21-AC6A-55553E699EC4","PEDESTRIAN","Cross/Enter at Intersection","NO IMPROPER ACTIONS","AT INTERSECTION MARKED CROSSWALK","No","POSSIBLE INJURY","NONE","39.03904366","-77.05694633","    (39.03904366, -77.05694633)"
"MCP2782002Z","190030897","Montgomery County Police","Injury Crash","06/28/2019 07:05:00 PM",,,,"ENTRANCE TO HOME DEPOT PARKING LOT AT 14000 GEORGIA AVE, SILVER SPRING, MD 20906",,"BICYCLIST","STRAIGHT MOVEMENT ANGLE","CLOUDY",,"DAYLIGHT","STOP SIGN","NONE DETECTED","NONE DETECTED","21B69E2B-00CA-4F61-B9EC-12C70715B1FB","BICYCLIST","Walking/Cycling on Sidewalk","NO IMPROPER ACTIONS","OTHER","No","SUSPECTED MINOR INJURY","NONE","39.08502417","-77.07865717","    (39.08502417, -77.07865717)"
"MCP2982002P","190030207","Montgomery County Police","Injury Crash","06/28/2019 03:46:00 PM","Maryland (State)","UNIVERSITY BLVD E","PATTON DR",,"N/A","PEDESTRIAN","OTHER","CLEAR","DRY","DAYLIGHT","STOP SIGN","UNKNOWN","NONE DETECTED","455CE40F-C3C5-4056-81A3-E85A457744CA","PEDESTRIAN","Cross/Enter at Intersection","IN ROADWAY IMPROPERLY","AT INTERSECTION MARKED CROSSWALK","No","SUSPECTED MINOR INJURY","N/A","39.00257435","-76.99564083","    (39.00257435, -76.99564083)"
"MCP3020003S","190030789","Montgomery County Police","Injury Crash","06/28/2019 08:52:00 AM","County","BEL PRE RD","PARKER FARM WAY",,"N/A","PEDESTRIAN","SINGLE VEHICLE","CLEAR","DRY","DAYLIGHT","TRAFFIC SIGNAL","NONE DETECTED","NONE DETECTED","EF31AB98-C5CB-4791-8719-600022EC2E74","PEDESTRIAN","Cross/Enter at Intersection","NO IMPROPER ACTIONS","ON ROADWAY AT CROSSWALK","No","SUSPECTED MINOR INJURY","N/A","39.09059333","-77.04808667","    (39.09059333, -77.04808667)"
"MCP2935001Y","190030710","Montgomery County Police","Injury Crash","06/27/2019 05:45:00 PM","County","WAYNE AVE","GEORGIA AVE",,"N/A","PEDESTRIAN","OTHER","N/A","N/A","DAYLIGHT","TRAFFIC SIGNAL","NONE DETECTED","NONE DETECTED","12065FCF-DECA-4239-9406-2CF66D47AA25","PEDESTRIAN","Cross/Enter at Intersection","NO IMPROPER ACTIONS","ON ROADWAY AT CROSSWALK","No","SUSPECTED MINOR INJURY","NONE","38.99456497","-77.02715324","    (38.99456497, -77.02715324)"
"MCP31110017","190030622","Montgomery County Police","Injury Crash","06/27/2019 08:00:00 AM","Maryland (State)","CONNECTICUT AVE","EAST WEST HWY",,"N/A","BICYCLIST","SAME DIR REAR END","CLEAR","DRY","DAYLIGHT","TRAFFIC SIGNAL","NONE DETECTED","NONE DETECTED","1A37D215-9964-448C-8E15-9CA3B24D1B0F","BICYCLIST","Walking/Riding w/Traffic","INATTENTIVE","ON ROADWAY NOT AT CROSSWALK","Yes","POSSIBLE INJURY","MC/BIKE HELMET","38.98814517","-77.07924283","    (38.98814517, -77.07924283)"
"MCP3119001L","190030451","Montgomery County Police","Injury Crash","06/26/2019 08:22:00 AM","County","LOCHAVEN DR","GOSHEN RD",,"N/A","PEDESTRIAN","SINGLE VEHICLE","CLEAR","DRY","DAYLIGHT","N/A","NONE DETECTED","NONE DETECTED","E3DC8472-9CF4-4A92-ADEB-06F19474FA71","PEDESTRIAN","Walking/Riding against Traffic","NO IMPROPER ACTIONS","CURB","No","SUSPECTED MINOR INJURY","N/A","39.19784233","-77.18286417","    (39.19784233, -77.18286417)"
"MCP2710002W","190030397","Montgomery County Police","Injury Crash","06/25/2019 07:00:00 PM","County","EMORY GROVE RD","WOODFIELD RD",,"N/A","PEDESTRIAN","OTHER","N/A","DRY","DUSK","TRAFFIC SIGNAL","NONE DETECTED","NONE DETECTED","634BEB84-C339-430C-9C28-D47F088BB7A4","PEDESTRIAN","Cross/Enter at Intersection","NO IMPROPER ACTIONS","ON ROADWAY AT CROSSWALK","No","SUSPECTED MINOR INJURY","N/A","39.15274521","-77.17336421","    (39.15274521, -77.17336421)"
"EJ78510043","190030023","Gaithersburg Police Depar","Injury Crash","06/23/2019 05:25:00 PM","Maryland (State)","QUINCE ORCHARD RD","FIRSTFIELD RD",,"GAITHERSBURG","PEDESTRIAN","OTHER","CLEAR","DRY","DAYLIGHT","TRAFFIC SIGNAL","NONE DETECTED","NONE DETECTED","006FEBFC-A5E1-4AA7-A3C3-74D832A925F5","PEDESTRIAN","Cross/Enter at Intersection","DART DASH","AT INTERSECTION BUT NO CROSSWALK","Yes","POSSIBLE INJURY","NONE","39.14519136","-77.22002609","    (39.14519136, -77.22002609)"
"MCP13010012","190029999","Montgomery County Police","Injury Crash","06/23/2019 01:39:00 PM","Other Public Roadway","HIGGINS PL","FISHERS LA",,"N/A","PEDESTRIAN","SINGLE VEHICLE","N/A","DRY","DAYLIGHT","N/A","NONE DETECTED","NONE DETECTED","B7084CFE-2840-4EDD-9C14-E974B8ABCEA7","PEDESTRIAN","Other","OTHER","INSIDE BUILDING","No","SUSPECTED SERIOUS INJURY","UNKNOWN","39.06273667","-77.11780833","    (39.06273667, -77.11780833)"