"Report Number","Local Case Number","Agency Name","ACRS Report Type","Crash Date/Time","Route Type","Road Name","Cross-Street Name","Off-Road Description","Municipality","Related Non-Motorist","Collision Type","Weather","Surface Condition","Light","Traffic Control","Driver Substance Abuse","Non-Motorist Substance Abuse","Person ID","Pedestrian Type","Pedestrian Movement","Pedestrian Actions","Pedestrian Location","At Fault","Injury Severity","Safety Equipment","Latitude","Longitude","Location"
"MCP23580067","190029964","Montgomery County Police","Injury Crash","06/23/2019 08:00:00 AM","Maryland (State)","VEIRS MILL RD","MONTERREY DR",,"N/A","PEDESTRIAN","OTHER","CLEAR","DRY","DAYLIGHT","NO CONTROLS","UNKNOWN","NONE DETECTED","51031B78-8778-4F9A-8216-806FF98A9B4C","PEDESTRIAN","Other","UNKNOWN","ON ROADWAY NOT AT CROSSWALK","Unknown","SUSPECTED SERIOUS INJURY","UNKNOWN","39.04427833","-77.06305833","    (39.04427833, -77.06305833)"
"EJ7875000L","190029922","Gaithersburg Police Depar","Injury Crash","06/22/2019 10:26:00 PM","Municipality","ODENDHAL AVE","RUSSELL AVE",,"GAITHERSBURG","BICYCLIST","ANGLE MEETS LEFT TURN","CLEAR","DRY","DARK LIGHTS ON","TRAFFIC SIGNAL","N/A","N/A","99F3559B-3E9F-4818-B92C-078B08B43EC9","BICYCLIST","Cross/Enter at Intersection","INATTENTIVE","ON ROADWAY NOT AT CROSSWALK","Yes","POSSIBLE INJURY","NONE","39.15061333","-77.2037","    (39.15061333, -77.2037)"
"DD56350015","190029923","Rockville Police Departme","Injury Crash","06/22/2019 10:22:00 PM",,,,"14672 SOUTHLAWN LN",,"PEDESTRIAN","OTHER","CLEAR",,"DARK LIGHTS ON","N/A","NONE DETECTED","NONE DETECTED","A7553BB8-7090-48D4-A07F-CCE2079021C7","PEDESTRIAN","Standing","OTHER","OTHER","No","POSSIBLE INJURY","N/A","39.09605299","-77.13893373","    (39.09605299, -77.13893373)"
"MCP3164001W","190029845","Montgomery County Police","Injury Crash","06/22/2019 12:16:00 PM",,,,"CVS PARKING LOT",,"PEDESTRIAN","HEAD ON","CLEAR",,"DAYLIGHT","NO CONTROLS","N/A","N/A","C35DB446-0382-4C41-8952-DD9BDBBC8E1B","PEDESTRIAN","Standing","NO IMPROPER ACTIONS","SIDEWALK","No","SUSPECTED MINOR INJURY","N/A","39.039275","-77.054065","    (39.039275, -77.054065)"
"MCP3010003X","190029658","Montgomery County Police","Injury Crash","06/21/2019 12:59:00 PM","Maryland (State)","ROCKVILLE PIKE","NICHOLSON LA",,"N/A","PEDESTRIAN","OTHER","CLEAR","DRY","DAYLIGHT","TRAFFIC SIGNAL","N/A","N/A","7A2F9845-E281-405F-B93B-70C7E1B0E638","PEDESTRIAN","Walking/Riding against Traffic","NO IMPROPER ACTIONS","SIDEWALK","No","SUSPECTED MINOR INJURY","NONE","39.04444","-77.11192667","    (39.04444, -77.11192667)"
"MCP271700P1","190029339","Montgomery County Police","Injury Crash","06/19/2019 03:10:00 PM","County","NICHOLSON LA","NEBEL ST",,"N/A","PEDESTRIAN","OTHER","CLEAR","DRY","DAYLIGHT","TRAFFIC SIGNAL","NONE DETECTED","NONE DETECTED","27E4CD75-23DF-42E4-9DD5-3FBF89F828DB","PEDESTRIAN","Cross/Enter at Intersection","NO IMPROPER ACTIONS","ON ROADWAY AT CROSSWALK","No","SUSPECTED MINOR INJURY","NONE","39.045444","-77.10475833","    (39.045444, -77.10475833)"
"MCP137800R1","190029100","Montgomery County Police","Injury Crash","06/18/2019 12:03:00 PM",,,,"PARKING LOT OF 19230 WOODFIELD RD",,"PEDESTRIAN","SINGLE VEHICLE","CLOUDY",,"DAYLIGHT","NO CONTROLS","NONE DETECTED","NONE DETECTED","186C1D61-591D-4E2F-983B-4E5FA2B43298","PEDESTRIAN","Other","NO IMPROPER ACTIONS","OTHER","No","SUSPECTED MINOR INJURY","NONE","39.17218667","-77.15340333","    (39.17218667, -77.15340333)"
"MCP3165001B","190029086","Montgomery County Police","Injury Crash","06/18/2019 11:10:00 AM","County","TECH RD","INDUSTRIAL PKWY",,"N/A","PEDESTRIAN","HEAD ON LEFT TURN","CLEAR","DRY","DAYLIGHT","STOP SIGN","NONE DETECTED","NONE DETECTED","A9BDCA3F-FAFA-4799-82C1-2ACC4E875106","PEDESTRIAN","Cross/Enter at Intersection","NO IMPROPER ACTIONS","AT INTERSECTION MARKED CROSSWALK","No","POSSIBLE INJURY","NONE","39.05337167","-76.96811","    (39.05337167, -76.96811)"
"MCP28290061","190029046","Montgomery County Police","Property Damage Crash","06/18/2019 07:18:00 AM",,,,"RAMP ENTRANCE TO THE PARKING LOT OF 8555 16TH STREET",,"PEDESTRIAN","OTHER","CLOUDY",,"DAYLIGHT","NO CONTROLS","UNKNOWN","NONE DETECTED","7A6D0B3E-E754-4460-A372-95C7C4154921","PEDESTRIAN","Cross/Enter not at Intersection","NO IMPROPER ACTIONS","SIDEWALK","No","NO APPARENT INJURY","NONE","38.99579","-77.03594833","    (38.99579, -77.03594833)"
"MCP27500043","190028809","Montgomery County Police","Injury Crash","06/16/2019 10:00:00 PM",,,,"PARKING LOT OF 12600 VEIRS MILL RD",,"PEDESTRIAN","STRAIGHT MOVEMENT ANGLE","CLEAR",,"DARK LIGHTS ON","NO CONTROLS","NONE DETECTED","NONE DETECTED","657439AC-1F00-4691-AC1F-2F83D6FE487A","PEDESTRIAN","Cross/Enter not at Intersection","NO IMPROPER ACTIONS","ON ROADWAY AT CROSSWALK","No","SUSPECTED MINOR INJURY","NONE","39.06246167","-77.09525833","    (39.06246167, -77.09525833)"
"MCP3125001K","190028777","Montgomery County Police","Injury Crash","06/16/2019 05:00:00 PM","County","GUM SPRING DR","MILLS FARM RD",,"N/A","BICYCLIST","SINGLE VEHICLE","N/A","DRY","DAYLIGHT","NO CONTROLS","N/A","N/A","621EF9B6-4447-4917-89C5-7204C43D02C5","BICYCLIST","Playing","IN ROADWAY IMPROPERLY","ON ROADWAY NOT AT CROSSWALK","Yes","POSSIBLE INJURY","NONE","39.081695","-77.2299","    (39.081695, -77.2299)"
"MCP3178000V","190028761","Montgomery County Police","Property Damage Crash","06/16/2019 12:57:00 PM","Maryland (State)","NEW HAMPSHIRE AVE","NOTLEY RD",,"N/A","PEDESTRIAN","SINGLE VEHICLE","CLEAR","DRY","DAYLIGHT","STOP SIGN","NONE DETECTED","NONE DETECTED","94428342-AB7D-4F43-BCCF-73D7644810CA","PEDESTRIAN","Cross/Enter at Intersection","UNKNOWN","ON ROADWAY NOT AT CROSSWALK","No","NO APPARENT INJURY","N/A","39.08078667","-77.001345","    (39.08078667, -77.001345)"
"MCP2622001Z","190028625","Montgomery County Police","Injury Crash","06/15/2019 02:15:00 PM","County","RANDOLPH RD","LOCKSLEY LA",,"N/A","PEDESTRIAN","OTHER","CLEAR","DRY","DAYLIGHT","TRAFFIC SIGNAL","UNKNOWN","NONE DETECTED","604B04E0-B3B9-487E-85C9-F692B9DCD33D","PEDESTRIAN","Cross/Enter at Intersection","NO IMPROPER ACTIONS","AT INTERSECTION MARKED CROSSWALK","No","POSSIBLE INJURY","NONE","39.07157892","-77.01142405","    (39.07157892, -77.01142405)"
"DM84210024","190028528","Takoma Park Police Depart","Injury Crash","06/14/2019 10:15:00 PM",,,,"PARKING LOT OF THE 7/11, LOCATED AT 902 MERIMAC DRIVE",,"PEDESTRIAN","SINGLE VEHICLE","CLEAR",,"DARK LIGHTS ON","N/A","NONE DETECTED","NONE DETECTED","D9E74779-6954-4130-A07F-49509144A914","PEDESTRIAN","Standing","NO IMPROPER ACTIONS","SIDEWALK","No","POSSIBLE INJURY","N/A","38.99270683","-76.9921405","    (38.99270683, -76.9921405)"
"EJ78640021","190028524","Gaithersburg Police Depar","Injury Crash","06/14/2019 09:45:00 PM","County","FIELDS RD","RIO BLVD",,"GAITHERSBURG","OTHER PEDALCYCLIST","SINGLE VEHICLE","N/A","DRY","DARK LIGHTS ON","TRAFFIC SIGNAL","N/A","N/A","920BA073-8963-4A20-840A-99A100E39489","OTHER PEDALCYCLIST","Cross/Enter at Intersection","FAILURE TO OBEY TRAFFIC SIGNS SIGNALS OR OFFICER","AT INTERSECTION MARKED CROSSWALK","Yes","SUSPECTED MINOR INJURY","NONE","39.11594833","-77.20430167","    (39.11594833, -77.20430167)"
"MCP137800QY","190028479","Montgomery County Police","Injury Crash","06/14/2019 05:33:00 PM","County","EAST VILLAGE AVE","ASQUITH WAY",,"N/A","BICYCLIST","STRAIGHT MOVEMENT ANGLE","CLEAR","DRY","DAYLIGHT","STOP SIGN","NONE DETECTED","NONE DETECTED","BED695AC-9FE4-404F-9D57-FC87A6228335","BICYCLIST","Cross/Enter at Intersection","NO IMPROPER ACTIONS","ON ROADWAY NOT AT CROSSWALK","No","SUSPECTED MINOR INJURY","MC/BIKE HELMET","39.19168333","-77.15479","    (39.19168333, -77.15479)"
"MCP2952008N","190028392","Montgomery County Police","Injury Crash","06/14/2019 09:18:00 AM","Maryland (State)","GEORGIA AVE","DEXTER AVE",,"N/A","BICYCLIST","SAME DIR REAR END","CLEAR","DRY","DAYLIGHT","NO CONTROLS","NONE DETECTED","NONE DETECTED","36B0E7F9-2CE7-4FC8-B868-56522357C215","BICYCLIST","Walking/Riding w/Traffic","OTHER","ON ROADWAY NOT AT CROSSWALK","Yes","SUSPECTED MINOR INJURY","NONE","39.02181667","-77.04504","    (39.02181667, -77.04504)"
"MCP1151009M","190028384","Montgomery County Police","Injury Crash","06/14/2019 08:10:00 AM","Maryland (State)","WOODFIELD RD","BETHESDA CHURCH RD",,"N/A","PEDESTRIAN","OTHER","CLEAR","DRY","DAYLIGHT","NO CONTROLS","NONE DETECTED","NONE DETECTED","FF821DCA-77A1-492E-A2FD-83CDC87001C9","PEDESTRIAN","Cross/Enter at Intersection","NO IMPROPER ACTIONS","AT INTERSECTION BUT NO CROSSWALK","No","SUSPECTED MINOR INJURY","N/A","39.284304","-77.2021715","    (39.284304, -77.2021715)"
"MCP3034003J","190028043","Montgomery County Police","Property Damage Crash","06/12/2019 02:12:00 PM","County","CEDAR LA","ROCKVILLE PIKE",,"N/A","OTHER CONVEYANCE","OTHER","CLEAR","DRY","DAYLIGHT","TRAFFIC SIGNAL","NONE DETECTED","NONE DETECTED","FCA26E5D-C408-46A3-87F2-A2A91E047EA5","OTHER CONVEYANCE","Other","NO IMPROPER ACTIONS","AT INTERSECTION MARKED CROSSWALK","No","NO APPARENT INJURY","NONE","39.00631","-77.09784833","    (39.00631, -77.09784833)"
"EJ7858003N","190028031","Gaithersburg Police Depar","Injury Crash","06/12/2019 12:36:00 PM","Municipality","FAIRBANKS BLVD","BARKLEY PL",,"GAITHERSBURG","BICYCLIST","SINGLE VEHICLE","CLEAR","DRY","DAYLIGHT","STOP SIGN","NONE DETECTED","NONE DETECTED","0A607A0D-E59F-4657-81E4-9A903620F111","BICYCLIST","Walking/Cycling on Sidewalk","FAILURE TO YIELD RIGHT OF WAY","SIDEWALK","Yes","SUSPECTED MINOR INJURY","NONE","39.13214833","-77.19136167","    (39.13214833, -77.19136167)"
"MCP9301002V","190028026","Montgomery County Police","Injury Crash","06/12/2019 12:18:00 PM","Municipality","WASHINGTONIAN BLVD","FIELDS RD",,"N/A","BICYCLIST","OTHER","CLEAR","DRY","DAYLIGHT","TRAFFIC SIGNAL","N/A","N/A","96E180BF-EBD4-4EBB-981E-2C95045BD35E","BICYCLIST","Walking/Riding against Traffic","WRONG WAY RIDING OR WALKING","ON ROADWAY AT CROSSWALK","Yes","SUSPECTED MINOR INJURY","MC/BIKE HELMET","39.11299333","-77.191215","    (39.11299333, -77.191215)"
"MCP30060049","190028002","Montgomery County Police","Injury Crash","06/12/2019 09:25:00 AM","Maryland (State)","VEIRS MILL RD","CLARIDGE RD",,"N/A","PEDESTRIAN","SINGLE VEHICLE","CLEAR","DRY","DAYLIGHT","TRAFFIC SIGNAL","NONE DETECTED","NONE DETECTED","A0A1FAD0-EE78-42D8-AE7A-0E25B5ED24AD","PEDESTRIAN","Cross/Enter at Intersection","NO IMPROPER ACTIONS","ON ROADWAY AT CROSSWALK","No","SUSPECTED MINOR INJURY","N/A","39.04920667","-77.07006","    (39.04920667, -77.07006)"
"MCP3173000K","190025858","Montgomery County Police","Injury Crash","06/12/2019 07:14:00 AM","County","BRUNETT AVE","UNIVERSITY BLVD W",,"N/A","PEDESTRIAN","OTHER","CLEAR","DRY","DAWN","STOP SIGN","NONE DETECTED","NONE DETECTED","76D55415-2161-40C9-B09F-7417751F5019","PEDESTRIAN","Cross/Enter at Intersection","NO IMPROPER ACTIONS","ON ROADWAY AT CROSSWALK","No","POSSIBLE INJURY","N/A","39.0229374","-77.01688638","    (39.0229374, -77.01688638)"
"MCP3173000K","190025858","Montgomery County Police","Injury Crash","06/12/2019 07:14:00 AM","County","BRUNETT AVE","UNIVERSITY BLVD W",,"N/A","PEDESTRIAN","OTHER","CLEAR","DRY","DAWN","STOP SIGN","NONE DETECTED","NONE DETECTED","02151929-D7B2-42AC-8830-A65C0A35C41E","PEDESTRIAN","Cross/Enter at Intersection","NO IMPROPER ACTIONS","ON ROADWAY AT CROSSWALK","No","NO APPARENT INJURY","N/A","39.0229374","-77.01688638","    (39.0229374, -77.01688638)"
"MCP3173000K","190025858","Montgomery County Police","Injury Crash","06/12/2019 07:14:00 AM","County","BRUNETT AVE","UNIVERSITY BLVD W",,"N/A","PEDESTRIAN","OTHER","CLEAR","DRY","DAWN","STOP SIGN","NONE DETECTED","NONE DETECTED","44066F0D-5FAB-4952-83E0-5E469BEFE405","PEDESTRIAN","Cross/Enter at Intersection","NO IMPROPER ACTIONS","ON ROADWAY AT CROSSWALK","No","NO APPARENT INJURY","N/A","39.0229374","-77.01688638","    (39.0229374, -77.01688638)"
"DD56310025","190027912","Rockville Police Departme","Property Damage Crash","06/11/2019 04:35:00 PM","Other Public Roadway","ELMCROFT BLVD","CORK TREE LA",,"N/A","PEDESTRIAN","OTHER","CLEAR","DRY","DAYLIGHT","NO CONTROLS","NONE DETECTED","NONE DETECTED","A6680F48-E360-49CF-BD73-28B9B3623BB6","PEDESTRIAN","Cross/Enter at Intersection","NO IMPROPER ACTIONS","CURB","No","NO APPARENT INJURY","NONE","39.11392333","-77.16615167","    (39.11392333, -77.16615167)"
"MCP2708004Y","190027751","Montgomery County Police","Injury Crash","06/10/2019 07:30:00 PM","County","NAVAHOE DR","10TH AVE",,"N/A","OTHER CONVEYANCE","STRAIGHT MOVEMENT ANGLE","CLEAR","DRY","DAYLIGHT","STOP SIGN","NONE DETECTED","NONE DETECTED","470E3037-D991-4A7D-B245-7CDE10CFC54D","OTHER CONVEYANCE","Cross/Enter at Intersection","FAILURE TO YIELD RIGHT OF WAY","ON ROADWAY NOT AT CROSSWALK","Yes","SUSPECTED MINOR INJURY","NONE","38.99378849","-76.99103481","    (38.99378849, -76.99103481)"
"MCP2411003F","190027727","Montgomery County Police","Injury Crash","06/10/2019 04:08:00 PM",,,,"PARKING LOT OF UNIQUE THRIFT STORE",,"PEDESTRIAN","OTHER","CLOUDY",,"DAYLIGHT","UNKNOWN","UNKNOWN","ALCOHOL PRESENT","BC47460A-0554-45D8-9425-11F7FFC8FA28","PEDESTRIAN","Unknown","UNKNOWN","UNKNOWN","Unknown","POSSIBLE INJURY","N/A","39.05699503","-77.08239273","    (39.05699503, -77.08239273)"
"MCP2820003K","190027225","Montgomery County Police","Injury Crash","06/07/2019 12:42:00 PM",,"N LEISURE WORLD BLVD","HYDE PARK DR",,"N/A","PEDESTRIAN","SINGLE VEHICLE","N/A","N/A","DAYLIGHT","NO CONTROLS","NONE DETECTED","NONE DETECTED","AF6984CF-29D4-4D54-8B1F-1443DF92D74C","PEDESTRIAN","Walking/Riding against Traffic","NO IMPROPER ACTIONS","SIDEWALK","No","POSSIBLE INJURY","N/A","39.10735833","-77.07343167","    (39.10735833, -77.07343167)"
"MCP3008001Y","190027155","Montgomery County Police","Injury Crash","06/06/2019 11:13:00 PM","County","OAKVIEW DR","BRADDOCK RD",,"N/A","BICYCLIST","OTHER","CLEAR","DRY","DARK LIGHTS ON","NO CONTROLS","UNKNOWN","NONE DETECTED","569E88E7-AFF4-4F95-A5FA-3038A0B185CE","BICYCLIST","Unknown","NO IMPROPER ACTIONS","UNKNOWN","No","SUSPECTED SERIOUS INJURY","NONE","39.0152112","-76.9768841","    (39.0152112, -76.9768841)"
"MCP30060048","190027052","Montgomery County Police","Injury Crash","06/06/2019 01:38:00 PM","Maryland (State)","VEIRS MILL RD","ENT TO WHEATON PLAZA",,"N/A","PEDESTRIAN","SINGLE VEHICLE","CLEAR","DRY","DAYLIGHT","STOP SIGN","UNKNOWN","NONE DETECTED","7B056FB9-5642-47E4-92EF-E0B804DFD9B5","PEDESTRIAN","Cross/Enter at Intersection","NO IMPROPER ACTIONS","AT INTERSECTION MARKED CROSSWALK","No","SUSPECTED SERIOUS INJURY","N/A","39.03671667","-77.05157167","    (39.03671667, -77.05157167)"
"MCP3162002J","190027023","Montgomery County Police","Injury Crash","06/06/2019 11:10:00 AM","County","SEMINARY PL","SECOND AVE",,"N/A","OTHER","OTHER","CLEAR","DRY","DAYLIGHT","PERSON","NONE DETECTED","NONE DETECTED","12FD9BC9-12D0-438C-8708-839D4CAA19DD","OTHER","Other Working","N/A","N/A","No","POSSIBLE INJURY","REFLECTIVE CLOTHING","39.00928333","-77.04383333","    (39.00928333, -77.04383333)"
"MCP2450002L","190027276","Montgomery County Police","Injury Crash","06/06/2019 08:50:00 AM",,,,"PARKING LOT OF 8720 CARROLL AVE",,"PEDESTRIAN","OTHER","UNKNOWN",,"DAYLIGHT","NO CONTROLS","N/A","N/A","3843ABC5-0954-46F8-B7E7-0A52E9532133","PEDESTRIAN","Walking to/from school","UNKNOWN","OTHER","No","POSSIBLE INJURY","N/A","38.997","-76.99190833","    (38.997, -76.99190833)"
"MCP158000BJ","190026998","Montgomery County Police","Injury Crash","06/06/2019 07:40:00 AM","County","CENTER CT","MONTGOMERY VILLAGE AVE",,"N/A","BICYCLIST","SINGLE VEHICLE","CLOUDY","WET","DAYLIGHT","STOP SIGN","NONE DETECTED","NONE DETECTED","C4EC57A8-7B17-45DF-9309-5D525F2493ED","BICYCLIST","Cross/Enter at Intersection","NO IMPROPER ACTIONS","ON ROADWAY AT CROSSWALK","No","SUSPECTED MINOR INJURY","NONE","39.16800667","-77.205625","    (39.16800667, -77.205625)"
"MCP3089002H","190026932","Montgomery County Police","Injury Crash","06/05/2019 07:33:00 PM","County","WAYNE AVE","CEDAR ST",,"N/A","PEDESTRIAN","SINGLE VEHICLE","CLEAR","DRY","DAYLIGHT","TRAFFIC SIGNAL","N/A","N/A","20A11CBF-0128-46D2-868C-B93B3CAEC2D2","PEDESTRIAN","Cross/Enter at Intersection","NO IMPROPER ACTIONS","ON ROADWAY AT CROSSWALK","No","POSSIBLE INJURY","N/A","38.99725667","-77.02167667","    (38.99725667, -77.02167667)"
"DD55270029","190026677","Rockville Police Departme","Injury Crash","06/05/2019 02:30:00 PM","Maryland (State)","FREDERICK RD","WATKINS POND BLVD",,"ROCKVILLE","PEDESTRIAN","OTHER","CLEAR","DRY","DAYLIGHT","NO CONTROLS","NONE DETECTED","NONE DETECTED","2E9A9B38-A599-46EF-8CB3-61A36B9A5512","PEDESTRIAN","Cross/Enter not at Intersection","FAILURE TO YIELD RIGHT OF WAY","ON ROADWAY NOT AT CROSSWALK","Yes","SUSPECTED SERIOUS INJURY","NONE","39.11215142","-77.16183609","    (39.11215142, -77.16183609)"
"MCP3171000V","190026764","Montgomery County Police","Injury Crash","06/04/2019 09:02:00 PM",,,,"HOME DEPOT PARKING LOT
 21010 FREDERICK RD GERMANTOWN MD",,"PEDESTRIAN","SINGLE VEHICLE","CLEAR",,"DARK LIGHTS ON","N/A","NONE DETECTED","NONE DETECTED","DDAA6793-157D-4CB0-BF55-1789966836AC","PEDESTRIAN","Unknown","NO IMPROPER ACTIONS","AT INTERSECTION BUT NO CROSSWALK","No","POSSIBLE INJURY","N/A","39.201165","-77.24834333","    (39.201165, -77.24834333)"
"MCP27770058","190026711","Montgomery County Police","Injury Crash","06/04/2019 05:30:00 PM","County","HAMPDEN LA","ARLINGTON RD",,"N/A","PEDESTRIAN","OTHER","N/A","DRY","DAYLIGHT","STOP SIGN","NONE DETECTED","NONE DETECTED","B3AF41AE-A4B2-4FD3-B575-2833686A1322","PEDESTRIAN","Cross/Enter at Intersection","NO IMPROPER ACTIONS","AT INTERSECTION MARKED CROSSWALK","No","POSSIBLE INJURY","NONE","38.98268667","-77.098305","    (38.98268667, -77.098305)"
"EJ7876000N","190026354","Gaithersburg Police Depar","Injury Crash","06/02/2019 10:10:00 PM","Maryland (State)","MONTGOMERY VILLAGE AVE","SPUR TO LOST KNIFE RD",,"N/A","BICYCLIST","STRAIGHT MOVEMENT ANGLE","CLOUDY","WET","DARK LIGHTS ON","TRAFFIC SIGNAL","NONE DETECTED","ALCOHOL PRESENT","4B746786-935A-4761-9328-C30FCC58F9FA","BICYCLIST","Cross/Enter at Intersection","OTHER","ON ROADWAY AT CROSSWALK","Yes","SUSPECTED MINOR INJURY","NONE","39.157775","-77.20400167","    (39.157775, -77.20400167)"
"MCP20160048","190026280","Montgomery County Police","Injury Crash","06/02/2019 12:19:00 PM","Maryland (State)","ROCKVILLE PIKE","ROLLINS AVE",,"ROCKVILLE","PEDESTRIAN","SINGLE VEHICLE","CLOUDY","DRY","DAYLIGHT","N/A","NONE DETECTED","N/A","48E25DB8-96FA-4A4B-B209-E1BF0FCAB8F9","PEDESTRIAN","Walking/Cycling on Sidewalk","NO IMPROPER ACTIONS","SIDEWALK","No","SUSPECTED MINOR INJURY","NONE","38.953","-77.338","    (38.953, -77.338)"
"MCP3112002D","190027724","Montgomery County Police","Injury Crash","06/02/2019 11:30:00 AM","County","DANIEL RD","WYNDALE RD",,"N/A","BICYCLIST","OTHER","UNKNOWN","UNKNOWN","DAYLIGHT","STOP SIGN","UNKNOWN","NONE DETECTED","9B542971-DCFF-45FF-A95D-975372620C10","BICYCLIST","Walking/Riding w/Traffic","NO IMPROPER ACTIONS","ON ROADWAY NOT AT CROSSWALK","No","SUSPECTED MINOR INJURY","MC/BIKE HELMET","38.98528268","-77.05698994","    (38.98528268, -77.05698994)"
"MCP3000002N","190026219","Montgomery County Police","Injury Crash","06/01/2019 10:27:00 PM","County","MIDDLEBROOK RD","WARING STATION RD",,"N/A","PEDESTRIAN","SINGLE VEHICLE","CLEAR","DRY","DARK LIGHTS ON","TRAFFIC SIGNAL","NONE DETECTED","NONE DETECTED","12862211-19AD-42F6-B77A-10BA5F788CB0","PEDESTRIAN","Cross/Enter at Intersection","OTHER","AT INTERSECTION MARKED CROSSWALK","No","SUSPECTED MINOR INJURY","N/A","39.17525182","-77.25361113","    (39.17525182, -77.25361113)"
"MCP3158001F","190026188","Montgomery County Police","Injury Crash","06/01/2019 06:52:00 PM","County","SNOUFFERS SCHOOL RD","WOODFIELD RD",,"N/A","PEDESTRIAN","OTHER","CLEAR","DRY","DAYLIGHT","WARNING SIGN","NONE DETECTED","NONE DETECTED","A1885F74-610F-4881-9007-17A7D44A93D1","PEDESTRIAN","Other","NO IMPROPER ACTIONS","ON ROADWAY AT CROSSWALK","No","POSSIBLE INJURY","NONE","39.16084","-77.163385","    (39.16084, -77.163385)"
"MCP27990053","190026189","Montgomery County Police","Injury Crash","06/01/2019 06:35:00 PM","County","PRINCE PHILIP DR","SPARTAN RD",,"N/A","BICYCLIST","STRAIGHT MOVEMENT ANGLE","CLEAR","DRY","DAYLIGHT","NO CONTROLS","NONE DETECTED","NONE DETECTED","90DAD80A-F7B0-4283-854F-032E2A72C2A4","BICYCLIST","Walking/Riding w/Traffic","NO IMPROPER ACTIONS","ON ROADWAY NOT AT CROSSWALK","No","SUSPECTED MINOR INJURY","NONE","39.15452301","-77.05705246","    (39.15452301, -77.05705246)"
"EJ7869002Y","190026072","Gaithersburg Police Depar","Fatal Crash","05/31/2019 09:24:00 PM","Maryland (State)","FREDERICK RD","TRAVIS AVE",,"GAITHERSBURG","PEDESTRIAN","OTHER","CLEAR","DRY","DARK LIGHTS ON","NO CONTROLS","NONE DETECTED","NONE DETECTED","0888FF5C-5DA3-4547-BC35-BC429A3C64E7","PEDESTRIAN","Cross/Enter not at Intersection","IN ROADWAY IMPROPERLY","ON ROADWAY NOT AT CROSSWALK","Yes","FATAL INJURY","N/A","39.16128577","-77.22282999","    (39.16128577, -77.22282999)"
"DM83880030","190026013","Takoma Park Police Depart","Injury Crash","05/31/2019 04:42:00 PM",,,,"PARKING LOT OF 1127 UNIVERSITY BLVD.",,"PEDESTRIAN","OTHER","CLEAR",,"DAYLIGHT","NO CONTROLS","NONE DETECTED","NONE DETECTED","1FC70D6B-90EB-489A-AFE9-1D8A9791B9A6","PEDESTRIAN","Playing","DART DASH","OTHER","Yes","POSSIBLE INJURY","N/A","38.55400492","-79.18192616","    (38.55400492, -79.18192616)"
"MCP2877006X","190025791","Montgomery County Police","Injury Crash","05/30/2019 02:17:00 PM","County","BLAIR MILL RD","EASTERN DR",,"N/A","PEDESTRIAN","OTHER","CLEAR","DRY","DAYLIGHT","NO CONTROLS","NONE DETECTED","NONE DETECTED","338F8E0C-9B5C-401F-A038-A1537DD0BF83","PEDESTRIAN","Cross/Enter not at Intersection","INATTENTIVE","ON ROADWAY NOT AT CROSSWALK","Yes","POSSIBLE INJURY","NONE","38.98972667","-77.030625","    (38.98972667, -77.030625)"
"MCP158000BH","190025744","Montgomery County Police","Injury Crash","05/30/2019 10:22:00 AM",,,,"15740 SHADY GROVE RD,  HOME DEPOT STORE PARKING LOT",,"PEDESTRIAN","OTHER","CLEAR",,"DAYLIGHT","N/A","NONE DETECTED","NONE DETECTED","413A20BC-D49C-47CD-B5E8-24B483D86EFB","PEDESTRIAN","Other","NO IMPROPER ACTIONS","OTHER","No","SUSPECTED MINOR INJURY","N/A","39.11479667","-77.18677833","    (39.11479667, -77.18677833)"
"MCP3137000T","190025697","Montgomery County Police","Injury Crash","05/29/2019 11:31:00 PM","County","RUATAN ST","QUEBEC ST",,"N/A","PEDESTRIAN","HEAD ON","CLEAR","DRY","DARK LIGHTS ON","N/A","NONE DETECTED","N/A","4C2FD5B4-CCE4-4BDE-A126-BD5D5AA78F29","PEDESTRIAN","Getting off/on Vehicle","DART DASH","OTHER","No","POSSIBLE INJURY","N/A","39.00036175","-76.98955953","    (39.00036175, -76.98955953)"
"MCP3137000T","190025697","Montgomery County Police","Injury Crash","05/29/2019 11:31:00 PM","County","RUATAN ST","QUEBEC ST",,"N/A","PEDESTRIAN","HEAD ON","CLEAR","DRY","DARK LIGHTS ON","N/A","NONE DETECTED","NONE DETECTED","5AE0D82F-924C-4BCF-8FE0-8C91C7E31135","PEDESTRIAN","Standing","NO IMPROPER ACTIONS","OTHER","No","POSSIBLE INJURY","N/A","39.00036175","-76.98955953","    (39.00036175, -76.98955953)"
"DD5630001F","190025366","Rockville Police Departme","Injury Crash","05/28/2019 03:33:00 PM","Municipality","MT VERNON PL","FLEET ST",,"ROCKVILLE","BICYCLIST","OTHER","CLEAR","DRY","DAYLIGHT","STOP SIGN","NONE DETECTED","NONE DETECTED","6C68E36B-D43A-424A-8918-7E6BDB12DC15","BICYCLIST","Cross/Enter at Intersection","NO IMPROPER ACTIONS","ON ROADWAY AT CROSSWALK","No","SUSPECTED MINOR INJURY","NONE","39.07788667","-77.14325167","    (39.07788667, -77.14325167)"
"MCP28710065","190025208","Montgomery County Police","Injury Crash","05/27/2019 04:13:00 PM","County","ROSELAND DR","OLD GEORGETOWN RD",,"N/A","OTHER","OTHER","CLEAR","DRY","DAYLIGHT","NO CONTROLS","NONE DETECTED","NONE DETECTED","B1EA0966-7837-4E60-B29A-FD34850A9A55","OTHER","Playing","IN ROADWAY IMPROPERLY","N/A","Yes","SUSPECTED MINOR INJURY","MC/BIKE HELMET","39.04198667","-77.12334833","    (39.04198667, -77.12334833)"