"Report Number","Local Case Number","Agency Name","ACRS Report Type","Crash Date/Time","Route Type","Road Name","Cross-Street Name","Off-Road Description","Municipality","Related Non-Motorist","Collision Type","Weather","Surface Condition","Light","Traffic Control","Driver Substance Abuse","Non-Motorist Substance Abuse","Person ID","Pedestrian Type","Pedestrian Movement","Pedestrian Actions","Pedestrian Location","At Fault","Injury Severity","Safety Equipment","Latitude","Longitude","Location"
"MCP2546002N","190013501","Montgomery County Police","Fatal Crash","03/23/2019 09:30:00 PM","Municipality","BEALL AVE #2","MARYLAND AVE",,"N/A","PEDESTRIAN","OTHER","CLEAR","DRY","DARK LIGHTS ON","OTHER","NONE DETECTED","NONE DETECTED","5BAFBB88-CD4B-4B2F-92B6-3DACEBA0B04F","PEDESTRIAN","Cross/Enter at Intersection","UNKNOWN","ON ROADWAY AT CROSSWALK","No","SUSPECTED SERIOUS INJURY","NONE","39.087085","-77.151238","    (39.087085, -77.151238)"
"MCP2546002N","190013501","Montgomery County Police","Fatal Crash","03/23/2019 09:30:00 PM","Municipality","BEALL AVE #2","MARYLAND AVE",,"N/A","PEDESTRIAN","OTHER","CLEAR","DRY","DARK LIGHTS ON","OTHER","NONE DETECTED","NONE DETECTED","5B1EC8C1-6550-4256-89C7-2186946BBA54","PEDESTRIAN","Cross/Enter at Intersection","UNKNOWN","ON ROADWAY AT CROSSWALK","No","FATAL INJURY","NONE","39.087085","-77.151238","    (39.087085, -77.151238)"
"MCP3019002D","190019917","Montgomery County Police","Injury Crash","03/23/2019 08:00:00 PM","County","WOODMONT AVE","BETHESDA AVE",,"N/A","PEDESTRIAN","OTHER","CLEAR","DRY","DUSK","NO CONTROLS","NONE DETECTED","UNKNOWN","E92A3F94-9E87-418E-B4CE-64E01821AD66","PEDESTRIAN","Other","IN ROADWAY IMPROPERLY","ON ROADWAY NOT AT CROSSWALK","Yes","POSSIBLE INJURY","NONE","38.98125078","-77.09545621","    (38.98125078, -77.09545621)"
"MCP2353006T","190013243","Montgomery County Police","Injury Crash","03/22/2019 03:16:00 PM",,,,"PARKING LOT OF WILDWOOD SHOPPING CENTER",,"PEDESTRIAN","SINGLE VEHICLE","CLOUDY",,"DAYLIGHT","NO CONTROLS","NONE DETECTED","NONE DETECTED","3470886E-39CD-4AF0-AE3F-542590420CAE","PEDESTRIAN","Other","NO IMPROPER ACTIONS","OTHER","No","SUSPECTED MINOR INJURY","NONE","39.02425167","-77.12442","    (39.02425167, -77.12442)"
"MCP31820008","190013158","Montgomery County Police","Injury Crash","03/22/2019 05:50:00 AM","County","NORTHAMPTON DR","NEW HAMPSHIRE AVE",,"N/A","PEDESTRIAN","OTHER","CLOUDY","WET","DAWN","TRAFFIC SIGNAL","NONE DETECTED","NONE DETECTED","FB8B9E7D-029C-43E2-A7F7-49F4033F4E49","PEDESTRIAN","Cross/Enter at Intersection","NO IMPROPER ACTIONS","AT INTERSECTION BUT NO CROSSWALK","No","SUSPECTED SERIOUS INJURY","NONE","39.00692169","-76.98075655","    (39.00692169, -76.98075655)"
"MCP2990000Q","190013132","Montgomery County Police","Injury Crash","03/21/2019 09:40:00 PM","County","APPLE RIDGE RD","MONTGOMERY VILLAGE AVE",,"N/A","PEDESTRIAN","OTHER","RAINING","WET","DARK LIGHTS ON","TRAFFIC SIGNAL","NONE DETECTED","NONE DETECTED","67A93E99-7642-4C11-96BE-82E858200716","PEDESTRIAN","Cross/Enter at Intersection","NO IMPROPER ACTIONS","ON ROADWAY AT CROSSWALK","No","SUSPECTED MINOR INJURY","NONE","39.18683833","-77.19853833","    (39.18683833, -77.19853833)"
"MCP31840009","190013073","Montgomery County Police","Injury Crash","03/21/2019 04:40:00 PM",,,,"LEVEL ONE PARKING GARAGE AT 921 WAYNE AVE",,"PEDESTRIAN","SINGLE VEHICLE","N/A",,"DAYLIGHT","N/A","NONE DETECTED","NONE DETECTED","A2EFE772-24F6-49E7-B9F8-3D0EF595D7E0","PEDESTRIAN","Other","NO IMPROPER ACTIONS","OTHER","No","SUSPECTED MINOR INJURY","NONE","39.02058744","-76.97661733","    (39.02058744, -76.97661733)"
"MCP13890026","190013061","Montgomery County Police","Injury Crash","03/21/2019 03:15:00 PM","County","STEDWICK RD","MONTGOMERY VILLAGE AVE",,"N/A","BICYCLIST","STRAIGHT MOVEMENT ANGLE","RAINING","WET","DAYLIGHT","NO CONTROLS","NONE DETECTED","NONE DETECTED","21A2D781-EB9C-4578-A49F-EEE6B2B2D841","BICYCLIST","Cross/Enter not at Intersection","IN ROADWAY IMPROPERLY","OUTSIDE RIGHT OF WAY","Yes","SUSPECTED MINOR INJURY","MC/BIKE HELMET","39.16996671","-77.20606495","    (39.16996671, -77.20606495)"
"MCP3063001K","190013119","Montgomery County Police","Injury Crash","03/21/2019 10:19:00 AM","County","STEWART LA","APRIL LA",,"N/A","PEDESTRIAN","SINGLE VEHICLE","RAINING","WET","DARK NO LIGHTS","N/A","N/A","ALCOHOL PRESENT","FCF4638B-2AC1-40B5-8FE2-0CE5539D6E4D","PEDESTRIAN","Standing","IN ROADWAY IMPROPERLY","ON ROADWAY NOT AT CROSSWALK","Yes","SUSPECTED MINOR INJURY","N/A","39.04562665","-76.98238652","    (39.04562665, -76.98238652)"
"MCP31900008","190012811","Montgomery County Police","Injury Crash","03/21/2019 07:12:00 AM",,"BANQUO DRIVE","DUNSINANE DRIVE",,"N/A","PEDESTRIAN","OTHER","N/A","DRY","DAYLIGHT","N/A","UNKNOWN","N/A","CDC6344C-DBAB-4523-B7E6-D6A18A31C086","PEDESTRIAN","Approach/Leaving Schoolbus","DART DASH","IN SCHOOL BUS ZONE","No","POSSIBLE INJURY","N/A","39.09452051","-77.07370871","    (39.09452051, -77.07370871)"
"MCP2766004N","190012967","Montgomery County Police","Injury Crash","03/20/2019 09:08:00 PM","Maryland (State)","GEORGIA AVE","HEWITT AVE",,"N/A","PEDESTRIAN","SINGLE VEHICLE","CLEAR","DRY","DARK LIGHTS ON","TRAFFIC SIGNAL","NONE DETECTED","UNKNOWN","73E35784-8801-407E-A5DD-3CC823761215","PEDESTRIAN","Cross/Enter at Intersection","DART DASH","ON ROADWAY AT CROSSWALK","Yes","POSSIBLE INJURY","NONE","39.07761333","-77.071225","    (39.07761333, -77.071225)"
"MCP3004002V","190012916","Montgomery County Police","Injury Crash","03/20/2019 04:48:00 PM",,,,"ALLEYWAY OF 7220 WISCONSIN AVENUE",,"PEDESTRIAN","OTHER","CLEAR",,"DAYLIGHT","N/A","NONE DETECTED","NONE DETECTED","D149C52E-26C2-4842-B608-33350C6BBFED","PEDESTRIAN","Other","UNKNOWN","OTHER","No","SUSPECTED MINOR INJURY","REFLECTIVE CLOTHING","38.98164155","-77.0930293","    (38.98164155, -77.0930293)"
"MCP2931003B","190012716","Montgomery County Police","Injury Crash","03/19/2019 06:25:00 PM",,,,"PARKING LOT OF 12266 ROCKVILLE PIKE",,"PEDESTRIAN","OTHER","CLEAR",,"DAYLIGHT","N/A","N/A","N/A","A3428237-E38D-4AA2-AB15-45843DAE64F8","PEDESTRIAN","Other","DART DASH","SIDEWALK","No","POSSIBLE INJURY","N/A","39.05720833","-77.12202833","    (39.05720833, -77.12202833)"
"MCP29740029","190012698","Montgomery County Police","Injury Crash","03/19/2019 05:29:00 PM","Maryland (State)","NEW HAMPSHIRE AVE","DILSTON RD",,"N/A","PEDESTRIAN","OTHER","CLEAR","DRY","DAYLIGHT","N/A","NONE DETECTED","NONE DETECTED","37E5E796-5B9D-4B6F-9A26-0B44FBD2E05B","PEDESTRIAN","Cross/Enter at Intersection","UNKNOWN","AT INTERSECTION MARKED CROSSWALK","Unknown","POSSIBLE INJURY","NONE","39.01135722","-76.97907602","    (39.01135722, -76.97907602)"
"MCP158000B4","190012614","Montgomery County Police","Property Damage Crash","03/19/2019 10:10:00 AM","Maryland (State)","QUINCE ORCHARD RD","RAMP 2 FR MD 124 WB TO IS 270 NB",,"N/A","BICYCLIST","STRAIGHT MOVEMENT ANGLE","CLEAR","DRY","DAYLIGHT","N/A","NONE DETECTED","NONE DETECTED","28BC3683-B5E4-4EB2-8E17-5505B092C754","BICYCLIST","Cross/Enter at Intersection","IN ROADWAY IMPROPERLY","ON ROADWAY AT CROSSWALK","Yes","NO APPARENT INJURY","NONE","39.15029","-77.21490833","    (39.15029, -77.21490833)"
"MCP27450027","190012266","Montgomery County Police","Injury Crash","03/16/2019 11:25:00 PM",,,,"IN FRONT OF 9708 DIGGING RD",,"PEDESTRIAN","SINGLE VEHICLE","CLEAR",,"DARK LIGHTS ON","NO CONTROLS",,"NONE DETECTED","FB572AF2-26EB-4F62-8597-521F4E23982F","PEDESTRIAN","Other","INATTENTIVE","OTHER","Yes","SUSPECTED SERIOUS INJURY","N/A","39.16843084","-77.19982469","    (39.16843084, -77.19982469)"
"MCP3037002H","190012244","Montgomery County Police","Injury Crash","03/16/2019 07:54:00 PM",,,,"PARKING LOT OF 501 QUINCE ORCHARD RD, GAITHERSBURG, MD",,"PEDESTRIAN","SINGLE VEHICLE","N/A",,"DARK LIGHTS ON","N/A","UNKNOWN","NONE DETECTED","3932B4AA-1DE9-45C5-8313-77B5816147E6","PEDESTRIAN","Other","NO IMPROPER ACTIONS","OTHER","No","SUSPECTED MINOR INJURY","N/A","39.18419667","-77.26345167","    (39.18419667, -77.26345167)"
"MCP29690067","190012173","Montgomery County Police","Injury Crash","03/16/2019 12:25:00 PM","Maryland (State)","OLNEY SANDY SPRING RD","BROOKE RD",,"N/A","OTHER","OTHER","CLEAR","OTHER","DAYLIGHT","PERSON","NONE DETECTED","NONE DETECTED","8B0BAB87-1000-46A3-888C-800A5C783BEB","OTHER","Other Working","OTHER","ON ROADWAY NOT AT CROSSWALK","No","POSSIBLE INJURY","REFLECTIVE CLOTHING","39.14970333","-77.02642167","    (39.14970333, -77.02642167)"
"MCP1205004Y","190012166","Montgomery County Police","Injury Crash","03/16/2019 11:58:00 AM","County","LAWRENCE AVE","DECATUR AVE",,"N/A","BICYCLIST","OTHER","CLEAR","DRY","DAYLIGHT","NO CONTROLS",,"NONE DETECTED","FFBA20EE-6DD3-493B-BCE5-2B6DF0B73153","BICYCLIST","Walking/Riding w/Traffic","IMPROPER TURN MERGE","ON ROADWAY NOT AT CROSSWALK","Yes","SUSPECTED MINOR INJURY","MC/BIKE HELMET","39.03525833","-77.08123667","    (39.03525833, -77.08123667)"
"DD5611005T","190012007","Rockville Police Departme","Injury Crash","03/15/2019 03:27:00 PM","Municipality","WOOTTON PKWY","ROCKVILLE PIKE",,"N/A","PEDESTRIAN","SINGLE VEHICLE","CLEAR","DRY","DAYLIGHT","NO CONTROLS","NONE DETECTED","NONE DETECTED","44FC3DEC-67AD-49A3-A93E-D77D7A6B1E5B","PEDESTRIAN","Cross/Enter at Intersection","OTHER","ON ROADWAY NOT AT CROSSWALK","Yes","SUSPECTED MINOR INJURY","NONE","39.07621498","-77.14015397","    (39.07621498, -77.14015397)"
"MCP2372001P","190011587","Montgomery County Police","Injury Crash","03/13/2019 08:20:00 AM",,,,"PARKING LOT OF WESTWOOD SHOPPING CENTER, LOCATED AT 5400 WESTBARD AVENUE, BETHESDA, MD 20816",,"PEDESTRIAN","STRAIGHT MOVEMENT ANGLE","CLEAR",,"DAYLIGHT","NO CONTROLS","UNKNOWN","NONE DETECTED","4C756BF3-DC08-4A85-9D95-6B43A5470651","PEDESTRIAN","Walking/Cycling on Sidewalk","NO IMPROPER ACTIONS","DRIVEWAY ACCESS MARKED CROSSWALK","No","POSSIBLE INJURY","N/A","38.96522422","-77.10743878","    (38.96522422, -77.10743878)"
"MCP2967003Q","190011529","Montgomery County Police","Injury Crash","03/12/2019 09:12:00 PM","Maryland (State)","WISCONSIN AVE","EAST WEST HWY (W/B COUPLET)",,"N/A","PEDESTRIAN","SINGLE VEHICLE","CLEAR","DRY","DARK LIGHTS ON","TRAFFIC SIGNAL","N/A","N/A","D0250D1E-BCB1-477D-88D5-B1A41E34B9D3","PEDESTRIAN","Cross/Enter not at Intersection","IN ROADWAY IMPROPERLY","ON ROADWAY NOT AT CROSSWALK","Yes","SUSPECTED MINOR INJURY","NONE","38.98505333","-77.094145","    (38.98505333, -77.094145)"
"MCP14380083","190011434","Montgomery County Police","Injury Crash","03/12/2019 12:35:00 PM",,,,"BURGER KING PARKING LOT 16004 SHADY GROVE ROAD",,"PEDESTRIAN","SINGLE VEHICLE","CLEAR",,"DAYLIGHT","N/A","NONE DETECTED","NONE DETECTED","76CEB3F4-1A93-4B16-9D4B-3C1377B440DE","PEDESTRIAN","Other","OTHER","OTHER","No","POSSIBLE INJURY","N/A","39.11990667","-77.181965","    (39.11990667, -77.181965)"
"MCP10200043","190011413","Montgomery County Police","Injury Crash","03/12/2019 10:55:00 AM",,,,"PARKING LOT OF HOME DEPOT AT 21010 FREDERIC RD",,"PEDESTRIAN","OTHER","CLEAR",,"DAYLIGHT","NO CONTROLS","NONE DETECTED","NONE DETECTED","45CD6444-B5CA-4172-8903-A4E870B9A2D9","PEDESTRIAN","Other","NO IMPROPER ACTIONS","OTHER","No","POSSIBLE INJURY","N/A","39.20134233","-77.2485545","    (39.20134233, -77.2485545)"
"MCP2399002F","190011319","Montgomery County Police","Injury Crash","03/11/2019 07:55:00 PM","County","QUAIL VALLEY BLVD","SANDPIPER LA",,"N/A","PEDESTRIAN","SINGLE VEHICLE","CLEAR","DRY","UNKNOWN","N/A","NONE DETECTED","NONE DETECTED","C2A6B53C-57A4-4328-8E76-5587C653367D","PEDESTRIAN","Cross/Enter at Intersection","UNKNOWN","AT INTERSECTION MARKED CROSSWALK","Yes","SUSPECTED MINOR INJURY","NONE","39.16097333","-77.18926167","    (39.16097333, -77.18926167)"
"MCP2016003Z","190011248","Montgomery County Police","Injury Crash","03/11/2019 01:28:00 PM",,,,"PARKING LOT OF BED BATH AND BEYOND- 1519 ROCKVILLE PIKE",,"PEDESTRIAN","SINGLE VEHICLE","CLEAR",,"DAYLIGHT","N/A","N/A","N/A","A06B3A2F-6598-48F0-9DB3-B0B1F4A56D43","PEDESTRIAN","Other","NO IMPROPER ACTIONS","OTHER","No","SUSPECTED SERIOUS INJURY","N/A","38.953","-77.338","    (38.953, -77.338)"
"DD55830051","190011114","Rockville Police Departme","Injury Crash","03/10/2019 03:50:00 PM","County","TWINBROOK PKWY","PIER DR",,"ROCKVILLE","PEDESTRIAN","SINGLE VEHICLE","CLEAR","DRY","DAYLIGHT","NO CONTROLS","NONE DETECTED","NONE DETECTED","B5DB103A-C7B9-477B-85DA-E996F1D46608","PEDESTRIAN","Cross/Enter at Intersection","NO IMPROPER ACTIONS","ON ROADWAY AT CROSSWALK","No","SUSPECTED SERIOUS INJURY","N/A","39.0690275","-77.11411817","    (39.0690275, -77.11411817)"
"HA2317000C","19000547","Maryland-National Capital","Injury Crash","03/08/2019 06:19:00 PM","Maryland (State)","WISCONSIN AVE","LELAND ST",,"N/A","PEDESTRIAN","N/A","SNOW","WET","DARK LIGHTS ON","TRAFFIC SIGNAL","N/A","N/A","F3FB2D96-4004-480E-9EF9-FBA9E3990FBB","PEDESTRIAN","Cross/Enter at Intersection","NO IMPROPER ACTIONS","ON ROADWAY AT CROSSWALK","No","SUSPECTED MINOR INJURY","N/A","38.98012453","-77.09207376","    (38.98012453, -77.09207376)"
"MCP23960036","190010789","Montgomery County Police","Injury Crash","03/08/2019 04:30:00 PM","Maryland (State)","HUNGERFORD DR","BEALL AVE #2",,"ROCKVILLE","PEDESTRIAN","STRAIGHT MOVEMENT ANGLE","CLEAR","DRY","DAYLIGHT","TRAFFIC SIGNAL","N/A","N/A","3648A6A3-E25B-4434-8283-0CC6BD53A3FF","PEDESTRIAN","Cross/Enter at Intersection","NO IMPROPER ACTIONS","ON ROADWAY AT CROSSWALK","No","SUSPECTED MINOR INJURY","UNKNOWN","39.08742277","-77.15015525","    (39.08742277, -77.15015525)"
"EJ78330054","190010808","Gaithersburg Police Depar","Injury Crash","03/08/2019 07:50:00 AM","County","N SUMMIT AVE","GIRARD ST",,"GAITHERSBURG","PEDESTRIAN","OTHER","CLEAR","UNKNOWN","DAYLIGHT","NO CONTROLS","UNKNOWN","NONE DETECTED","22ACC3E7-9AA4-4BD5-B210-800DA87A1145","PEDESTRIAN","Cross/Enter at Intersection","NO IMPROPER ACTIONS","ON ROADWAY AT CROSSWALK","Unknown","POSSIBLE INJURY","NONE","39.14923579","-77.19293776","    (39.14923579, -77.19293776)"
"DD5502004Y","190010874","Rockville Police Departme","Injury Crash","03/08/2019 07:26:00 AM","Municipality","E MIDDLE LA","CROSSOVER",,"N/A","PEDESTRIAN","OTHER","SNOW","WET","DUSK","YIELD SIGN","NONE DETECTED","NONE DETECTED","FFD1EA75-592F-47E3-B284-0CDABA679B1B","PEDESTRIAN","Cross/Enter at Intersection","NO IMPROPER ACTIONS","ON ROADWAY AT CROSSWALK","No","SUSPECTED MINOR INJURY","N/A","39.08514158","-77.15002358","    (39.08514158, -77.15002358)"
"DM8434001S","190010565","Takoma Park Police Depart","Injury Crash","03/07/2019 04:13:00 AM","Maryland (State)","PINEY BRANCH RD","PHILADELPHIA AVE",,"N/A","OTHER","SINGLE VEHICLE","CLEAR","DRY","DARK LIGHTS ON","PERSON","UNKNOWN","N/A","67E506EE-B483-45E3-B3A6-F36749345583","OTHER","Standing","NO IMPROPER ACTIONS","ON ROADWAY NOT AT CROSSWALK","No","POSSIBLE INJURY","REFLECTIVE CLOTHING","38.98354667","-77.01549167","    (38.98354667, -77.01549167)"
"MCP2767005X","190010497","Montgomery County Police","Injury Crash","03/06/2019 05:33:00 PM",,,,"PARKING LOT OF 11160 VEIRS MILL ROAD, WHEATON MD",,"PEDESTRIAN","SINGLE VEHICLE","CLEAR",,"DAYLIGHT","NO CONTROLS","NONE DETECTED","NONE DETECTED","123ACEA3-5B45-4E94-9503-E92C1D9D91B6","PEDESTRIAN","Cross/Enter not at Intersection","DART DASH","OUTSIDE RIGHT OF WAY","Yes","SUSPECTED MINOR INJURY","NONE","39.03570333","-77.05573833","    (39.03570333, -77.05573833)"
"MCP26410016","190010359","Montgomery County Police","Injury Crash","03/05/2019 10:05:00 PM","County","MIDDLEBROOK RD","FREDERICK RD",,"N/A","PEDESTRIAN","SINGLE VEHICLE","CLEAR","DRY","DARK LIGHTS ON","TRAFFIC SIGNAL","NONE DETECTED","ALCOHOL PRESENT","283090F4-2584-4112-B254-C207FB5CAA01","PEDESTRIAN","Cross/Enter at Intersection","INATTENTIVE","UNKNOWN","Unknown","POSSIBLE INJURY","N/A","39.18082667","-77.23877667","    (39.18082667, -77.23877667)"
"DD5604002Q","190010318","Rockville Police Departme","Injury Crash","03/05/2019 07:53:00 AM","Municipality","N WASHINGTON ST","DAWSON AVE",,"ROCKVILLE","PEDESTRIAN","OTHER","CLEAR","DRY","DARK LIGHTS ON","NO CONTROLS","NONE DETECTED","NONE DETECTED","8E4617F9-04EC-4210-B74C-21EC025F5D32","PEDESTRIAN","Cross/Enter not at Intersection","IN ROADWAY IMPROPERLY","ON ROADWAY NOT AT CROSSWALK","Yes","POSSIBLE INJURY","NONE","39.08894833","-77.153605","    (39.08894833, -77.153605)"
"DD5620003Q","190010161","Rockville Police Departme","Injury Crash","03/04/2019 07:30:00 PM","Municipality","N WASHINGTON ST","BEALL AVE #2",,"ROCKVILLE","PEDESTRIAN","OTHER","CLEAR","DRY","DARK LIGHTS ON","TRAFFIC SIGNAL","N/A","NONE DETECTED","6F996E75-121A-4364-AA3A-146C2839AE6A","PEDESTRIAN","Cross/Enter at Intersection","NO IMPROPER ACTIONS","AT INTERSECTION MARKED CROSSWALK","No","POSSIBLE INJURY","NONE","39.08810917","-77.15384","    (39.08810917, -77.15384)"
"MCP30850013","190010007","Montgomery County Police","Injury Crash","03/03/2019 06:50:00 PM","County","CANDLELIGHT LA","TUCKERMAN LA",,"N/A","PEDESTRIAN","SINGLE VEHICLE","RAINING","WET","DARK LIGHTS ON","N/A","UNKNOWN","NONE DETECTED","3C0F4C8D-5FE2-4CA0-BC2F-E87CE9812393","PEDESTRIAN","Cross/Enter at Intersection","NO IMPROPER ACTIONS","AT INTERSECTION BUT NO CROSSWALK","No","POSSIBLE INJURY","N/A","39.04152562","-77.16875628","    (39.04152562, -77.16875628)"
"MCP2977005G","190009951","Montgomery County Police","Injury Crash","03/03/2019 10:42:00 AM","County","FLOWER AVE","PINEY BRANCH RD",,"N/A","BICYCLIST","OTHER","CLOUDY","DRY","DAYLIGHT","NO CONTROLS","N/A","N/A","96629F07-CE3A-4C30-BFD4-F8E270C4FE30","BICYCLIST","Walking/Riding w/Traffic","INATTENTIVE","ON ROADWAY NOT AT CROSSWALK","Yes","POSSIBLE INJURY","MC/BIKE HELMET","38.99888357","-77.00375319","    (38.99888357, -77.00375319)"
"MCP30760022","190009838","Montgomery County Police","Property Damage Crash","03/02/2019 02:10:00 PM","County","THAYER AVE","DALE DR",,"N/A","OTHER","SINGLE VEHICLE","CLEAR","DRY","DAYLIGHT","NO CONTROLS","ALCOHOL PRESENT","NONE DETECTED","B6571D05-F83F-4E46-9BA4-7F3078CD4550","OTHER","Other","NO IMPROPER ACTIONS","INSIDE BUILDING","No","NO APPARENT INJURY","NONE","38.9942915","-77.01051767","    (38.9942915, -77.01051767)"
"MCP24450009","190009816","Montgomery County Police","Injury Crash","03/02/2019 12:19:00 PM","County","LEAMAN FARM RD","DAVENTRY WAY",,"N/A","PEDESTRIAN","SINGLE VEHICLE","CLEAR","DRY","DAYLIGHT","NO CONTROLS","NONE DETECTED","NONE DETECTED","F0D8A486-1269-4FAB-9265-4CF263B385DC","PEDESTRIAN","Cross/Enter not at Intersection","DART DASH","ON ROADWAY NOT AT CROSSWALK","Yes","SUSPECTED MINOR INJURY","NONE","39.1580955","-77.2788765","    (39.1580955, -77.2788765)"
"MCP3134001J","190009493","Montgomery County Police","Injury Crash","02/28/2019 11:07:00 AM","Maryland (State)","UNIVERSITY BLVD W","LORAIN AVE",,"N/A","PEDESTRIAN","OTHER","CLEAR","DRY","DAYLIGHT","NO CONTROLS","N/A","N/A","21DC5759-448A-4630-AA90-58953EAFA986","PEDESTRIAN","Cross/Enter not at Intersection","N/A","SIDEWALK","No","SUSPECTED MINOR INJURY","NONE","39.02138333","-77.01427833","    (39.02138333, -77.01427833)"
"MCP1334007K","190009468","Montgomery County Police","Injury Crash","02/28/2019 09:01:00 AM","County","FLOWER HILL WAY","TEA ROSE DR",,"N/A","PEDESTRIAN","SINGLE VEHICLE","CLEAR","DRY","DAYLIGHT","NO CONTROLS","NONE DETECTED","NONE DETECTED","0A793C60-68FB-41BE-8F68-3637D4153B77","PEDESTRIAN","Cross/Enter at Intersection","NO IMPROPER ACTIONS","ON ROADWAY AT CROSSWALK","No","SUSPECTED MINOR INJURY","REFLECTIVE CLOTHING","39.14982667","-77.23458333","    (39.14982667, -77.23458333)"
"EJ78600020","190009244","Gaithersburg Police Depar","Injury Crash","02/26/2019 10:52:00 PM","County","MUDDY BRANCH RD","HARMONY HALL RD",,"N/A","PEDESTRIAN","N/A","CLEAR","DRY","DARK LIGHTS ON","NO CONTROLS","NONE DETECTED","ALCOHOL PRESENT","697667B5-63A8-4EC8-9726-B719C5708FB0","PEDESTRIAN","Cross/Enter not at Intersection","IN ROADWAY IMPROPERLY","ON ROADWAY NOT AT CROSSWALK","Yes","POSSIBLE INJURY","NONE","39.136855","-77.20563167","    (39.136855, -77.20563167)"
"MCP29950048","190009228","Montgomery County Police","Injury Crash","02/26/2019 06:26:00 PM","County","BEL PRE RD","NORTH GATE DR",,"N/A","PEDESTRIAN","OTHER","CLEAR","N/A","DARK LIGHTS ON","OTHER","UNKNOWN","NONE DETECTED","E8A46667-1F78-4D82-88BD-1ED2028EEDA5","PEDESTRIAN","Cross/Enter not at Intersection","NO IMPROPER ACTIONS","ON ROADWAY AT CROSSWALK","No","SUSPECTED SERIOUS INJURY","NONE","39.09190667","-77.06920667","    (39.09190667, -77.06920667)"
"MCP3029002H","190009183","Montgomery County Police","Injury Crash","02/26/2019 05:07:00 PM","Maryland (State)","NEW HAMPSHIRE AVE","LOCKWOOD DR",,"N/A","PEDESTRIAN","OTHER","CLEAR","DRY","DAYLIGHT","TRAFFIC SIGNAL","NONE DETECTED","UNKNOWN","EBAA3061-AA47-4FDE-AD4F-FF4F6BCE6D96","PEDESTRIAN","Cross/Enter at Intersection","DART DASH","AT INTERSECTION MARKED CROSSWALK","Yes","SUSPECTED SERIOUS INJURY","NONE","39.03998","-76.990695","    (39.03998, -76.990695)"
"DD5611005Q","190009051","Rockville Police Departme","Injury Crash","02/25/2019 08:09:00 PM","Municipality","ROLLINS AVE","ROCKVILLE PIKE",,"N/A","BICYCLIST","OTHER","CLEAR","DRY","DARK LIGHTS ON","N/A","NONE DETECTED","NONE DETECTED","7720A6BF-C4F0-40F8-B09C-8A716B1A8950","BICYCLIST","Walking/Riding w/Traffic","UNKNOWN","ON ROADWAY NOT AT CROSSWALK","Yes","POSSIBLE INJURY","MC/BIKE HELMET","39.05884833","-77.12208333","    (39.05884833, -77.12208333)"
"MCP3003003C","190008966","Montgomery County Police","Injury Crash","02/25/2019 12:58:00 PM","County","EDSON LA","STRAND DR",,"N/A","PEDESTRIAN","SINGLE VEHICLE","CLEAR","DRY","DAYLIGHT","STOP SIGN","NONE DETECTED","NONE DETECTED","C18914F9-82C4-4459-91D2-10B42D1EBF3A","PEDESTRIAN","Cross/Enter at Intersection","UNKNOWN","AT INTERSECTION BUT NO CROSSWALK","No","SUSPECTED MINOR INJURY","N/A","39.04055833","-77.11537333","    (39.04055833, -77.11537333)"
"MCP30760021","190008899","Montgomery County Police","Injury Crash","02/25/2019 06:35:00 AM","Maryland (State)","EAST WEST HWY","COLESVILLE RD",,"N/A","PEDESTRIAN","STRAIGHT MOVEMENT ANGLE","CLEAR","DRY","DAWN","TRAFFIC SIGNAL","NONE DETECTED","NONE DETECTED","5ECDC9B8-9280-4C34-A384-16932EB9266E","PEDESTRIAN","Cross/Enter at Intersection","NO IMPROPER ACTIONS","ON ROADWAY AT CROSSWALK","No","POSSIBLE INJURY","NONE","38.99202883","-77.0304305","    (38.99202883, -77.0304305)"
"MCP2939003C","190008759","Montgomery County Police","Injury Crash","02/23/2019 11:08:00 PM","County","LITTLE SENECA PKWY","CROSSOVER",,"N/A","PEDESTRIAN","OTHER","CLEAR","WET","DARK LIGHTS ON","N/A","N/A","ALCOHOL PRESENT","0415163C-FD4E-47FF-B828-79B3451BD6FE","PEDESTRIAN","N/A","UNKNOWN","ON ROADWAY AT CROSSWALK","Unknown","POSSIBLE INJURY","NONE","39.230205","-77.252355","    (39.230205, -77.252355)"
"MCP2917003Q","190008744","Montgomery County Police","Injury Crash","02/23/2019 08:10:00 PM","Maryland (State)","GEORGIA AVE","HEATHFIELD RD",,"N/A","PEDESTRIAN","SAME DIRECTION LEFT TURN","RAINING","WET","DARK NO LIGHTS","NO CONTROLS","NONE DETECTED","NONE DETECTED","60FB7AF8-EB40-4391-8E96-D7BA90690165","PEDESTRIAN","Cross/Enter at Intersection","NO IMPROPER ACTIONS","ON ROADWAY AT CROSSWALK","No","SUSPECTED MINOR INJURY","NONE","39.08792833","-77.07951167","    (39.08792833, -77.07951167)"
"MCP26070041","190008741","Montgomery County Police","Injury Crash","02/23/2019 07:20:00 PM","Maryland (State)","WOODFIELD RD","FLOWER HILL WAY",,"N/A","PEDESTRIAN","OTHER","RAINING","WET","DARK LIGHTS ON","TRAFFIC SIGNAL","NONE DETECTED","NONE DETECTED","DCD146A0-6C2D-429B-BA5E-7CE9A3058871","PEDESTRIAN","Cross/Enter at Intersection","FAILURE TO OBEY TRAFFIC SIGNS SIGNALS OR OFFICER","ON ROADWAY AT CROSSWALK","Yes","SUSPECTED MINOR INJURY","NONE","39.15565333","-77.16498833","    (39.15565333, -77.16498833)"
"MCP31480013","190008589","Montgomery County Police","Injury Crash","02/22/2019 08:08:00 PM","County","PARKLAWN DR","BOILING BROOK PKWY",,"N/A","PEDESTRIAN","OTHER","CLEAR","DRY","DARK LIGHTS ON","TRAFFIC SIGNAL","NONE DETECTED","NONE DETECTED","F3E2C787-DAD5-4168-B54C-F737C5D5B98E","PEDESTRIAN","Cross/Enter at Intersection","NO IMPROPER ACTIONS","ON ROADWAY AT CROSSWALK","No","POSSIBLE INJURY","NONE","39.04882667","-77.10184833","    (39.04882667, -77.10184833)"