"Report Number","Local Case Number","Agency Name","ACRS Report Type","Crash Date/Time","Route Type","Road Name","Cross-Street Name","Off-Road Description","Municipality","Related Non-Motorist","Collision Type","Weather","Surface Condition","Light","Traffic Control","Driver Substance Abuse","Non-Motorist Substance Abuse","Person ID","Pedestrian Type","Pedestrian Movement","Pedestrian Actions","Pedestrian Location","At Fault","Injury Severity","Safety Equipment","Latitude","Longitude","Location"
"MCP1366008T","190008300","Montgomery County Police","Injury Crash","02/21/2019 12:16:00 PM",,,,"WASTE TRANSFER STATION PARKING LOT
16101 FREDERICK RD
ROCKVILLE, MD 20855",,"PEDESTRIAN","OTHER","CLEAR",,"DAYLIGHT","N/A","NONE DETECTED","NONE DETECTED","5EFF8CA1-F1E3-493D-A8ED-EF79307EE345","PEDESTRIAN","Standing","NO IMPROPER ACTIONS","OTHER","No","SUSPECTED MINOR INJURY","N/A","39.121395","-77.17047333","    (39.121395, -77.17047333)"
"DD5625001X","190008171","Rockville Police Departme","Injury Crash","02/20/2019 10:50:00 AM",,,,"PARKING LOT OF 797 ROCKVILLE PIKE",,"PEDESTRIAN","OTHER","SNOW",,"DAYLIGHT","N/A","UNKNOWN","NONE DETECTED","2BEE8F8F-ACC5-4661-9E85-8E4B6FBD1A4A","PEDESTRIAN","Other","INATTENTIVE","OTHER","No","POSSIBLE INJURY","N/A","39.07696736","-77.14010649","    (39.07696736, -77.14010649)"
"MCP25940053","190008179","Montgomery County Police","Injury Crash","02/20/2019 08:57:00 AM",,,,"ALLEY BEHIND NEW HAMPSHIRE AVE",,"PEDESTRIAN","OTHER","SNOW",,"DAYLIGHT","NO CONTROLS","NONE DETECTED","NONE DETECTED","1EBE7F3A-A5C2-432C-B140-7586A4E1D8A5","PEDESTRIAN","Other","OTHER","OTHER","No","SUSPECTED MINOR INJURY","NONE","39.12263533","-77.0006365","    (39.12263533, -77.0006365)"
"MCP3064001T","190007943","Montgomery County Police","Injury Crash","02/19/2019 07:30:00 AM","County","MONTICELLO AVE","KERSEY RD",,"N/A","PEDESTRIAN","SINGLE VEHICLE","CLEAR","DRY","DAYLIGHT","STOP SIGN","NONE DETECTED","NONE DETECTED","D1D9EDFB-7C38-4B77-A3C2-8B4801E49747","PEDESTRIAN","Cross/Enter at Intersection","OTHER","AT INTERSECTION BUT NO CROSSWALK","No","SUSPECTED MINOR INJURY","NONE","39.043759","-77.02953433","    (39.043759, -77.02953433)"
"MCP15540041","190007886","Montgomery County Police","Injury Crash","02/18/2019 05:27:00 PM","County","CRABBS BRANCH WAY","ENT TO MONT CO DEPT OF TRANS",,"N/A","PEDESTRIAN","SINGLE VEHICLE","CLEAR","DRY","DAYLIGHT","TRAFFIC SIGNAL","NONE DETECTED","NONE DETECTED","ED6B92C3-7AFC-49FA-8729-3CAF2708C697","PEDESTRIAN","Other","NO IMPROPER ACTIONS","INSIDE BUILDING","No","POSSIBLE INJURY","N/A","39.12444333","-77.16421167","    (39.12444333, -77.16421167)"
"MCP15540041","190007886","Montgomery County Police","Injury Crash","02/18/2019 05:27:00 PM","County","CRABBS BRANCH WAY","ENT TO MONT CO DEPT OF TRANS",,"N/A","PEDESTRIAN","SINGLE VEHICLE","CLEAR","DRY","DAYLIGHT","TRAFFIC SIGNAL","NONE DETECTED","NONE DETECTED","EF5D11DC-6906-4B6D-8C08-77FEC5C5F63B","PEDESTRIAN","Other","NO IMPROPER ACTIONS","INSIDE BUILDING","No","POSSIBLE INJURY","N/A","39.12444333","-77.16421167","    (39.12444333, -77.16421167)"
"MCP2935001S","190007777","Montgomery County Police","Injury Crash","02/17/2019 08:00:00 PM",,,,"INSIDE MONTGOMERY COUNTY PARKING GARAGE #4 ON 2ND LEVEL, LOCATED AT 8110 FENTON STREET",,"PEDESTRIAN","OTHER","N/A",,"DARK LIGHTS ON","N/A",,"NONE DETECTED","DC6AA1C0-7818-482F-8723-F59A499D4850","PEDESTRIAN","Getting off/on Vehicle","NO IMPROPER ACTIONS","OTHER","No","SUSPECTED MINOR INJURY","NONE","38.99167","-77.02514667","    (38.99167, -77.02514667)"
"MCP0973000Z","190007771","Montgomery County Police","Injury Crash","02/17/2019 06:33:00 PM","County","HILLANDALE RD","BRADLEY BLVD",,"N/A","PEDESTRIAN","SINGLE VEHICLE","CLOUDY","WET","DARK LIGHTS ON","TRAFFIC SIGNAL","NONE DETECTED","NONE DETECTED","7853A7EC-3997-4FBF-9406-6C42D60D8265","PEDESTRIAN","Cross/Enter at Intersection","NO IMPROPER ACTIONS","ON ROADWAY AT CROSSWALK","No","SUSPECTED MINOR INJURY","NONE","38.97799833","-77.09684833","    (38.97799833, -77.09684833)"
"HA24510004","19000402","Maryland-National Capital","Injury Crash","02/17/2019 06:30:00 PM","Government","BEACH DR","CROSSOVER TO GV 48 - NO NAME",,"N/A","BICYCLIST","ANGLE MEETS LEFT HEAD ON","RAINING","WET","DARK LIGHTS ON","STOP SIGN","N/A","N/A","A582DE2D-2D52-4661-9E5A-8610D4A8338A","BICYCLIST","Walking/Riding against Traffic","WRONG WAY RIDING OR WALKING","OTHER","Yes","SUSPECTED SERIOUS INJURY","MC/BIKE HELMET","38.99944503","-77.03036728","    (38.99944503, -77.03036728)"
"MCP2348004S","190007483","Montgomery County Police","Injury Crash","02/15/2019 08:28:00 PM","County","CONNECTICUT AVE SERVICE RD","CONNECTICUT AVE",,"N/A","PEDESTRIAN","SINGLE VEHICLE","CLEAR","DRY","DARK LIGHTS ON","TRAFFIC SIGNAL","NONE DETECTED","NONE DETECTED","3065003D-57AB-47E8-82F0-17C8AC2850CD","PEDESTRIAN","Cross/Enter at Intersection","NO IMPROPER ACTIONS","ON ROADWAY AT CROSSWALK","No","SUSPECTED SERIOUS INJURY","N/A","39.05168167","-77.07465333","    (39.05168167, -77.07465333)"
"MCP30790021","190007453","Montgomery County Police","Injury Crash","02/15/2019 04:56:00 PM","County","LIBERTY MILL RD","SPARKLING WATER DR",,"N/A","BICYCLIST","OTHER","CLEAR","DRY","DAYLIGHT","NO CONTROLS","NONE DETECTED","NONE DETECTED","DFB6CEF1-8E29-4587-B7C8-EC1781B5D559","BICYCLIST","Cross/Enter at Intersection","NO IMPROPER ACTIONS","ON ROADWAY NOT AT CROSSWALK","No","SUSPECTED MINOR INJURY","NONE","39.1643725","-77.27915533","    (39.1643725, -77.27915533)"
"MCP2689005C","19007418","Montgomery County Police","Injury Crash","02/15/2019 02:46:00 PM",,,,"PARKING LOT OF DOLLAR GENERAL, 19718 FISHER AVE, POOLESVILLE, MD 20837",,"PEDESTRIAN","SINGLE VEHICLE","CLOUDY",,"DAYLIGHT","NO CONTROLS","NONE DETECTED","NONE DETECTED","8A6C76BC-3B8F-47E4-8041-8CA3E69E2324","PEDESTRIAN","Other","NO IMPROPER ACTIONS","OTHER","No","POSSIBLE INJURY","NONE","39.14492667","-77.41332833","    (39.14492667, -77.41332833)"
"DM8434001Q","190007387","Takoma Park Police Depart","Injury Crash","02/15/2019 12:41:00 PM",,,,"PARKING LOT WELLS FARGO
1175 UNIVERSITY BLVD E",,"PEDESTRIAN","SINGLE VEHICLE","CLEAR",,"DAYLIGHT","OTHER","NONE DETECTED","NONE DETECTED","70A2212E-6CBF-4F8B-831A-CBFE51197272","PEDESTRIAN","Other","UNKNOWN","ON ROADWAY AT CROSSWALK","No","POSSIBLE INJURY","NONE","38.98933333","-76.98869833","    (38.98933333, -76.98869833)"
"MCP26860036","190007279","Montgomery County Police","Injury Crash","02/14/2019 06:20:00 PM","Maryland (State)","CLOPPER RD","GREAT SENECA HWY",,"N/A","PEDESTRIAN","OTHER","CLEAR","DRY","DARK NO LIGHTS","TRAFFIC SIGNAL","NONE DETECTED","NONE DETECTED","D0B9CB96-13E5-40A5-8F61-5FFD8EE132FE","PEDESTRIAN","Cross/Enter at Intersection","NOT VISIBLE","AT INTERSECTION MARKED CROSSWALK","No","SUSPECTED MINOR INJURY","NONE","39.15939833","-77.27593","    (39.15939833, -77.27593)"
"MCP1565003C","190007165","Montgomery County Police","Injury Crash","02/14/2019 06:31:00 AM","County","PARKLAND DR","ASPEN HILL RD",,"N/A","PEDESTRIAN","OTHER","CLEAR","DRY","DARK LIGHTS ON","TRAFFIC SIGNAL","NONE DETECTED","NONE DETECTED","0A797E9D-D5A8-4772-AACB-3F705B39AF81","PEDESTRIAN","Cross/Enter at Intersection","NO IMPROPER ACTIONS","ON ROADWAY AT CROSSWALK","No","SUSPECTED SERIOUS INJURY","N/A","39.07909","-77.08739667","    (39.07909, -77.08739667)"
"MCP2853005R","190007242","Montgomery County Police","Injury Crash","02/14/2019 04:19:00 AM","Maryland (State)","UNIVERSITY BLVD W","LEXINGTON ST",,"N/A","PEDESTRIAN","OTHER","CLEAR","DRY","N/A","TRAFFIC SIGNAL","N/A","N/A","AA48C951-CCB5-4C11-87A3-2FDC82C111F6","PEDESTRIAN","Cross/Enter at Intersection","FAILURE TO OBEY TRAFFIC SIGNS SIGNALS OR OFFICER","ON ROADWAY AT CROSSWALK","Yes","SUSPECTED MINOR INJURY","N/A","39.01957","-77.01117833","    (39.01957, -77.01117833)"
"MCP2853005R","190007242","Montgomery County Police","Injury Crash","02/14/2019 04:19:00 AM","Maryland (State)","UNIVERSITY BLVD W","LEXINGTON ST",,"N/A","PEDESTRIAN","OTHER","CLEAR","DRY","N/A","TRAFFIC SIGNAL","N/A","N/A","2F651CFE-4F38-4864-91F0-DFA59DBB4930","PEDESTRIAN","Cross/Enter at Intersection","FAILURE TO OBEY TRAFFIC SIGNS SIGNALS OR OFFICER","ON ROADWAY AT CROSSWALK","Yes","SUSPECTED SERIOUS INJURY","N/A","39.01957","-77.01117833","    (39.01957, -77.01117833)"
"MCP2789005L","190007068","Montgomery County Police","Property Damage Crash","02/13/2019 04:20:00 PM",,,,"PARKING LOT OF FLORA SINGER ELEMENTARY SCHOOL",,"PEDESTRIAN","SINGLE VEHICLE","CLEAR",,"DAYLIGHT","PERSON","UNKNOWN","N/A","B3F3ECAA-D4A2-48B0-9613-D424BFAD98BB","PEDESTRIAN","Other Working","NO IMPROPER ACTIONS","OTHER","No","NO APPARENT INJURY","N/A","39.00571","-77.03852167","    (39.00571, -77.03852167)"
"DD5604002N","190006963","Rockville Police Departme","Injury Crash","02/13/2019 08:02:00 AM","Municipality","CRABB AVE","N HORNERS LA",,"ROCKVILLE","PEDESTRIAN","OTHER","CLEAR","WET","DAYLIGHT","STOP SIGN","NONE DETECTED","NONE DETECTED","BD842445-17FE-4816-BDCF-D99B4C6B60CE","PEDESTRIAN","Cross/Enter at Intersection","NO IMPROPER ACTIONS","ON ROADWAY AT CROSSWALK","No","SUSPECTED MINOR INJURY","NONE","39.088625","-77.14336333","    (39.088625, -77.14336333)"
"MCP3029002G","190006893","Montgomery County Police","Injury Crash","02/12/2019 05:00:00 PM",,,,"IHOP PARKING LOT",,"PEDESTRIAN","N/A","RAINING",,"DAYLIGHT","NO CONTROLS","N/A","NONE DETECTED","60321D68-6F98-479D-B81B-3103086FC32A","PEDESTRIAN","Other","NO IMPROPER ACTIONS","OTHER","No","POSSIBLE INJURY","NONE","39.05631223","-76.96647021","    (39.05631223, -76.96647021)"
"MCP2789005K","190006883","Montgomery County Police","Injury Crash","02/12/2019 04:50:00 PM","US (State)","GEORGIA AVE","THAYER AVE",,"N/A","PEDESTRIAN","SINGLE VEHICLE","RAINING","WET","DAWN","TRAFFIC SIGNAL","N/A","N/A","5D33E64D-5C08-4CB9-8AB1-7F3E18922101","PEDESTRIAN","Cross/Enter at Intersection","FAILURE TO OBEY TRAFFIC SIGNS SIGNALS OR OFFICER","AT INTERSECTION MARKED CROSSWALK","Yes","POSSIBLE INJURY","N/A","38.99114333","-77.026995","    (38.99114333, -77.026995)"
"MCP3117001L","190006889","Montgomery County Police","Injury Crash","02/12/2019 04:30:00 PM","County","E JEFFERSON ST","CALIFORNIA CIR",,"N/A","PEDESTRIAN","OTHER","RAINING","WET","DAYLIGHT","TRAFFIC SIGNAL","UNKNOWN","NONE DETECTED","C3A07A2D-2E7D-41E2-861D-6A5A2D4CC2E9","PEDESTRIAN","Cross/Enter not at Intersection","INATTENTIVE","ON ROADWAY AT CROSSWALK","Yes","SUSPECTED MINOR INJURY","NONE","39.05679204","-77.12623028","    (39.05679204, -77.12623028)"
"MCP137800PQ","190006725","Montgomery County Police","Injury Crash","02/11/2019 06:14:00 PM","County","MONTGOMERY VILLAGE AVE","CROSSOVER",,"N/A","PEDESTRIAN","SINGLE VEHICLE","RAINING","WET","DARK LIGHTS ON","NO CONTROLS","NONE DETECTED","NONE DETECTED","DC070AD4-673D-4CB2-ABC2-DB1CBF227BD4","PEDESTRIAN","Cross/Enter at Intersection","NO IMPROPER ACTIONS","AT INTERSECTION BUT NO CROSSWALK","No","POSSIBLE INJURY","NONE","39.16801667","-77.20546667","    (39.16801667, -77.20546667)"
"MCP137800PQ","190006725","Montgomery County Police","Injury Crash","02/11/2019 06:14:00 PM","County","MONTGOMERY VILLAGE AVE","CROSSOVER",,"N/A","PEDESTRIAN","SINGLE VEHICLE","RAINING","WET","DARK LIGHTS ON","NO CONTROLS","NONE DETECTED","NONE DETECTED","F5784507-C623-4DD6-977A-38E9E2E3EDFF","PEDESTRIAN","Cross/Enter at Intersection","NO IMPROPER ACTIONS","AT INTERSECTION BUT NO CROSSWALK","No","POSSIBLE INJURY","NONE","39.16801667","-77.20546667","    (39.16801667, -77.20546667)"
"MCP3084002Y","190006658","Montgomery County Police","Injury Crash","02/11/2019 11:08:00 AM","County","DEMOCRACY BLVD","FERNWOOD RD",,"N/A","PEDESTRIAN","OTHER","RAINING","WET","DAYLIGHT","TRAFFIC SIGNAL","NONE DETECTED","NONE DETECTED","577890A2-25CD-4E11-958E-1D1255762759","PEDESTRIAN","Cross/Enter at Intersection","NO IMPROPER ACTIONS","ON ROADWAY AT CROSSWALK","No","POSSIBLE INJURY","NONE","39.02203833","-77.13535","    (39.02203833, -77.13535)"
"MCP29890015","190006619","Montgomery County Police","Injury Crash","02/11/2019 04:16:00 AM","Maryland (State)","EAST WEST HWY","COLESVILLE RD",,"N/A","PEDESTRIAN","OTHER","RAINING","WET","DARK LIGHTS ON","TRAFFIC SIGNAL","N/A","COMBINED SUBSTANCE PRESENT","69664A32-5D14-4BB9-A745-6A7345C74BE0","PEDESTRIAN","Cross/Enter at Intersection","IN ROADWAY IMPROPERLY","ON ROADWAY AT CROSSWALK","Yes","SUSPECTED MINOR INJURY","NONE","38.99380083","-77.03250967","    (38.99380083, -77.03250967)"
"MCP2683003M","190006583","Montgomery County Police","Fatal Crash","02/10/2019 06:47:00 PM","County","MONTGOMERY VILLAGE AVE","MIDCOUNTY HWY",,"N/A","PEDESTRIAN","SINGLE VEHICLE","CLEAR","DRY","DARK -- UNKNOWN LIGHTING","TRAFFIC SIGNAL","NONE DETECTED","NONE DETECTED","20CB216B-C882-4987-8311-8C16EF1FB39C","PEDESTRIAN","Unknown","UNKNOWN","ON ROADWAY AT CROSSWALK","Unknown","FATAL INJURY","NONE","39.15796833","-77.201475","    (39.15796833, -77.201475)"
"MCP2894005H","190006431","Montgomery County Police","Injury Crash","02/09/2019 02:07:00 PM",,,,"4816 BOILING BROOK PKWY, GOODWILL PARKING LOT",,"PEDESTRIAN","SAME DIR REAR END","CLEAR",,"DAYLIGHT","NO CONTROLS",,"NONE DETECTED","26C440B4-284A-4244-A00D-BEB01487AB64","PEDESTRIAN","Other","NO IMPROPER ACTIONS","OTHER","No","POSSIBLE INJURY","N/A","39.04524333","-77.11300833","    (39.04524333, -77.11300833)"
"MCP2894005H","190006431","Montgomery County Police","Injury Crash","02/09/2019 02:07:00 PM",,,,"4816 BOILING BROOK PKWY, GOODWILL PARKING LOT",,"PEDESTRIAN","SAME DIR REAR END","CLEAR",,"DAYLIGHT","NO CONTROLS",,"NONE DETECTED","E14B945C-EEB9-410D-BB1E-FC3A2A0B29EE","PEDESTRIAN","Other","NO IMPROPER ACTIONS","OTHER","No","POSSIBLE INJURY","N/A","39.04524333","-77.11300833","    (39.04524333, -77.11300833)"
"MCP2894005H","190006431","Montgomery County Police","Injury Crash","02/09/2019 02:07:00 PM",,,,"4816 BOILING BROOK PKWY, GOODWILL PARKING LOT",,"PEDESTRIAN","SAME DIR REAR END","CLEAR",,"DAYLIGHT","NO CONTROLS",,"NONE DETECTED","3F4E54C9-5313-4899-ABEE-8239F5ADB399","PEDESTRIAN","Other","NO IMPROPER ACTIONS","OTHER","No","POSSIBLE INJURY","N/A","39.04524333","-77.11300833","    (39.04524333, -77.11300833)"
"EJ78700015","190006315","Gaithersburg Police Depar","Injury Crash","02/08/2019 06:14:00 PM","Municipality","CHRISTOPHER AVE","RUSSELL AVE",,"GAITHERSBURG","PEDESTRIAN","SINGLE VEHICLE","CLEAR","DRY","DARK LIGHTS ON","TRAFFIC SIGNAL","NONE DETECTED","NONE DETECTED","FD182218-5AA2-4B2D-AD77-7948BB4A28A7","PEDESTRIAN","Cross/Enter at Intersection","NO IMPROPER ACTIONS","ON ROADWAY AT CROSSWALK","No","SUSPECTED MINOR INJURY","NONE","39.15776384","-77.21331016","    (39.15776384, -77.21331016)"
"MCP2967003M","190006276","Montgomery County Police","Injury Crash","02/08/2019 02:43:00 PM","Maryland (State)","WISCONSIN AVE","LELAND ST",,"N/A","PEDESTRIAN","SINGLE VEHICLE","CLEAR","DRY","DAYLIGHT","TRAFFIC SIGNAL","N/A","N/A","3E355A43-67DF-4C84-AEAE-8414646AD5DE","PEDESTRIAN","Cross/Enter at Intersection","NO IMPROPER ACTIONS","ON ROADWAY AT CROSSWALK","No","SUSPECTED MINOR INJURY","N/A","38.97976333","-77.09187","    (38.97976333, -77.09187)"
"MCP3140000W","190006174","Montgomery County Police","Injury Crash","02/07/2019 10:12:00 PM",,,,"PARKING LOT IN FRONT OF 8038 INVERNESS RIDGE ROAD, POTOMAC, MD 20854",,"OTHER","OTHER","FOGGY",,"DARK LIGHTS ON","N/A","N/A","N/A","24BDCE09-380C-4E2C-B011-028BBEA38667","OTHER","Other","NO IMPROPER ACTIONS","OTHER","No","POSSIBLE INJURY","N/A","39.03020159","-77.16341202","    (39.03020159, -77.16341202)"
"MCP2348004R","190005965","Montgomery County Police","Injury Crash","02/06/2019 07:37:00 PM","Maryland (State)","UNIVERSITY BLVD W","SLIGO CREEK PKWY",,"N/A","PEDESTRIAN","SINGLE VEHICLE","RAINING","WET","DARK LIGHTS ON","TRAFFIC SIGNAL","NONE DETECTED","NONE DETECTED","E6E1BCDD-65B7-42CE-A28C-BF7C2B811055","PEDESTRIAN","Cross/Enter at Intersection","NO IMPROPER ACTIONS","ON ROADWAY AT CROSSWALK","No","SUSPECTED MINOR INJURY","NONE","39.03643667","-77.03033","    (39.03643667, -77.03033)"
"MCP27220033","190005955","Montgomery County Police","Injury Crash","02/06/2019 06:45:00 PM","County","CONNECTICUT AVE","GEORGIA AVE",,"N/A","PEDESTRIAN","SINGLE VEHICLE","RAINING","WET","DARK LIGHTS ON","TRAFFIC SIGNAL","N/A","N/A","1F8328BB-54E0-40CB-9797-F385FEC22954","PEDESTRIAN","Cross/Enter at Intersection","NO IMPROPER ACTIONS","AT INTERSECTION MARKED CROSSWALK","No","SUSPECTED MINOR INJURY","NONE","39.08376417","-77.07760769","    (39.08376417, -77.07760769)"
"DD5604002L","190005952","Rockville Police Departme","Injury Crash","02/06/2019 06:04:00 PM","Municipality","NELSON ST","AZALEA DR",,"ROCKVILLE","PEDESTRIAN","OTHER","RAINING","WET","DARK LIGHTS ON","N/A","NONE DETECTED","NONE DETECTED","438C3BD0-BFB4-4EBE-B66B-C061872ED31A","PEDESTRIAN","N/A","DART DASH","ON ROADWAY AT CROSSWALK","No","SUSPECTED MINOR INJURY","N/A","39.09211","-77.17369","    (39.09211, -77.17369)"
"DD5604002L","190005952","Rockville Police Departme","Injury Crash","02/06/2019 06:04:00 PM","Municipality","NELSON ST","AZALEA DR",,"ROCKVILLE","PEDESTRIAN","OTHER","RAINING","WET","DARK LIGHTS ON","N/A","NONE DETECTED","NONE DETECTED","43FBAC98-C589-4446-8F7C-D3E7006EBD1B","PEDESTRIAN","N/A","DART DASH","ON ROADWAY AT CROSSWALK","No","SUSPECTED MINOR INJURY","N/A","39.09211","-77.17369","    (39.09211, -77.17369)"
"DM8434001P","190005950","Takoma Park Police Depart","Injury Crash","02/06/2019 05:50:00 PM","Municipality","PHILADELPHIA AVE","CEDAR AVE",,"TAKOMA PARK","PEDESTRIAN","SINGLE VEHICLE","RAINING","WET","DARK LIGHTS ON","N/A","NONE DETECTED","NONE DETECTED","76C8DCA2-F4C2-403D-A339-A1F60EAD1ABA","PEDESTRIAN","Cross/Enter at Intersection","DART DASH","ON ROADWAY AT CROSSWALK","No","SUSPECTED SERIOUS INJURY","REFLECTIVE CLOTHING","38.927975","-77.01557667","    (38.927975, -77.01557667)"
"MCP30680027","190005751","Montgomery County Police","Injury Crash","02/06/2019 10:35:00 AM","County","WISCONSIN CIR","WISCONSIN AVE",,"N/A","PEDESTRIAN","N/A","CLEAR","DRY","DARK LIGHTS ON","TRAFFIC SIGNAL","N/A","N/A","32CC3DF7-CD22-4677-BF67-9332CA690A7B","PEDESTRIAN","Cross/Enter at Intersection","NO IMPROPER ACTIONS","AT INTERSECTION MARKED CROSSWALK","No","SUSPECTED MINOR INJURY","N/A","38.96299","-77.08527833","    (38.96299, -77.08527833)"
"MCP25660011","190007371","Montgomery County Police","Injury Crash","02/06/2019 09:30:00 AM",,,,"PARKING LOT OF 
8615 EAST VILLAGE AVENUE
MONTGOMERY VILLAGE MD 20886",,"PEDESTRIAN","SINGLE VEHICLE","N/A",,"DAYLIGHT","NO CONTROLS","UNKNOWN","N/A","DC631581-C891-4804-A81A-968BB473CE99","PEDESTRIAN","Other","NO IMPROPER ACTIONS","OTHER","No","SUSPECTED MINOR INJURY","N/A","39.18508109","-77.17499303","    (39.18508109, -77.17499303)"
"DD56060050","190005833","Rockville Police Departme","Injury Crash","02/06/2019 01:08:00 AM","Maryland (State)","ROCKVILLE PIKE","MONROE PL",,"ROCKVILLE","PEDESTRIAN","SINGLE VEHICLE","N/A","DRY","DARK LIGHTS ON","TRAFFIC SIGNAL","UNKNOWN","ALCOHOL PRESENT","1A1B8BB8-ABA5-4BD6-83C7-820C78854DFE","PEDESTRIAN","Cross/Enter at Intersection","UNKNOWN","ON ROADWAY NOT AT CROSSWALK","Unknown","POSSIBLE INJURY","NONE","39.10505743","-77.34341991","    (39.10505743, -77.34341991)"
"MCP28050038","190005766","Montgomery County Police","Property Damage Crash","02/05/2019 07:05:00 PM","Maryland (State)","MIDCOUNTY HWY","PIER POINT PL",,"N/A","PEDESTRIAN","SINGLE VEHICLE","CLEAR","DRY","DARK LIGHTS ON","NO CONTROLS","NONE DETECTED","ALCOHOL PRESENT","22F78DEC-44EA-43E1-B015-8C9439CA6704","PEDESTRIAN","Cross/Enter at Intersection","IN ROADWAY IMPROPERLY","ON ROADWAY NOT AT CROSSWALK","Yes","NO APPARENT INJURY","N/A","39.15932833","-77.19835333","    (39.15932833, -77.19835333)"
"MCP2954006J","190005761","Montgomery County Police","Injury Crash","02/05/2019 06:40:00 PM","County","DALE DR","WAYNE AVE",,"N/A","PEDESTRIAN","N/A","CLEAR","N/A","DARK LIGHTS ON","TRAFFIC SIGNAL","NONE DETECTED","NONE DETECTED","95533EAB-4C19-411B-9BB0-46E8A5A93C7B","PEDESTRIAN","Cross/Enter at Intersection","NO IMPROPER ACTIONS","ON ROADWAY AT CROSSWALK","No","POSSIBLE INJURY","NONE","38.99886","-77.01747","    (38.99886, -77.01747)"
"MCP2046009K","190005442","Montgomery County Police","Injury Crash","02/04/2019 06:56:00 AM","County","MT PISGAH RD","OAKVIEW DR",,"N/A","PEDESTRIAN","STRAIGHT MOVEMENT ANGLE","CLEAR","DRY","DAWN","STOP SIGN","NONE DETECTED","NONE DETECTED","9A6A174D-01A7-48B6-989E-EC9D34069ABD","PEDESTRIAN","Cross/Enter at Intersection","NO IMPROPER ACTIONS","ON ROADWAY AT CROSSWALK","No","POSSIBLE INJURY","NONE","39.01507333","-76.97736","    (39.01507333, -76.97736)"
"MCP3039003H","190004175","Montgomery County Police","Injury Crash","02/02/2019 08:13:00 PM","Maryland (State)","OLD GEORGETOWN RD","RAMP 5 FR MD 187 SB TO RAMP 4 (TO IS495)",,"N/A","BICYCLIST","STRAIGHT MOVEMENT ANGLE","CLEAR","DRY","DARK LIGHTS ON","TRAFFIC SIGNAL","NONE DETECTED","NONE DETECTED","BCDE5E5A-B48A-4322-A771-E96F98364626","BICYCLIST","Cross/Enter at Intersection","IN ROADWAY IMPROPERLY","ON ROADWAY NOT AT CROSSWALK","Yes","SUSPECTED MINOR INJURY","MC/BIKE HELMET","39.0151414","-77.11881767","    (39.0151414, -77.11881767)"
"EJ78260041","190005219","Gaithersburg Police Depar","Injury Crash","02/02/2019 08:46:00 AM","Municipality","SIOUX LA","BAYRIDGE DR",,"GAITHERSBURG","PEDESTRIAN","OTHER","CLEAR","WET","DAYLIGHT","N/A","N/A","N/A","31980DA3-0C23-49C7-BB5A-DC7DCAC20C41","PEDESTRIAN","Cross/Enter at Intersection","NO IMPROPER ACTIONS","AT INTERSECTION BUT NO CROSSWALK","No","POSSIBLE INJURY","NONE","39.13107333","-77.23439667","    (39.13107333, -77.23439667)"
"MCP09420020","190005034","Montgomery County Police","Injury Crash","01/31/2019 07:35:00 PM","County","WOODMONT AVE","EDGEMOOR LA",,"N/A","PEDESTRIAN","OTHER","CLEAR","DRY","DARK LIGHTS ON","TRAFFIC SIGNAL","UNKNOWN","UNKNOWN","2BF48C11-8A0F-4344-8E7B-840EC0CA8131","PEDESTRIAN","Cross/Enter at Intersection","NO IMPROPER ACTIONS","ON ROADWAY AT CROSSWALK","No","SUSPECTED MINOR INJURY","NONE","38.9847565","-77.09674417","    (38.9847565, -77.09674417)"
"MCP271700MF","190004985","Montgomery County Police","Injury Crash","01/31/2019 07:30:00 PM",,,,"5301 TUCKERMAN LANE (PARKING LOT OF STRATHMORE CONCERT HALL)",,"PEDESTRIAN","OTHER","N/A",,"DARK LIGHTS ON","NO CONTROLS","NONE DETECTED","NONE DETECTED","AC2F2222-F347-4259-BBAC-D79C34C091CD","PEDESTRIAN","Standing","NO IMPROPER ACTIONS","OTHER","No","SUSPECTED MINOR INJURY","NONE","39.03139367","-77.10239017","    (39.03139367, -77.10239017)"
"MCP3045001S","190005685","Montgomery County Police","Injury Crash","01/31/2019 03:55:00 PM","County","FARMLAND DR","OLD STAGE RD",,"N/A","PEDESTRIAN","OTHER","CLEAR","UNKNOWN","DAYLIGHT","SCHOOL ZONE SIGN DEVICE","UNKNOWN","N/A","19CA0FFE-F03F-4A7D-8A8F-AB6C2F84B0C3","PEDESTRIAN","Walking to/from school","IN ROADWAY IMPROPERLY","ON ROADWAY NOT AT CROSSWALK","Yes","SUSPECTED SERIOUS INJURY","NONE","39.0471","-77.1452","    (39.0471, -77.1452)"
"EJ78260040","190004855","Gaithersburg Police Depar","Injury Crash","01/31/2019 09:08:00 AM",,,,"722 HIGHLAND RIDGE AVE",,"PEDESTRIAN","OTHER","CLEAR",,"DAYLIGHT","N/A",,"N/A","5F87E865-B01F-46AF-8A7A-A7FA358F2A73","PEDESTRIAN","Other","OTHER","OTHER","No","POSSIBLE INJURY","N/A","39.12387833","-77.22560667","    (39.12387833, -77.22560667)"
"MCP30020034","190004857","Montgomery County Police","Injury Crash","01/31/2019 08:34:00 AM","Maryland (State)","BRADLEY BLVD","CROSSOVER",,"N/A","PEDESTRIAN","OTHER","CLEAR","DRY","DAYLIGHT","FLASHING TRAFFIC SIGNAL","NONE DETECTED","NONE DETECTED","55C895EC-FF43-4F77-88CD-500F43FF5772","PEDESTRIAN","Cross/Enter not at Intersection","NO IMPROPER ACTIONS","ON ROADWAY AT CROSSWALK","No","SUSPECTED SERIOUS INJURY","NONE","38.97831917","-77.09415067","    (38.97831917, -77.09415067)"
"MCP2087002Q","190004828","Montgomery County Police","Injury Crash","01/31/2019 06:43:00 AM","Maryland (State)","GEORGIA AVE","CONNECTICUT AVE",,"N/A","PEDESTRIAN","SINGLE VEHICLE","CLEAR","DRY","DAWN","TRAFFIC SIGNAL","NONE DETECTED","NONE DETECTED","B1B00341-3E2B-49B9-AF58-C81E2D01486E","PEDESTRIAN","Cross/Enter at Intersection","NO IMPROPER ACTIONS","ON ROADWAY AT CROSSWALK","No","POSSIBLE INJURY","N/A","39.08375333","-77.07751333","    (39.08375333, -77.07751333)"
"MCP2046009H","190004682","Montgomery County Police","Injury Crash","01/30/2019 06:44:00 AM","US (State)","COLUMBIA PIKE","STEWART LA",,"N/A","PEDESTRIAN","STRAIGHT MOVEMENT ANGLE","CLEAR","N/A","DARK LIGHTS ON","TRAFFIC SIGNAL","NONE DETECTED","NONE DETECTED","E0354840-7F4F-4FE8-84D4-9615BD7DE4FD","PEDESTRIAN","Cross/Enter at Intersection","NO IMPROPER ACTIONS","AT INTERSECTION BUT NO CROSSWALK","No","POSSIBLE INJURY","N/A","39.04634667","-76.98751833","    (39.04634667, -76.98751833)"