"Report Number","Local Case Number","Agency Name","ACRS Report Type","Crash Date/Time","Route Type","Road Name","Cross-Street Name","Off-Road Description","Municipality","Related Non-Motorist","Collision Type","Weather","Surface Condition","Light","Traffic Control","Driver Substance Abuse","Non-Motorist Substance Abuse","Person ID","Pedestrian Type","Pedestrian Movement","Pedestrian Actions","Pedestrian Location","At Fault","Injury Severity","Safety Equipment","Latitude","Longitude","Location"
"MCP3160000V","180056359","Montgomery County Police","Injury Crash","11/09/2018 06:30:00 PM","County","WESTLAKE DR","DEMOCRACY BLVD",,"N/A","PEDESTRIAN","SINGLE VEHICLE","RAINING","WET","DARK LIGHTS ON","OTHER","NONE DETECTED","NONE DETECTED","FCC25F64-A363-4069-8D6F-F3F7497E899C","PEDESTRIAN","Cross/Enter at Intersection","NO IMPROPER ACTIONS","ON ROADWAY AT CROSSWALK","No","POSSIBLE INJURY","NONE","39.02276779","-77.15064496","    (39.02276779, -77.15064496)"
"MCP2868002M","180056349","Montgomery County Police","Injury Crash","11/09/2018 05:59:00 PM","Maryland (State)","ROCKVILLE PIKE","MARINELLI RD",,"N/A","PEDESTRIAN","OTHER","RAINING","WET","DARK LIGHTS ON","TRAFFIC SIGNAL","NONE DETECTED","NONE DETECTED","841270CF-73CD-43AD-8017-6FB5CAE0630A","PEDESTRIAN","Cross/Enter at Intersection","NO IMPROPER ACTIONS","AT INTERSECTION MARKED CROSSWALK","No","POSSIBLE INJURY","NONE","39.04725167","-77.112785","    (39.04725167, -77.112785)"
"MCP137800NF","180056286","Montgomery County Police","Injury Crash","11/09/2018 12:27:00 PM","Maryland (State)","CLOPPER RD","METROPOLITAN GROVE RD",,"GAITHERSBURG","PEDESTRIAN","SINGLE VEHICLE","RAINING","WET","DAYLIGHT","TRAFFIC SIGNAL","NONE DETECTED","NONE DETECTED","CF670503-CE2D-45A1-9E07-9F046A46B23B","PEDESTRIAN","Cross/Enter at Intersection","NO IMPROPER ACTIONS","ON ROADWAY AT CROSSWALK","No","SUSPECTED MINOR INJURY","NONE","39.146305","-77.22842667","    (39.146305, -77.22842667)"
"MCP0036008Q","180056136","Montgomery County Police","Injury Crash","11/08/2018 05:02:00 PM",,,,"PARKING LOT IN FRONT OF 13007 WISTERIA DR",,"PEDESTRIAN","SINGLE VEHICLE","CLEAR",,"DARK LIGHTS ON","NO CONTROLS","NONE DETECTED","NONE DETECTED","0C07A55B-04CF-4C7F-BF1F-EBA4B3598BA3","PEDESTRIAN","Other","NO IMPROPER ACTIONS","OTHER","No","SUSPECTED MINOR INJURY","NONE","39.17850333","-77.27039333","    (39.17850333, -77.27039333)"
"MCP2436006F","180056096","Montgomery County Police","Injury Crash","11/08/2018 12:30:00 PM",,,,"REAR PARKING LOT OF 2 UNIVERSITY BLVD W, SILVER SPRING, MD 20903",,"PEDESTRIAN","SINGLE VEHICLE","CLEAR",,"DAYLIGHT","N/A","NONE DETECTED","NONE DETECTED","CA956A20-A196-4722-BF00-FA9E53440606","PEDESTRIAN","Standing","N/A","OTHER","No","POSSIBLE INJURY","N/A","39.01997033","-77.01366017","    (39.01997033, -77.01366017)"
"MCP2001000Y","180055959","Montgomery County Police","Fatal Crash","11/07/2018 06:26:00 PM","County","RANDOLPH RD","GOODHILL RD",,"N/A","BICYCLIST","SINGLE VEHICLE","CLEAR","DRY","DARK NO LIGHTS","NO CONTROLS","NONE DETECTED","UNKNOWN","A427B853-012B-496B-9019-F3B2BFD95FBE","BICYCLIST","Unknown","IN ROADWAY IMPROPERLY","ON ROADWAY NOT AT CROSSWALK","Unknown","FATAL INJURY","NONE","39.05834631","-77.0711911","    (39.05834631, -77.0711911)"
"MCP91300069","180055863","Montgomery County Police","Injury Crash","11/07/2018 08:49:00 AM","County","BARRON ST","BAYFIELD ST",,"N/A","PEDESTRIAN","SINGLE VEHICLE","N/A","DRY","DAYLIGHT","NO CONTROLS","NONE DETECTED","N/A","D45E7493-02B4-4572-B5D1-4173FFB3B30B","PEDESTRIAN","Standing","OTHER","OTHER","No","POSSIBLE INJURY","NONE","38.99605067","-76.99765652","    (38.99605067, -76.99765652)"
"MCP2931002Y","180055752","Montgomery County Police","Injury Crash","11/06/2018 08:36:00 PM","County","E JEFFERSON ST","CALIFORNIA CIR",,"N/A","PEDESTRIAN","OTHER","FOGGY","WET","DARK LIGHTS ON","TRAFFIC SIGNAL","N/A","N/A","C5B1F8BE-04CC-493B-ADBD-890B14217573","PEDESTRIAN","Cross/Enter at Intersection","UNKNOWN","ON ROADWAY AT CROSSWALK","No","POSSIBLE INJURY","N/A","39.0562","-77.12626","    (39.0562, -77.12626)"
"MCP27100029","180055748","Montgomery County Police","Injury Crash","11/06/2018 08:30:00 PM","Municipality","S SUMMIT AVE","S FREDERICK RD",,"N/A","PEDESTRIAN","OTHER","RAINING","WET","DARK LIGHTS ON","N/A","NONE DETECTED","N/A","3F3A054B-B5C6-479C-8569-892CD9CE838D","PEDESTRIAN","Cross/Enter not at Intersection","DART DASH","ON ROADWAY NOT AT CROSSWALK","Yes","SUSPECTED MINOR INJURY","N/A","39.139655","-77.19382","    (39.139655, -77.19382)"
"MCP3093001B","180055536","Montgomery County Police","Injury Crash","11/05/2018 06:40:00 PM","County","NICHOLSON LA","NICHOLSON CT",,"N/A","PEDESTRIAN","N/A","RAINING","WET","DARK LIGHTS ON","TRAFFIC SIGNAL","N/A","N/A","FE17AA39-C1F6-462C-830B-A68C238F1FA1","PEDESTRIAN","Cross/Enter at Intersection","NO IMPROPER ACTIONS","ON ROADWAY AT CROSSWALK","No","POSSIBLE INJURY","NONE","39.04532667","-77.105245","    (39.04532667, -77.105245)"
"MCP1022009Y","180055395","Montgomery County Police","Injury Crash","11/05/2018 06:03:00 AM","Maryland (State)","CLOPPER RD","STRUC #15094 GUNNERS BRANCH",,"N/A","PEDESTRIAN","SINGLE VEHICLE","RAINING","WET","DARK NO LIGHTS","NO CONTROLS","NONE DETECTED","UNKNOWN","87F63323-E686-4F98-8530-1947A113C8D9","PEDESTRIAN","Walking/Riding w/Traffic","IN ROADWAY IMPROPERLY","ON ROADWAY NOT AT CROSSWALK","Yes","SUSPECTED SERIOUS INJURY","N/A","39.15578167","-77.26199167","    (39.15578167, -77.26199167)"
"EJ7826003N","180055326","Gaithersburg Police Depar","Injury Crash","11/04/2018 01:55:00 PM","Municipality","W DEER PARK RD","S FREDERICK RD",,"N/A","PEDESTRIAN","OTHER","CLEAR","DRY","DAYLIGHT","TRAFFIC SIGNAL","N/A","N/A","E500FA17-74C5-4C70-94EF-59BA8EB4F110","PEDESTRIAN","Cross/Enter at Intersection","FAILURE TO OBEY TRAFFIC SIGNS SIGNALS OR OFFICER","AT INTERSECTION MARKED CROSSWALK","Yes","POSSIBLE INJURY","NONE","39.13210515","-77.18903474","    (39.13210515, -77.18903474)"
"DD5633000T","180055238","Rockville Police Departme","Property Damage Crash","11/03/2018 09:27:00 PM","Municipality","WOOTTON PKWY","W EDMONSTON DR",,"ROCKVILLE","BICYCLIST","SINGLE VEHICLE","CLEAR","DRY","DARK LIGHTS ON","TRAFFIC SIGNAL","NONE DETECTED","NONE DETECTED","D19F4527-2A3A-4DED-AB62-98FC68FF23AD","BICYCLIST","Cross/Enter at Intersection","NOT VISIBLE","AT INTERSECTION MARKED CROSSWALK","No","NO APPARENT INJURY","NONE","39.07287556","-77.1381867","    (39.07287556, -77.1381867)"
"MCP1151008J","180054939","Montgomery County Police","Injury Crash","11/02/2018 07:50:00 AM","Maryland (State)","FREDERICK RD","STRINGTOWN RD",,"N/A","PEDESTRIAN","OTHER","CLOUDY","WET","DAYLIGHT","TRAFFIC SIGNAL","NONE DETECTED","NONE DETECTED","5FF08532-DBD3-425D-8ED6-3DE9BC5E0774","PEDESTRIAN","Cross/Enter at Intersection","NO IMPROPER ACTIONS","ON ROADWAY AT CROSSWALK","No","SUSPECTED MINOR INJURY","N/A","39.2374285","-77.2782255","    (39.2374285, -77.2782255)"
"MCP10640087","180054932","Montgomery County Police","Injury Crash","11/02/2018 07:22:00 AM","County","SECOND AVE","LUZERNE AVE",,"N/A","PEDESTRIAN","OTHER","CLOUDY","DRY","DARK LIGHTS ON","STOP SIGN","N/A","N/A","D4DF902E-EE66-46BB-86C6-2DCA187296EA","PEDESTRIAN","Cross/Enter at Intersection","NO IMPROPER ACTIONS","ON ROADWAY AT CROSSWALK","No","SUSPECTED SERIOUS INJURY","N/A","39.00658333","-77.04286","    (39.00658333, -77.04286)"
"MCP3014001W","180054797","Montgomery County Police","Injury Crash","11/01/2018 03:01:00 PM",,,,"SIDEWALK IN FRONT OF 14101 GEORGIA AVENUE SILVER SPRING, MARYLAND 20906",,"PEDESTRIAN","OTHER","CLEAR",,"DAYLIGHT","NO CONTROLS","NONE DETECTED","NONE DETECTED","9D13568A-A7DF-422B-9D9C-39EAACADE8FB","PEDESTRIAN","Other","NO IMPROPER ACTIONS","SIDEWALK","No","SUSPECTED MINOR INJURY","NONE","39.08505","-77.07823167","    (39.08505, -77.07823167)"
"MCP1015002C","180054761","Montgomery County Police","Injury Crash","11/01/2018 09:57:00 AM","Maryland (State)","FREDERICK RD","MIDDLEBROOK RD",,"N/A","PEDESTRIAN","SINGLE VEHICLE","CLEAR","DRY","DAYLIGHT","NO CONTROLS","NONE DETECTED","NONE DETECTED","E4F35BF7-0EBF-4438-9FBA-F4804FA78BA9","PEDESTRIAN","Other","NO IMPROPER ACTIONS","OTHER","No","SUSPECTED MINOR INJURY","N/A","39.18054333","-77.23858333","    (39.18054333, -77.23858333)"
"MCP2987004F","180054734","Montgomery County Police","Injury Crash","11/01/2018 06:21:00 AM","Maryland (State)","NEW HAMPSHIRE AVE","NORTHAMPTON DR",,"N/A","PEDESTRIAN","STRAIGHT MOVEMENT ANGLE","CLEAR","DRY","DARK LIGHTS ON","NO CONTROLS","NONE DETECTED","NONE DETECTED","40094AB5-4347-4C63-92A3-68371C1CA2CC","PEDESTRIAN","Cross/Enter not at Intersection","IN ROADWAY IMPROPERLY","ON ROADWAY NOT AT CROSSWALK","Yes","SUSPECTED SERIOUS INJURY","NONE","39.007785","-76.97982333","    (39.007785, -76.97982333)"
"MCP3096001L","180054668","Montgomery County Police","Injury Crash","10/31/2018 08:41:00 PM",,,,"CROSS WALK IN FRONT OF CHECKERS AT 16171 SHADY GROVE RD GAITHERSBURG MD 20877",,"PEDESTRIAN","SINGLE VEHICLE","CLEAR",,"DUSK","NO CONTROLS","NONE DETECTED","NONE DETECTED","0F3D5FB4-133E-4971-AF57-ED646683A8BE","PEDESTRIAN","Cross/Enter at Intersection","NO IMPROPER ACTIONS","ON ROADWAY AT CROSSWALK","No","SUSPECTED MINOR INJURY","N/A","39.121035","-77.178015","    (39.121035, -77.178015)"
"MCP29830034","180054646","Montgomery County Police","Injury Crash","10/31/2018 06:30:00 PM","County","BELVEDERE BLVD","GEORGIA AVE",,"N/A","BICYCLIST","STRAIGHT MOVEMENT ANGLE","CLEAR","DRY","DARK NO LIGHTS","STOP SIGN","NONE DETECTED","NONE DETECTED","33C0304F-5CBD-4399-969D-DA72C0281B80","BICYCLIST","Cross/Enter at Intersection","NOT VISIBLE","SIDEWALK","No","POSSIBLE INJURY","MC/BIKE HELMET","39.019225","-77.04421833","    (39.019225, -77.04421833)"
"MCP2077002P","180054320","Montgomery County Police","Injury Crash","10/31/2018 07:10:00 AM","Maryland (State)","GEORGIA AVE","SHOREFIELD RD",,"N/A","PEDESTRIAN","OTHER","CLEAR","DRY","DARK -- UNKNOWN LIGHTING","TRAFFIC SIGNAL","UNKNOWN","NONE DETECTED","004C011E-36AB-4E25-BD8D-1ADE34C09A51","PEDESTRIAN","Cross/Enter at Intersection","UNKNOWN","ON ROADWAY AT CROSSWALK","Unknown","SUSPECTED MINOR INJURY","NONE","39.053","-77.051","    (39.053, -77.051)"
"MCP137800NB","180054452","Montgomery County Police","Injury Crash","10/30/2018 07:09:00 PM","County","SHADY GROVE RD","EPSILON DR",,"N/A","PEDESTRIAN","OTHER","CLEAR","DRY","DARK LIGHTS ON","TRAFFIC SIGNAL","NONE DETECTED","NONE DETECTED","E26894B9-C9E3-41A3-990D-C76180634102","PEDESTRIAN","Cross/Enter at Intersection","IN ROADWAY IMPROPERLY","ON ROADWAY AT CROSSWALK","Yes","SUSPECTED SERIOUS INJURY","N/A","39.138375","-77.15363833","    (39.138375, -77.15363833)"
"MCP3131000N","180054048","Montgomery County Police","Injury Crash","10/28/2018 07:16:00 PM","County","WESTLAKE DR","LAKEVIEW DR",,"N/A","PEDESTRIAN","SINGLE VEHICLE","RAINING","WET","DARK LIGHTS ON","OTHER","NONE DETECTED","NONE DETECTED","9F310458-E964-4D68-A567-7182CC26AF92","PEDESTRIAN","Cross/Enter at Intersection","NO IMPROPER ACTIONS","ON ROADWAY AT CROSSWALK","No","SUSPECTED SERIOUS INJURY","NONE","39.026475","-77.14827333","    (39.026475, -77.14827333)"
"MCP3109001C","180053981","Montgomery County Police","Property Damage Crash","10/28/2018 12:15:00 PM","Maryland (State)","EAST WEST HWY","BLAIR MILL RD",,"N/A","PEDESTRIAN","SAME DIR REAR END","CLEAR","DRY","DAYLIGHT","NO CONTROLS","NONE DETECTED","NONE DETECTED","1FAF08C5-D8DE-4B64-BF67-200BB8475BB2","PEDESTRIAN","Cross/Enter not at Intersection","NO IMPROPER ACTIONS","ON ROADWAY AT CROSSWALK","No","NO APPARENT INJURY","NONE","38.99169317","-77.03045817","    (38.99169317, -77.03045817)"
"EJ7871000L","180053899","Gaithersburg Police Depar","Injury Crash","10/27/2018 10:44:00 PM","Municipality","GIRARD ST","N SUMMIT AVE",,"N/A","PEDESTRIAN","SINGLE VEHICLE","CLEAR","DRY","DARK LIGHTS ON","TRAFFIC SIGNAL","NONE DETECTED","ALCOHOL PRESENT","234FFC37-6F5D-405F-A349-452F93C6098D","PEDESTRIAN","Cross/Enter at Intersection","FAILURE TO YIELD RIGHT OF WAY","ON ROADWAY NOT AT CROSSWALK","Yes","SUSPECTED SERIOUS INJURY","N/A","39.15085632","-77.19262703","    (39.15085632, -77.19262703)"
"MCP0973000X","180053881","Montgomery County Police","Injury Crash","10/27/2018 06:53:00 PM","Maryland (State)","WISCONSIN AVE","COMMERCE LA",,"N/A","PEDESTRIAN","SINGLE VEHICLE","CLOUDY","DRY","DARK LIGHTS ON","NO CONTROLS","NONE DETECTED","NONE DETECTED","5B271D55-34C7-42DA-A94B-1289D08EA6FB","PEDESTRIAN","Cross/Enter at Intersection","NO IMPROPER ACTIONS","ON ROADWAY AT CROSSWALK","No","SUSPECTED MINOR INJURY","NONE","38.98577167","-77.094735","    (38.98577167, -77.094735)"
"MCP2436006C","180053814","Montgomery County Police","Injury Crash","10/27/2018 12:47:00 PM","Maryland (State)","PINEY BRANCH RD","CARROLL AVE",,"N/A","PEDESTRIAN","STRAIGHT MOVEMENT ANGLE","RAINING","WET","DAYLIGHT","TRAFFIC SIGNAL","NONE DETECTED","NONE DETECTED","C07E20BE-C71F-4D6E-AF8D-9425B75DF0C7","PEDESTRIAN","Cross/Enter not at Intersection","NO IMPROPER ACTIONS","ON ROADWAY NOT AT CROSSWALK","Yes","SUSPECTED MINOR INJURY","NONE","38.99992424","-76.99094363","    (38.99992424, -76.99094363)"
"MCP25980021","180053745","Montgomery County Police","Injury Crash","10/26/2018 09:08:00 PM","Maryland (State)","PINEY BRANCH RD","SILVER SPRING AVE",,"N/A","PEDESTRIAN","STRAIGHT MOVEMENT ANGLE","RAINING","WET","DARK LIGHTS ON","NO CONTROLS","N/A","N/A","DB2F230C-3323-45C8-A118-8A0E5E4F793A","PEDESTRIAN","Cross/Enter not at Intersection","IN ROADWAY IMPROPERLY","OUTSIDE RIGHT OF WAY","Yes","SUSPECTED MINOR INJURY","NONE","38.99349176","-77.00914788","    (38.99349176, -77.00914788)"
"MCP3051002D","180053703","Montgomery County Police","Injury Crash","10/26/2018 04:29:00 PM","Maryland (State)","OLD GEORGETOWN RD","CORDELL AVE",,"N/A","PEDESTRIAN","OTHER","CLEAR","DRY","DAYLIGHT","NO CONTROLS","NONE DETECTED","NONE DETECTED","7CC39BC0-0B51-48F4-A2F0-67B46AF0E0B9","PEDESTRIAN","Cross/Enter at Intersection","NO IMPROPER ACTIONS","ON ROADWAY AT CROSSWALK","No","POSSIBLE INJURY","NONE","38.98812833","-77.09979333","    (38.98812833, -77.09979333)"
"MCP0973000W","180053691","Montgomery County Police","Injury Crash","10/26/2018 03:21:00 PM","County","MONTGOMERY LA","WOODMONT AVE",,"N/A","PEDESTRIAN","SINGLE VEHICLE","CLOUDY","WET","DAYLIGHT","TRAFFIC SIGNAL","NONE DETECTED","NONE DETECTED","4AC3761A-675C-4429-BF62-9F8365587C84","PEDESTRIAN","Cross/Enter at Intersection","FAILURE TO OBEY TRAFFIC SIGNS SIGNALS OR OFFICER","ON ROADWAY AT CROSSWALK","Yes","SUSPECTED MINOR INJURY","N/A","38.98390667","-77.09543667","    (38.98390667, -77.09543667)"
"MCP2960003G","180053659","Montgomery County Police","Injury Crash","10/26/2018 01:15:00 PM",,"NORTH LEISURE WORLD BLVD","TWIN BRANCHES DR",,"N/A","BICYCLIST","OTHER","N/A","DRY","DAYLIGHT","NO CONTROLS","N/A","N/A","C82ADA61-5B83-43DD-B086-B0674F1807E6","BICYCLIST","Walking/Riding w/Traffic","NO IMPROPER ACTIONS","ON ROADWAY NOT AT CROSSWALK","No","SUSPECTED SERIOUS INJURY","MC/BIKE HELMET","39.10860833","-77.071785","    (39.10860833, -77.071785)"
"MCP1436000B","180053661","Montgomery County Police","Property Damage Crash","10/26/2018 12:55:00 PM",,,,"PARKING LOT MONTROSE  CROSSING CENTER",,"OTHER","N/A","N/A",,"N/A","N/A","NONE DETECTED","NONE DETECTED","6809E70E-D232-4B8D-A094-DFBAC87D1E3D","OTHER","N/A","N/A","N/A","No","NO APPARENT INJURY","N/A","39.05461333","-77.11401667","    (39.05461333, -77.11401667)"
"MCP271700L5","180053407","Montgomery County Police","Injury Crash","10/25/2018 07:31:00 AM","County","CASTLE BLVD","TEAGARDEN CIR",,"N/A","PEDESTRIAN","OTHER","CLEAR","DRY","DAWN","NO CONTROLS","NONE DETECTED","NONE DETECTED","284ECC41-1375-4F9B-8852-B4C5F0245C6B","PEDESTRIAN","Cross/Enter not at Intersection","DART DASH","ON ROADWAY NOT AT CROSSWALK","Yes","SUSPECTED MINOR INJURY","NONE","39.0824985","-76.943588","    (39.0824985, -76.943588)"
"MCP27600023","180053401","Montgomery County Police","Property Damage Crash","10/25/2018 04:16:00 AM","County","MONTGOMERY VILLAGE AVE","MIDCOUNTY HWY",,"N/A","OTHER","SINGLE VEHICLE","CLEAR","DRY","DARK LIGHTS ON","NO CONTROLS","N/A","N/A","3230DDA0-8294-4751-90AF-F9F2AFB29CD2","OTHER","N/A","N/A","N/A","Yes","NO APPARENT INJURY","N/A","39.160035","-77.20232167","    (39.160035, -77.20232167)"
"MCP229800L8","180053322","Montgomery County Police","Injury Crash","10/24/2018 05:33:00 PM",,,,"PARKING LOT OF 22222 DAVIS MILL RD",,"MACHINE OPERATOR/RIDER, OTHER","OTHER","CLEAR",,"DAYLIGHT","NO CONTROLS",,"NONE DETECTED","9B46E634-02FE-4FB2-A79F-5F5601A80AFA","MACHINE OPERATOR/RIDER","N/A","OTHER","OTHER","Unknown","POSSIBLE INJURY","N/A","39.221495","-77.2227965","    (39.221495, -77.2227965)"
"MCP229800L8","180053322","Montgomery County Police","Injury Crash","10/24/2018 05:33:00 PM",,,,"PARKING LOT OF 22222 DAVIS MILL RD",,"MACHINE OPERATOR/RIDER, OTHER","OTHER","CLEAR",,"DAYLIGHT","NO CONTROLS",,"N/A","57E3A9C4-7B2F-4C50-B653-90237F691B94","OTHER","Other","OTHER","OTHER","No","POSSIBLE INJURY","N/A","39.221495","-77.2227965","    (39.221495, -77.2227965)"
"MCP28120044","180053321","Montgomery County Police","Injury Crash","10/24/2018 03:45:00 PM","Maryland (State)","GEORGIA AVE","DENNIS AVE",,"N/A","PEDESTRIAN","SINGLE VEHICLE","CLEAR","N/A","DAYLIGHT","TRAFFIC SIGNAL","N/A","N/A","F1C43B96-6527-4296-8ECB-8871B8544F43","PEDESTRIAN","Cross/Enter at Intersection","DART DASH","N/A","Unknown","POSSIBLE INJURY","N/A","39.02542497","-77.04619521","    (39.02542497, -77.04619521)"
"MCP271700L4","180053259","Montgomery County Police","Injury Crash","10/24/2018 01:30:00 PM",,,,"801  ELLSWORTH DRIVE (FENTON STREET PARKING GARAGE)",,"PEDESTRIAN","OTHER","CLEAR",,"DAYLIGHT","NO CONTROLS","NONE DETECTED","NONE DETECTED","C9857EE8-D632-45CB-A875-F18BA9DE62C0","PEDESTRIAN","Other","NO IMPROPER ACTIONS","OTHER","No","SUSPECTED MINOR INJURY","NONE","38.997237","-77.02585","    (38.997237, -77.02585)"
"MCP14380078","180053132","Montgomery County Police","Injury Crash","10/23/2018 06:55:00 PM",,,,"GIANT PARKING LOT (46 BUREAU DRIVE)",,"PEDESTRIAN","OTHER","CLEAR",,"DARK LIGHTS ON","N/A","NONE DETECTED","NONE DETECTED","30AF4104-535B-4ECB-AD0F-58473B73217F","PEDESTRIAN","Other","NOT VISIBLE","ON ROADWAY NOT AT CROSSWALK","Yes","POSSIBLE INJURY","N/A","39.184435","-77.26330167","    (39.184435, -77.26330167)"
"MCP30580025","180053097","Montgomery County Police","Injury Crash","10/23/2018 04:09:00 PM","County","GLEN RD","AMBLESIDE DR",,"N/A","BICYCLIST","SINGLE VEHICLE","CLEAR","DRY","DAYLIGHT","STOP SIGN","NONE DETECTED","NONE DETECTED","D3093462-50B1-42F6-A7D6-A777AC4537AE","BICYCLIST","Walking/Riding w/Traffic","NO IMPROPER ACTIONS","SHOULDER","No","POSSIBLE INJURY","MC/BIKE HELMET","39.04696833","-77.19927","    (39.04696833, -77.19927)"
"MCP2396002Z","180053035","Montgomery County Police","Property Damage Crash","10/23/2018 10:20:00 AM","County","NORTH GATE DR","NORTH GATE TERR",,"N/A","OTHER","SINGLE VEHICLE","CLEAR","DRY","DAYLIGHT","NO CONTROLS","NONE DETECTED","N/A","126DD776-73EA-4E43-9D09-20EEA2BAF6FD","OTHER","N/A","N/A","N/A","No","NO APPARENT INJURY","N/A","39.08437333","-77.049025","    (39.08437333, -77.049025)"
"MCP29040062","180052929","Montgomery County Police","Injury Crash","10/22/2018 05:45:00 PM","County","CARROLL AVE","PINEY BRANCH RD",,"N/A","PEDESTRIAN","SINGLE VEHICLE","CLEAR","DRY","DAYLIGHT","NO CONTROLS","NONE DETECTED","NONE DETECTED","61936A01-DFC9-454F-8F8F-3F98E6C12768","PEDESTRIAN","Other","IN ROADWAY IMPROPERLY","ON ROADWAY NOT AT CROSSWALK","Yes","POSSIBLE INJURY","NONE","38.99960112","-76.99062974","    (38.99960112, -76.99062974)"
"MCP2311004P","180052861","Montgomery County Police","Property Damage Crash","10/22/2018 11:01:00 AM","Maryland (State)","CLOPPER RD","FIRSTFIELD RD",,"GAITHERSBURG","BICYCLIST","SINGLE VEHICLE","CLEAR","DRY","DAYLIGHT","TRAFFIC SIGNAL","N/A","N/A","B688E8F5-63FE-459B-844A-FEBD8D21738F","BICYCLIST","Cross/Enter at Intersection","WRONG WAY RIDING OR WALKING","ON ROADWAY NOT AT CROSSWALK","Yes","NO APPARENT INJURY","MC/BIKE HELMET","39.14388333","-77.22395667","    (39.14388333, -77.22395667)"
"MCP3084002D","180052716","Montgomery County Police","Injury Crash","10/21/2018 10:35:00 AM","Municipality","DORSET AVE","WISCONSIN AVE",,"N/A","BICYCLIST","OTHER","CLEAR","DRY","DAYLIGHT","TRAFFIC SIGNAL","NONE DETECTED","NONE DETECTED","B19460AD-26EC-46D2-B40D-F393D6B08236","BICYCLIST","Cross/Enter at Intersection","IN ROADWAY IMPROPERLY","ON ROADWAY AT CROSSWALK","Yes","POSSIBLE INJURY","MC/BIKE HELMET","38.96733","-77.08852667","    (38.96733, -77.08852667)"
"MCP30930016","180052828","Montgomery County Police","Injury Crash","10/20/2018 07:19:00 PM","County","GLENBROOK RD","OLD GEORGETOWN RD",,"N/A","BICYCLIST","N/A","N/A","DRY","DARK LIGHTS ON","OTHER","N/A","N/A","C71E0BCF-E0EC-45B9-964B-A613D70356F9","BICYCLIST","Cross/Enter at Intersection","NO IMPROPER ACTIONS","ON ROADWAY AT CROSSWALK","No","POSSIBLE INJURY","MC/BIKE HELMET","38.98917","-77.10144","    (38.98917, -77.10144)"
"DD56140045","180052503","Rockville Police Departme","Injury Crash","10/20/2018 04:53:00 PM","Municipality","N WASHINGTON ST","BEALL AVE #2",,"ROCKVILLE","PEDESTRIAN","HEAD ON LEFT TURN","CLEAR","DRY","DAYLIGHT","TRAFFIC SIGNAL","NONE DETECTED","NONE DETECTED","057C41B7-57D0-4A8D-A5DA-0440DF1B6F74","PEDESTRIAN","Cross/Enter at Intersection","NO IMPROPER ACTIONS","ON ROADWAY AT CROSSWALK","No","POSSIBLE INJURY","NONE","39.08719883","-77.15308633","    (39.08719883, -77.15308633)"
"DD56140045","180052503","Rockville Police Departme","Injury Crash","10/20/2018 04:53:00 PM","Municipality","N WASHINGTON ST","BEALL AVE #2",,"ROCKVILLE","PEDESTRIAN","HEAD ON LEFT TURN","CLEAR","DRY","DAYLIGHT","TRAFFIC SIGNAL","NONE DETECTED","NONE DETECTED","360CADDB-89C9-4087-A098-CBBFAC7D6EF7","PEDESTRIAN","Cross/Enter at Intersection","NO IMPROPER ACTIONS","ON ROADWAY AT CROSSWALK","No","SUSPECTED MINOR INJURY","NONE","39.08719883","-77.15308633","    (39.08719883, -77.15308633)"
"MCP3018002Y","180052587","Montgomery County Police","Injury Crash","10/20/2018 04:05:00 PM",,,,"DRIVEWAY OF 2827 ABBEY MANOR CR",,"PEDESTRIAN","SINGLE VEHICLE","CLEAR",,"DAYLIGHT","NO CONTROLS","NONE DETECTED","NONE DETECTED","EC4F9345-7DF5-4E97-9E23-903F0BABBB91","PEDESTRIAN","Other","INATTENTIVE","OTHER","No","SUSPECTED MINOR INJURY","NONE","39.16578068","-77.0593187","    (39.16578068, -77.0593187)"
"DD56280015","180052350","Rockville Police Departme","Injury Crash","10/19/2018 10:45:00 AM","Maryland (State)","FREDERICK RD","RIDGEMONT AVE",,"ROCKVILLE","OTHER","ANGLE MEETS LEFT TURN","CLEAR","DRY","DAYLIGHT","TRAFFIC SIGNAL","NONE DETECTED","N/A","DE5CB616-5780-488F-AA94-F70828E3A67F","OTHER","N/A","NO IMPROPER ACTIONS","N/A","No","NO APPARENT INJURY","N/A","39.11906755","-77.17191204","    (39.11906755, -77.17191204)"
"MCP3161000J","180052192","Montgomery County Police","Injury Crash","10/18/2018 01:28:00 PM","Maryland (State)","OLD GEORGETOWN RD","TILDEN LA",,"N/A","BICYCLIST","STRAIGHT MOVEMENT ANGLE","CLEAR","DRY","DAYLIGHT","TRAFFIC SIGNAL","NONE DETECTED","NONE DETECTED","6AA9F48C-CE12-41F9-B8D9-B523045B4C05","BICYCLIST","Unknown","UNKNOWN","ON ROADWAY AT CROSSWALK","Yes","SUSPECTED MINOR INJURY","NONE","39.04475341","-77.12065004","    (39.04475341, -77.12065004)"
"DD5590002G","180052133","Rockville Police Departme","Injury Crash","10/18/2018 06:25:00 AM","Municipality","TWINBROOK PKWY","CHAPMAN AVE",,"ROCKVILLE","PEDESTRIAN","STRAIGHT MOVEMENT ANGLE","CLEAR","DRY","DARK LIGHTS ON","TRAFFIC SIGNAL","NONE DETECTED","NONE DETECTED","0DA0050C-49A2-40C6-ABD2-8B5A042D7E4F","PEDESTRIAN","Cross/Enter at Intersection","NO IMPROPER ACTIONS","ON ROADWAY AT CROSSWALK","No","POSSIBLE INJURY","NONE","39.08359167","-77.153705","    (39.08359167, -77.153705)"
"MCP2134001N","180052132","Montgomery County Police","Fatal Crash","10/18/2018 06:15:00 AM","Maryland (State)","HUNGERFORD DR","FREDERICK AVE #2",,"ROCKVILLE","PEDESTRIAN","OTHER","N/A","DRY","DARK LIGHTS ON","TRAFFIC SIGNAL","N/A","UNKNOWN","5B6DD398-2787-4441-A467-BF7A10FD3E8B","PEDESTRIAN","Unknown","UNKNOWN","UNKNOWN","Unknown","FATAL INJURY","NONE","39.09418231","-77.15344652","    (39.09418231, -77.15344652)"
"MCP21070021","180051958","Montgomery County Police","Injury Crash","10/17/2018 08:24:00 AM","County","CENTURY BLVD","CRYSTAL ROCK DR",,"N/A","PEDESTRIAN","OTHER","CLEAR","DRY","DAYLIGHT","N/A","NONE DETECTED","NONE DETECTED","BC9EEE4B-4E99-4C3D-BD2F-7DA9A6A23B04","PEDESTRIAN","Cross/Enter not at Intersection","DART DASH","ON ROADWAY NOT AT CROSSWALK","Yes","SUSPECTED MINOR INJURY","NONE","39.18287388","-77.26386979","    (39.18287388, -77.26386979)"