"Report Number","Local Case Number","Agency Name","ACRS Report Type","Crash Date/Time","Route Type","Road Name","Cross-Street Name","Off-Road Description","Municipality","Related Non-Motorist","Collision Type","Weather","Surface Condition","Light","Traffic Control","Driver Substance Abuse","Non-Motorist Substance Abuse","Person ID","Pedestrian Type","Pedestrian Movement","Pedestrian Actions","Pedestrian Location","At Fault","Injury Severity","Safety Equipment","Latitude","Longitude","Location"
"EJ7866004M","180047863","Gaithersburg Police Depar","Injury Crash","09/25/2018 10:44:00 AM","Maryland (State)","FREDERICK RD","SPUR TO MD 124",,"N/A","PEDESTRIAN","SINGLE VEHICLE","RAINING","WET","DAYLIGHT","YIELD SIGN","NONE DETECTED","NONE DETECTED","207D5091-0CD4-4C60-A836-007DCFEFC03A","PEDESTRIAN","Cross/Enter at Intersection","N/A","ON ROADWAY AT CROSSWALK","No","SUSPECTED MINOR INJURY","N/A","39.123905","-77.18027","    (39.123905, -77.18027)"
"MCP23650014","180047846","Montgomery County Police","Injury Crash","09/25/2018 08:49:00 AM","County","BRIGGS CHANEY RD","GATESHEAD MANOR WAY",,"N/A","MACHINE OPERATOR/RIDER","STRAIGHT MOVEMENT ANGLE","RAINING","WET","DAYLIGHT","TRAFFIC SIGNAL","UNKNOWN","NONE DETECTED","8B00DF86-D7A4-4D5D-8875-522D80173C19","MACHINE OPERATOR/RIDER","Cross/Enter at Intersection","NO IMPROPER ACTIONS","ON ROADWAY AT CROSSWALK","No","SUSPECTED MINOR INJURY","N/A","39.07741833","-76.94238833","    (39.07741833, -76.94238833)"
"MCP3162000R","180047793","Montgomery County Police","Injury Crash","09/24/2018 09:50:00 PM","Maryland (State)","PINEY BRANCH RD","ENT TO APTS",,"N/A","PEDESTRIAN","OTHER","RAINING","WET","DARK LIGHTS ON","NO CONTROLS","NONE DETECTED","ALCOHOL PRESENT","4A32D52B-48C3-4E88-A26B-3DDE517ED6FE","PEDESTRIAN","Other","NOT VISIBLE","ON ROADWAY NOT AT CROSSWALK","Yes","SUSPECTED MINOR INJURY","NONE","38.999685","-76.99319333","    (38.999685, -76.99319333)"
"MCP3137000H","180047741","Montgomery County Police","Property Damage Crash","09/24/2018 04:30:00 PM","Maryland (State)","BURLINGTON AVE","SPUR FR FENTON ST",,"N/A","BICYCLIST","STRAIGHT MOVEMENT ANGLE","RAINING","WET","DAYLIGHT","TRAFFIC SIGNAL","NONE DETECTED","NONE DETECTED","BB442834-C962-487A-98DE-22D5B908A71D","BICYCLIST","Walking/Riding w/Traffic","INATTENTIVE","AT INTERSECTION MARKED CROSSWALK","Yes","NO APPARENT INJURY","MC/BIKE HELMET","38.9879514","-77.0235577","    (38.9879514, -77.0235577)"
"MCP209400C6","180047714","Montgomery County Police","Injury Crash","09/24/2018 01:59:00 PM","County","WOODMONT AVE","FAIRMONT AVE",,"N/A","PEDESTRIAN","OTHER","RAINING","WET","N/A","NO CONTROLS","NONE DETECTED","NONE DETECTED","E0EA97A7-E58F-4E1D-ADEE-4DC5F8389517","PEDESTRIAN","Standing","IN ROADWAY IMPROPERLY","ON ROADWAY NOT AT CROSSWALK","Yes","POSSIBLE INJURY","NONE","38.98929","-77.09625","    (38.98929, -77.09625)"
"EJ7836001N","180047643","Gaithersburg Police Depar","Injury Crash","09/24/2018 08:10:00 AM","Municipality","FIRSTFIELD RD","CLOPPER RD",,"N/A","PEDESTRIAN","OTHER","RAINING","WET","DAWN","TRAFFIC SIGNAL","NONE DETECTED","N/A","80C083A3-1D93-45F9-A7F1-DF4947392B4D","PEDESTRIAN","Walking/Cycling on Sidewalk","N/A","AT INTERSECTION MARKED CROSSWALK","No","SUSPECTED MINOR INJURY","N/A","39.14378833","-77.223575","    (39.14378833, -77.223575)"
"MCP1309001Z","180047555","Montgomery County Police","Property Damage Crash","09/23/2018 02:36:00 PM","Maryland (State)","WOODFIELD RD","LOG HOUSE RD",,"N/A","OTHER","SINGLE VEHICLE","RAINING","WET","DAYLIGHT","NO CONTROLS","NONE DETECTED","NONE DETECTED","961D0619-320E-4E7C-A180-DDECB025B5AE","OTHER","N/A","NO IMPROPER ACTIONS","OTHER","No","NO APPARENT INJURY","N/A","39.25606167","-77.20020167","    (39.25606167, -77.20020167)"
"DD5595006M","180047423","Rockville Police Departme","Injury Crash","09/22/2018 01:40:00 PM",,,,"GAS STATION LOT LOCATED AT 1911 ROCKVILLE PIKE",,"PEDESTRIAN","SINGLE VEHICLE","CLOUDY",,"DAYLIGHT","N/A","NONE DETECTED","NONE DETECTED","BE241182-AD03-45F8-B04E-ABC2035CA57E","PEDESTRIAN","Other","OTHER","OTHER","Unknown","POSSIBLE INJURY","N/A","39.05834067","-77.12128983","    (39.05834067, -77.12128983)"
"DD5630000K","180047416","Rockville Police Departme","Injury Crash","09/22/2018 12:46:00 PM","Maryland (State)","ROCKVILLE PIKE","FIRST ST",,"N/A","PEDESTRIAN","SINGLE VEHICLE","CLEAR","DRY","DAYLIGHT","NO CONTROLS","NONE DETECTED","NONE DETECTED","FDED0BBF-A126-4E7C-9646-D8E725EAAB97","PEDESTRIAN","Cross/Enter not at Intersection","IN ROADWAY IMPROPERLY","ON ROADWAY NOT AT CROSSWALK","Yes","SUSPECTED MINOR INJURY","NONE","39.07697","-77.13886167","    (39.07697, -77.13886167)"
"MCP26670055","180047407","Montgomery County Police","Injury Crash","09/22/2018 11:40:00 AM",,,,"SIDEWALK IN FRONT OF 416 NORTH FREDERICK AVE",,"PEDESTRIAN","OTHER","CLEAR",,"DAYLIGHT","N/A","UNKNOWN","NONE DETECTED","4DC8B769-5100-4A71-A3BE-D1A5CCA44EED","PEDESTRIAN","Walking/Cycling on Sidewalk","NO IMPROPER ACTIONS","SIDEWALK","No","POSSIBLE INJURY","NONE","39.14588167","-77.205923","    (39.14588167, -77.205923)"
"MCP3125000W","180047087","Montgomery County Police","Injury Crash","09/20/2018 06:30:00 PM","County","GLEN RD","TRAVILAH RD",,"N/A","PEDESTRIAN","SINGLE VEHICLE","N/A","DRY","DARK NO LIGHTS","NO CONTROLS","N/A","N/A","BDB4D437-222E-4A4D-B143-31AD3D09868A","PEDESTRIAN","Walking/Riding against Traffic","NO IMPROPER ACTIONS","ON ROADWAY NOT AT CROSSWALK","No","SUSPECTED SERIOUS INJURY","REFLECTIVE CLOTHING","39.07000667","-77.26550833","    (39.07000667, -77.26550833)"
"MCP25160024","180046940","Montgomery County Police","Property Damage Crash","09/20/2018 07:58:00 AM",,,,"19515 FREDERICK RD. TAILER # 102  (INSIDE OF TRAILER PARK)",,"OTHER","SINGLE VEHICLE","CLOUDY",,"DAYLIGHT","NO CONTROLS","N/A","N/A","0C68A9D7-2DF5-4AA5-A05D-BF35C29D5044","OTHER","N/A","N/A","INSIDE BUILDING","No","NO APPARENT INJURY","N/A","39.18806833","-77.23341833","    (39.18806833, -77.23341833)"
"MCP2546002J","180046952","Montgomery County Police","Property Damage Crash","09/19/2018 01:25:00 PM","County","E JEFFERSON ST","MONTROSE RD",,"N/A","OTHER","OTHER","CLEAR","DRY","DAYLIGHT","OTHER","NONE DETECTED","NONE DETECTED","B96521D3-1975-4BF3-8681-1EFD8BE77771","OTHER","Other","OTHER","MEDIAN","No","NO APPARENT INJURY","REFLECTIVE CLOTHING","39.04965789","-77.126099","    (39.04965789, -77.126099)"
"MCP2813005J","180046686","Montgomery County Police","Injury Crash","09/18/2018 07:50:00 PM","County","WINDHAM LA","GEORGIA AVE",,"N/A","PEDESTRIAN","SINGLE VEHICLE","CLEAR","DRY","DARK NO LIGHTS","TRAFFIC SIGNAL","N/A","N/A","D33485BE-C2F4-42DD-B7BE-EB3AFD9657D8","PEDESTRIAN","Walking/Riding against Traffic","FAILURE TO YIELD RIGHT OF WAY","ON ROADWAY AT CROSSWALK","Yes","SUSPECTED MINOR INJURY","N/A","38.99719833","-77.02999","    (38.99719833, -77.02999)"
"MCP271700KK","180046630","Montgomery County Police","Injury Crash","09/18/2018 02:45:00 PM","County","PIERCE DR","TIMBERWOOD AVE",,"N/A","PEDESTRIAN","OTHER","CLEAR","WET","DAYLIGHT","NO CONTROLS","NONE DETECTED","NONE DETECTED","EB59FEF9-F046-4631-9875-D24F61D5C271","PEDESTRIAN","Cross/Enter not at Intersection","DART DASH","ON ROADWAY NOT AT CROSSWALK","Yes","SUSPECTED MINOR INJURY","NONE","39.02162467","-77.0105055","    (39.02162467, -77.0105055)"
"MCP2967003B","180046530","Montgomery County Police","Injury Crash","09/17/2018 07:47:00 PM","Maryland (State)","WISCONSIN AVE","WILLARD AVE",,"N/A","BICYCLIST","OTHER","RAINING","WET","DARK LIGHTS ON","TRAFFIC SIGNAL","NONE DETECTED","NONE DETECTED","FDA1DC04-53A2-4CBF-B8B2-11E103582E75","BICYCLIST","Cross/Enter at Intersection","NO IMPROPER ACTIONS","AT INTERSECTION MARKED CROSSWALK","No","POSSIBLE INJURY","MC/BIKE HELMET","38.96162667","-77.08648667","    (38.96162667, -77.08648667)"
"MCP29710044","180046537","Montgomery County Police","Injury Crash","09/17/2018 03:30:00 PM",,"SNOWDEN FARM PARKWAY","NEWCUT ROAD",,"N/A","PEDESTRIAN","OTHER","RAINING","WET","DAYLIGHT","FLASHING TRAFFIC SIGNAL","NONE DETECTED","NONE DETECTED","112BF015-CAFB-4308-8544-489401E51195","PEDESTRIAN","Cross/Enter at Intersection","NO IMPROPER ACTIONS","ON ROADWAY AT CROSSWALK","No","POSSIBLE INJURY","NONE","39.22835497","-77.2502234","    (39.22835497, -77.2502234)"
"DM8423001S","180046427","Takoma Park Police Depart","Injury Crash","09/17/2018 10:30:00 AM",,,,"HOSPITAL PARKING LOT",,"PEDESTRIAN","SINGLE VEHICLE","RAINING",,"DAYLIGHT","NO CONTROLS","N/A","N/A","4CDDA846-2D6D-496F-89DA-0FE29F117706","PEDESTRIAN","Standing","OTHER","OTHER","No","POSSIBLE INJURY","N/A","38.98473167","-76.999805","    (38.98473167, -76.999805)"
"MCP2906001X","180046170","Montgomery County Police","Injury Crash","09/15/2018 07:00:00 PM","Municipality","WASHINGTONIAN BLVD","BOARDWALK PL",,"N/A","PEDESTRIAN","STRAIGHT MOVEMENT ANGLE","CLEAR","DRY","DAYLIGHT","N/A","N/A","N/A","D86D412F-1271-4D08-BC05-F9607B1A28FD","PEDESTRIAN","Cross/Enter at Intersection","INATTENTIVE","ON ROADWAY AT CROSSWALK","Yes","SUSPECTED MINOR INJURY","NONE","39.11727593","-77.19916649","    (39.11727593, -77.19916649)"
"MCP3136000F","180046113","Montgomery County Police","Injury Crash","09/15/2018 11:56:00 AM","County","WAYNE AVE","FENTON ST",,"N/A","PEDESTRIAN","OTHER","CLEAR","DRY","DAYLIGHT","NO CONTROLS","NONE DETECTED","NONE DETECTED","23C9F282-3345-41F1-9E73-70F12D6C3AB9","PEDESTRIAN","Getting off/on Vehicle","ENTERING EXITING PARKED STANDING VEHICLE","ON ROADWAY NOT AT CROSSWALK","Unknown","POSSIBLE INJURY","N/A","38.99611155","-77.02474958","    (38.99611155, -77.02474958)"
"MCP9419001T","180045961","Montgomery County Police","Injury Crash","09/14/2018 02:51:00 PM","County","RANDOLPH RD","ROCKING HORSE RD",,"N/A","PEDESTRIAN","OTHER","CLOUDY","DRY","DAYLIGHT","TRAFFIC SIGNAL","NONE DETECTED","NONE DETECTED","16EDD962-564A-414F-8442-7FE5754FDEBC","PEDESTRIAN","Cross/Enter at Intersection","DART DASH","ON ROADWAY AT CROSSWALK","Unknown","POSSIBLE INJURY","NONE","39.05367667","-77.09426","    (39.05367667, -77.09426)"
"DD56150065","180045944","Rockville Police Departme","Injury Crash","09/14/2018 01:45:00 PM","Maryland (State)","HUNGERFORD DR","N WASHINGTON ST",,"ROCKVILLE","PEDESTRIAN","OTHER","CLOUDY","DRY","DAYLIGHT","NO CONTROLS","NONE DETECTED","NONE DETECTED","23B9D278-E50B-4FAC-B1B0-EAC47034D0B7","PEDESTRIAN","Walking/Cycling on Sidewalk","NO IMPROPER ACTIONS","SIDEWALK","No","POSSIBLE INJURY","NONE","39.09085167","-77.15302333","    (39.09085167, -77.15302333)"
"DD5605005Q","180045675","Rockville Police Departme","Property Damage Crash","09/13/2018 07:45:00 AM","Municipality","GREAT FALLS RD","MONUMENT ST",,"ROCKVILLE","PEDESTRIAN","OTHER","CLEAR","DRY","DAYLIGHT","OTHER","NONE DETECTED","NONE DETECTED","4CECB962-DB8B-4EFD-91AF-D5541D7BAA52","PEDESTRIAN","Cross/Enter at Intersection","NO IMPROPER ACTIONS","AT INTERSECTION MARKED CROSSWALK","No","NO APPARENT INJURY","NONE","39.08011633","-77.16110017","    (39.08011633, -77.16110017)"
"MCP93650014","180045668","Montgomery County Police","Injury Crash","09/13/2018 07:19:00 AM","County","GREENCASTLE RD","OLD COLUMBIA PIKE",,"N/A","PEDESTRIAN","SINGLE VEHICLE","CLEAR","DRY","DAYLIGHT","TRAFFIC SIGNAL","NONE DETECTED","NONE DETECTED","B0B561EE-1E9F-47EA-AD43-4C04C04A4D2F","PEDESTRIAN","Cross/Enter at Intersection","NO IMPROPER ACTIONS","ON ROADWAY AT CROSSWALK","No","SUSPECTED MINOR INJURY","NONE","39.09837054","-76.94428749","    (39.09837054, -76.94428749)"
"MCP271700KG","180045596","Montgomery County Police","Injury Crash","09/12/2018 06:10:00 PM","Maryland (State)","PINEY BRANCH RD","FLOWER AVE",,"N/A","PEDESTRIAN","OTHER","RAINING","WET","DAYLIGHT","NO CONTROLS","NONE DETECTED","NONE DETECTED","8D5B00D6-0732-4E86-8DF7-D04B1E43827F","PEDESTRIAN","Cross/Enter not at Intersection","DART DASH","ON ROADWAY NOT AT CROSSWALK","Yes","SUSPECTED MINOR INJURY","NONE","38.99828933","-77.0043315","    (38.99828933, -77.0043315)"
"EJ7858002K","180045275","Gaithersburg Police Depar","Injury Crash","09/11/2018 04:59:00 AM","Maryland (State)","S FREDERICK RD","EDUCATION BLVD",,"GAITHERSBURG","PEDESTRIAN","SINGLE VEHICLE","RAINING","WET","DARK LIGHTS ON","FLASHING TRAFFIC SIGNAL","NONE DETECTED","NONE DETECTED","281750AA-2123-4F38-87A0-13BE976C054F","PEDESTRIAN","Cross/Enter at Intersection","NOT VISIBLE","ON ROADWAY AT CROSSWALK","No","SUSPECTED MINOR INJURY","N/A","39.13599833","-77.19226833","    (39.13599833, -77.19226833)"
"MCP26120033","180045221","Montgomery County Police","Injury Crash","09/10/2018 06:30:00 PM",,,,"IN PARKING LOT OF 13661 CONNECTICUT AVE",,"PEDESTRIAN","SINGLE VEHICLE","RAINING",,"DUSK","N/A","N/A","N/A","738CAA9C-F2D1-4955-BC45-A4697D33AE0A","PEDESTRIAN","Other","IN ROADWAY IMPROPERLY","OTHER","Yes","POSSIBLE INJURY","N/A","39.07852167","-77.079635","    (39.07852167, -77.079635)"
"MCP3162000G","180045182","Montgomery County Police","Property Damage Crash","09/10/2018 03:56:00 PM","Maryland (State)","NEW HAMPSHIRE AVE","RAMP 4 FR MD 650 NB TO IS 495 EB",,"N/A","PEDESTRIAN","SAME DIR REAR END","RAINING","WET","DAYLIGHT","NO CONTROLS","NONE DETECTED","N/A","494CC876-4091-49AA-AC7A-43607BD5FC19","PEDESTRIAN","Standing","NO IMPROPER ACTIONS","ON ROADWAY AT CROSSWALK","No","NO APPARENT INJURY","N/A","39.01603667","-76.97742833","    (39.01603667, -76.97742833)"
"MCP31090019","180045118","Montgomery County Police","Injury Crash","09/10/2018 11:00:00 AM","County","FENTON ST","SLIGO AVE",,"N/A","PEDESTRIAN","SINGLE VEHICLE","CLOUDY","N/A","DAYLIGHT","NO CONTROLS","UNKNOWN","NONE DETECTED","93323D05-F681-4B14-B08F-BAC1C9A0D8F6","PEDESTRIAN","Standing","N/A","ON ROADWAY NOT AT CROSSWALK","No","POSSIBLE INJURY","REFLECTIVE CLOTHING","38.99023242","-77.02373791","    (38.99023242, -77.02373791)"
"EJ7846003J","180044997","Gaithersburg Police Depar","Injury Crash","09/09/2018 08:00:00 AM","Maryland (State)","QUINCE ORCHARD RD","FIRSTFIELD RD",,"GAITHERSBURG","PEDESTRIAN","STRAIGHT MOVEMENT ANGLE","RAINING","WET","DAYLIGHT","TRAFFIC SIGNAL","UNKNOWN","NONE DETECTED","68C64BEF-C17C-4F07-8E2A-33CC9D2C64DE","PEDESTRIAN","Cross/Enter not at Intersection","FAILURE TO YIELD RIGHT OF WAY","ON ROADWAY NOT AT CROSSWALK","Yes","POSSIBLE INJURY","N/A","39.14105","-77.20823","    (39.14105, -77.20823)"
"MCP3131000D","180044796","Montgomery County Police","Injury Crash","09/07/2018 07:55:00 PM","Government","GARRETT PARK RD","SCHUYLKILL RD",,"N/A","PEDESTRIAN","SINGLE VEHICLE","RAINING","WET","DARK NO LIGHTS","NO CONTROLS","NONE DETECTED","N/A","4FA6D670-9508-4379-AAF3-EDDA905234B4","PEDESTRIAN","Cross/Enter not at Intersection","DART DASH","ON ROADWAY NOT AT CROSSWALK","Yes","SUSPECTED MINOR INJURY","NONE","39.04004878","-77.09115348","    (39.04004878, -77.09115348)"
"MCP14530062","180044711","Montgomery County Police","Injury Crash","09/07/2018 12:23:00 PM","County","WISTERIA DR","WALTER JOHNSON RD",,"N/A","PEDESTRIAN","SINGLE VEHICLE","CLOUDY","DRY","DAYLIGHT","STOP SIGN","NONE DETECTED","NONE DETECTED","826AFEA5-CBCE-4554-B041-53D60B365D0C","PEDESTRIAN","Cross/Enter at Intersection","IN ROADWAY IMPROPERLY","ON ROADWAY AT CROSSWALK","Yes","SUSPECTED SERIOUS INJURY","N/A","39.17590333","-77.26840167","    (39.17590333, -77.26840167)"
"MCP1334006Y","180044660","Montgomery County Police","Injury Crash","09/07/2018 06:26:00 AM","Maryland (State)","S FREDERICK RD","N WESTLAND DR",,"N/A","BICYCLIST","STRAIGHT MOVEMENT ANGLE","CLEAR","DRY","DAWN","NO CONTROLS","NONE DETECTED","NONE DETECTED","1C5367CB-9952-45DB-891D-77EB4974985D","BICYCLIST","Walking/Riding w/Traffic","NO IMPROPER ACTIONS","OTHER","No","SUSPECTED SERIOUS INJURY","MC/BIKE HELMET","39.12796591","-77.18509472","    (39.12796591, -77.18509472)"
"MCP2656003C","180044582","Montgomery County Police","Property Damage Crash","09/06/2018 07:13:00 PM","County","BRANTFORD AVE","NEW HAMPSHIRE AVE",,"N/A","BICYCLIST","STRAIGHT MOVEMENT ANGLE","N/A","DRY","DARK LIGHTS ON","N/A","N/A","N/A","34F4DA45-1672-470C-AF15-449A7CFC313A","BICYCLIST","Cross/Enter at Intersection","NO IMPROPER ACTIONS","AT INTERSECTION MARKED CROSSWALK","No","NO APPARENT INJURY","MC/BIKE HELMET","39.05920833","-76.99764","    (39.05920833, -76.99764)"
"MCP1048003V","180044255","Montgomery County Police","Injury Crash","09/05/2018 07:55:00 AM","County","SHADY GROVE RD","CRABBS BRANCH WAY",,"N/A","BICYCLIST","OTHER","CLEAR","DRY","DAYLIGHT","TRAFFIC SIGNAL","NONE DETECTED","NONE DETECTED","B109D8A9-3334-4980-BD0C-FA3A20B3756A","BICYCLIST","Cross/Enter at Intersection","FAILURE TO OBEY TRAFFIC SIGNS SIGNALS OR OFFICER","AT INTERSECTION MARKED CROSSWALK","Yes","SUSPECTED MINOR INJURY","N/A","39.12927333","-77.167375","    (39.12927333, -77.167375)"
"MCP2680002P","180044204","Montgomery County Police","Property Damage Crash","09/04/2018 09:15:00 PM",,,,"PARKING GARAGE AT 8700 CAMERON ST",,"PEDESTRIAN","OTHER","CLEAR",,"DARK LIGHTS ON","NO CONTROLS","UNKNOWN","NONE DETECTED","D8AD3596-43E2-42E2-974E-D63452B5B199","PEDESTRIAN","Cross/Enter not at Intersection","NO IMPROPER ACTIONS","OTHER","No","NO APPARENT INJURY","REFLECTIVE CLOTHING","38.998305","-77.02881167","    (38.998305, -77.02881167)"
"MCP13420028","180044120","Montgomery County Police","Injury Crash","09/04/2018 01:00:00 PM","Maryland (State)","FALLS RD","S GLEN RD",,"N/A","BICYCLIST","SAME DIRECTION RIGHT TURN","CLEAR","DRY","DAYLIGHT","TRAFFIC SIGNAL","UNKNOWN","NONE DETECTED","239E5CED-80A7-41EF-926A-E64B79D5DB58","BICYCLIST","Cross/Enter at Intersection","NO IMPROPER ACTIONS","IN BIKEWAY","No","POSSIBLE INJURY","MC/BIKE HELMET","39.0266","-77.20424","    (39.0266, -77.20424)"
"MCP1020003M","180044050","Montgomery County Police","Injury Crash","09/04/2018 08:06:00 AM",,,,"DRIVEWAY TO 19910 FREDERICK ROAD",,"PEDESTRIAN","OTHER","CLEAR",,"DAYLIGHT","NO CONTROLS","NONE DETECTED","NONE DETECTED","ECB9C2FE-25E3-4896-9303-22165E060BE1","PEDESTRIAN","Cross/Enter not at Intersection","DART DASH","OTHER","Yes","SUSPECTED MINOR INJURY","N/A","39.1831895","-77.23926717","    (39.1831895, -77.23926717)"
"MCP2783002K","180043676","Montgomery County Police","Injury Crash","09/03/2018 05:17:00 PM",,,,"PARKING LOT OF 12021 GEORGIA AVENUE",,"PEDESTRIAN","N/A","CLEAR",,"DAYLIGHT","NO CONTROLS","NONE DETECTED","NONE DETECTED","DBCD206B-6CB1-4D21-8373-84C71354E72A","PEDESTRIAN","Other","UNKNOWN","OTHER","Unknown","SUSPECTED MINOR INJURY","NONE","39.05270309","-77.05014866","    (39.05270309, -77.05014866)"
"MCP24280019","180043908","Montgomery County Police","Injury Crash","09/03/2018 09:35:00 AM","County","FISHER AVE","W WILLARD RD",,"N/A","BICYCLIST","SAME DIR REAR END","CLEAR","DRY","DAYLIGHT","NO CONTROLS","UNKNOWN","NONE DETECTED","7563ABA2-8ECC-439C-B0C9-C21D5660EA86","BICYCLIST","Walking/Riding w/Traffic","NO IMPROPER ACTIONS","ON ROADWAY NOT AT CROSSWALK","No","SUSPECTED MINOR INJURY","MC/BIKE HELMET","39.1469928","-77.42542769","    (39.1469928, -77.42542769)"
"MCP2598001W","180043808","Montgomery County Police","Injury Crash","09/02/2018 03:05:00 PM","Maryland (State)","16TH ST","EAST WEST HWY",,"N/A","PEDESTRIAN","STRAIGHT MOVEMENT ANGLE","CLEAR","DRY","DAYLIGHT","NO CONTROLS","N/A","NONE DETECTED","DFE9418D-48C7-4EA3-8443-0B87D4E299FF","PEDESTRIAN","Cross/Enter at Intersection","NO IMPROPER ACTIONS","AT INTERSECTION MARKED CROSSWALK","No","POSSIBLE INJURY","NONE","38.99486875","-77.03643854","    (38.99486875, -77.03643854)"
"MCP27890050","180043679","Montgomery County Police","Injury Crash","09/01/2018 05:35:00 PM","Maryland (State)","GEORGIA AVE","COLESVILLE RD",,"N/A","PEDESTRIAN","SINGLE VEHICLE","CLEAR","DRY","DAYLIGHT","TRAFFIC SIGNAL","N/A","N/A","6A1362BB-6808-49D1-8357-AD17D4029552","PEDESTRIAN","Cross/Enter at Intersection","NO IMPROPER ACTIONS","AT INTERSECTION MARKED CROSSWALK","No","POSSIBLE INJURY","N/A","38.99581667","-77.02813","    (38.99581667, -77.02813)"
"MCP2923004F","180043454","Montgomery County Police","Injury Crash","08/31/2018 01:17:00 PM","Maryland (State)","VEIRS MILL RD","GALT AVE",,"N/A","PEDESTRIAN","OTHER","RAINING","WET","DAYLIGHT","NO CONTROLS","NONE DETECTED","UNKNOWN","1F050FE1-BA39-4FC4-AF2A-720229A62BEA","PEDESTRIAN","Cross/Enter not at Intersection","IN ROADWAY IMPROPERLY","ON ROADWAY NOT AT CROSSWALK","Yes","SUSPECTED SERIOUS INJURY","NONE","39.04122534","-77.05762066","    (39.04122534, -77.05762066)"
"MCP9419001S","180043414","Montgomery County Police","Injury Crash","08/31/2018 09:55:00 AM","County","SEVEN LOCKS RD","MONTROSE RD",,"N/A","PEDESTRIAN","OTHER","CLEAR","DRY","DAYLIGHT","TRAFFIC SIGNAL","NONE DETECTED","NONE DETECTED","09EB4AAA-A314-4699-BFBD-FDD705EA7696","PEDESTRIAN","Other Working","N/A","ON ROADWAY NOT AT CROSSWALK","Yes","SUSPECTED MINOR INJURY","REFLECTIVE CLOTHING","39.05682167","-77.16154333","    (39.05682167, -77.16154333)"
"EJ7829004Z","180043349","Gaithersburg Police Depar","Property Damage Crash","08/30/2018 08:30:00 PM","Municipality","GIRARD ST","N SUMMIT AVE",,"N/A","BICYCLIST","OTHER","CLEAR","DRY","DARK LIGHTS ON","NO CONTROLS","NONE DETECTED","NONE DETECTED","D51138C1-0D93-4BDE-A0DA-A14D31B7A788","BICYCLIST","Cross/Enter not at Intersection","NO IMPROPER ACTIONS","OTHER","Unknown","NO APPARENT INJURY","NONE","39.147655","-77.19084167","    (39.147655, -77.19084167)"
"DM83860014","180043329","Takoma Park Police Depart","Injury Crash","08/30/2018 07:15:00 PM","Municipality","MAPLE AVE","LINCOLN AVE",,"TAKOMA PARK","BICYCLIST","SAME DIRECTION LEFT TURN","CLEAR","DRY","DAWN","NO CONTROLS","NONE DETECTED","NONE DETECTED","A63D5700-F3DD-42B8-B9A8-4CF8C1086878","BICYCLIST","Cross/Enter not at Intersection","NOT VISIBLE","SIDEWALK","No","SUSPECTED SERIOUS INJURY","NONE","38.98424833","-77.004625","    (38.98424833, -77.004625)"
"MCP3112000T","180043077","Montgomery County Police","Injury Crash","08/29/2018 03:58:00 PM",,,,"PARKING LOT OF 4111 HOWARD AVE, KENSINGTON MD 20895",,"PEDESTRIAN","OTHER","CLEAR",,"DAYLIGHT","NO CONTROLS","N/A","NONE DETECTED","06BAB8F8-F1BD-49C4-A11C-1318C97F0006","PEDESTRIAN","Standing","NO IMPROPER ACTIONS","N/A","No","SUSPECTED MINOR INJURY","NONE","39.03049","-77.080705","    (39.03049, -77.080705)"
"MCP3003002C","180043072","Montgomery County Police","Injury Crash","08/29/2018 03:20:00 PM","Maryland (State)","OLD GEORGETOWN RD","SOUTH DR",,"N/A","BICYCLIST","STRAIGHT MOVEMENT ANGLE","CLEAR","DRY","DAYLIGHT","TRAFFIC SIGNAL","NONE DETECTED","NONE DETECTED","95F9BC01-F4A0-4BAA-BFC2-6C3177DBEF56","BICYCLIST","Cross/Enter at Intersection","FAILURE TO YIELD RIGHT OF WAY","AT INTERSECTION MARKED CROSSWALK","Yes","SUSPECTED MINOR INJURY","NONE","39.00013192","-77.10936389","    (39.00013192, -77.10936389)"
"MCP3137000B","180042854","Montgomery County Police","Injury Crash","08/28/2018 03:28:00 PM","County","BALLARD ST","WOODLAND DR",,"N/A","MACHINE OPERATOR/RIDER","HEAD ON LEFT TURN","CLEAR","DRY","DAYLIGHT","STOP SIGN","NONE DETECTED","NONE DETECTED","00FC3A38-1C56-454D-A9E3-7B7DA58916CE","MACHINE OPERATOR/RIDER","Walking/Riding w/Traffic","NO IMPROPER ACTIONS","ON ROADWAY NOT AT CROSSWALK","No","POSSIBLE INJURY","MC/BIKE HELMET","39.00139802","-77.0324746","    (39.00139802, -77.0324746)"
"MCP2812003Q","180042390","Montgomery County Police","Injury Crash","08/25/2018 04:19:00 PM","Maryland (State)","GEORGIA AVE","BELVEDERE BLVD",,"N/A","PEDESTRIAN","OTHER","CLEAR","DRY","DAYLIGHT","NO CONTROLS","N/A","N/A","80D1D118-1746-45D5-AE21-69B80C7BDE14","PEDESTRIAN","Cross/Enter not at Intersection","NOT VISIBLE","ON ROADWAY NOT AT CROSSWALK","Yes","SUSPECTED MINOR INJURY","NONE","39.01948095","-77.04400051","    (39.01948095, -77.04400051)"
"MCP3042001Z","180042346","Montgomery County Police","Injury Crash","08/25/2018 10:30:00 AM","Maryland (State)","GEORGIA AVE","VEIRS MILL RD",,"N/A","PEDESTRIAN","SINGLE VEHICLE","CLOUDY","DRY","DAYLIGHT","NO CONTROLS","NONE DETECTED","NONE DETECTED","D23EB759-6AD6-4165-8CC9-8F46C470B055","PEDESTRIAN","Cross/Enter at Intersection","NO IMPROPER ACTIONS","ON ROADWAY NOT AT CROSSWALK","Unknown","SUSPECTED MINOR INJURY","NONE","39.03540246","-77.04973724","    (39.03540246, -77.04973724)"
"MCP2728005R","180042255","Montgomery County Police","Injury Crash","08/24/2018 07:50:00 PM","County","WAYNE AVE","DALE DR",,"N/A","BICYCLIST","STRAIGHT MOVEMENT ANGLE","CLEAR","DRY","DUSK","NO CONTROLS","NONE DETECTED","NONE DETECTED","6EC811B7-CF93-4332-B595-065CE3BBCE51","BICYCLIST","Walking/Riding w/Traffic","NO IMPROPER ACTIONS","OTHER","No","SUSPECTED MINOR INJURY","MC/BIKE HELMET","38.99924167","-77.01722","    (38.99924167, -77.01722)"