"Report Number","Local Case Number","Agency Name","ACRS Report Type","Crash Date/Time","Route Type","Road Name","Cross-Street Name","Off-Road Description","Municipality","Related Non-Motorist","Collision Type","Weather","Surface Condition","Light","Traffic Control","Driver Substance Abuse","Non-Motorist Substance Abuse","Person ID","Pedestrian Type","Pedestrian Movement","Pedestrian Actions","Pedestrian Location","At Fault","Injury Severity","Safety Equipment","Latitude","Longitude","Location"
"DD56330008","180042427","Rockville Police Departme","Injury Crash","08/24/2018 06:30:00 PM","Maryland (State)","ROCKVILLE PIKE","EDMONSTON DR",,"ROCKVILLE","BICYCLIST","SINGLE VEHICLE","CLEAR","DRY","DAYLIGHT","N/A","NONE DETECTED","NONE DETECTED","C3854796-FCC9-4E06-A737-2D9A7F59B62F","BICYCLIST","Walking/Cycling on Sidewalk","NO IMPROPER ACTIONS","SIDEWALK","No","SUSPECTED MINOR INJURY","NONE","39.0739245","-77.134849","    (39.0739245, -77.134849)"
"MCP1022009Q","180042151","Montgomery County Police","Injury Crash","08/24/2018 08:43:00 AM","County","WANEGARDEN DR","WISTERIA DR",,"N/A","BICYCLIST","SINGLE VEHICLE","CLEAR","DRY","DAYLIGHT","STOP SIGN","NONE DETECTED","NONE DETECTED","24B81EAA-0874-4A36-95CC-D71BD10DF8C5","BICYCLIST","Walking/Riding w/Traffic","NO IMPROPER ACTIONS","ON ROADWAY NOT AT CROSSWALK","No","SUSPECTED MINOR INJURY","NONE","39.18197833","-77.28993667","    (39.18197833, -77.28993667)"
"DD56110054","180042145","Rockville Police Departme","Property Damage Crash","08/24/2018 07:55:00 AM","Municipality","W GUDE DR","GAITHER RD",,"ROCKVILLE","PEDESTRIAN","SINGLE VEHICLE","CLEAR","DRY","DAYLIGHT","NO CONTROLS","N/A","UNKNOWN","9D173C4C-118D-4F5B-8CB5-AFA2A189FFBB","PEDESTRIAN","Standing","IN ROADWAY IMPROPERLY","ON ROADWAY NOT AT CROSSWALK","Yes","NO APPARENT INJURY","N/A","39.10669833","-77.16453833","    (39.10669833, -77.16453833)"
"MCP2563000S","180042134","Montgomery County Police","Fatal Crash","08/24/2018 04:05:00 AM","Maryland (State)","GEORGIA AVE","REEDIE DR",,"N/A","PEDESTRIAN","SINGLE VEHICLE","CLEAR","DRY","DARK LIGHTS ON","NO CONTROLS","NONE DETECTED","UNKNOWN","5573539D-F220-48D3-B518-F685AE9FECFE","PEDESTRIAN","Cross/Enter not at Intersection","DART DASH","ON ROADWAY NOT AT CROSSWALK","Unknown","FATAL INJURY","NONE","39.03912635","-77.05113669","    (39.03912635, -77.05113669)"
"DM8388002B","180042044","Takoma Park Police Depart","Injury Crash","08/23/2018 04:40:00 PM",,,,"SIDEWALK IN FRONT OF 7419 MAPLE AVE.",,"BICYCLIST","SAME DIRECTION RIGHT TURN","CLEAR",,"DAYLIGHT","NO CONTROLS","NONE DETECTED","NONE DETECTED","1EA67743-1D55-48D5-92C9-3F13D4C44741","BICYCLIST","Walking/Cycling on Sidewalk","OTHER","SIDEWALK","Yes","POSSIBLE INJURY","NONE","38.98045138","-77.01085419","    (38.98045138, -77.01085419)"
"MCP20870028","180041953","Montgomery County Police","Injury Crash","08/23/2018 09:09:00 AM","County","RANDOLPH RD","JUDSON RD",,"N/A","OTHER","SINGLE VEHICLE","CLEAR","DRY","DAYLIGHT","STOP SIGN","NONE DETECTED","NONE DETECTED","53EC57BF-0314-4B6A-8A09-77474858A9CC","OTHER","Standing","NO IMPROPER ACTIONS","AT INTERSECTION BUT NO CROSSWALK","No","SUSPECTED SERIOUS INJURY","REFLECTIVE CLOTHING","39.05770833","-77.05182833","    (39.05770833, -77.05182833)"
"MCP3163000D","180041756","Montgomery County Police","Injury Crash","08/22/2018 09:37:00 AM","Maryland (State)","KNOWLES AVE","SUMMIT AVE",,"N/A","BICYCLIST","HEAD ON LEFT TURN","N/A","DRY","DAYLIGHT","TRAFFIC SIGNAL","NONE DETECTED","NONE DETECTED","917749C1-EC78-4CE5-842D-61B06539DE37","BICYCLIST","Cross/Enter at Intersection","FAILURE TO YIELD RIGHT OF WAY","ON ROADWAY AT CROSSWALK","No","SUSPECTED MINOR INJURY","NONE","39.02812255","-77.07969537","    (39.02812255, -77.07969537)"
"MCP3089001P","180041729","Montgomery County Police","Injury Crash","08/22/2018 08:00:00 AM","County","THAYER AVE","FENTON ST",,"N/A","BICYCLIST","OTHER","N/A","DRY","DAYLIGHT","TRAFFIC SIGNAL","N/A","N/A","9AECDAB3-4C7B-4385-9509-F4CDF0168527","BICYCLIST","Walking/Riding w/Traffic","NO IMPROPER ACTIONS","SHOULDER","No","SUSPECTED MINOR INJURY","N/A","38.99449667","-77.03050833","    (38.99449667, -77.03050833)"
"MCP3156000C","180041721","Montgomery County Police","Injury Crash","08/22/2018 05:39:00 AM","Maryland (State)","PINEY BRANCH RD","DALE DR",,"N/A","PEDESTRIAN","OTHER","CLEAR","DRY","DAWN","TRAFFIC SIGNAL","NONE DETECTED","NONE DETECTED","9C0E9226-04D0-4B42-95CA-FFB7B70E04A3","PEDESTRIAN","Cross/Enter at Intersection","DART DASH","ON ROADWAY AT CROSSWALK","Yes","SUSPECTED SERIOUS INJURY","N/A","38.99367","-77.009205","    (38.99367, -77.009205)"
"MCP271700K4","180041691","Montgomery County Police","Injury Crash","08/21/2018 09:40:00 PM","County","SOUTHAMPTON DR","BEACON RD",,"N/A","PEDESTRIAN","OTHER","CLEAR","WET","DARK LIGHTS ON","NO CONTROLS","UNKNOWN","NONE DETECTED","E4A9914F-97A3-40A2-A110-516C9E1071FF","PEDESTRIAN","Cross/Enter not at Intersection","IN ROADWAY IMPROPERLY","ON ROADWAY NOT AT CROSSWALK","No","SUSPECTED MINOR INJURY","NONE","39.00533483","-76.98210633","    (39.00533483, -76.98210633)"
"MCP271700K4","180041691","Montgomery County Police","Injury Crash","08/21/2018 09:40:00 PM","County","SOUTHAMPTON DR","BEACON RD",,"N/A","PEDESTRIAN","OTHER","CLEAR","WET","DARK LIGHTS ON","NO CONTROLS","UNKNOWN","NONE DETECTED","A31B1A79-C237-4CB6-88B4-DCFF2517D0BE","PEDESTRIAN","Cross/Enter not at Intersection","IN ROADWAY IMPROPERLY","ON ROADWAY NOT AT CROSSWALK","No","SUSPECTED MINOR INJURY","NONE","39.00533483","-76.98210633","    (39.00533483, -76.98210633)"
"MCP271700K4","180041691","Montgomery County Police","Injury Crash","08/21/2018 09:40:00 PM","County","SOUTHAMPTON DR","BEACON RD",,"N/A","PEDESTRIAN","OTHER","CLEAR","WET","DARK LIGHTS ON","NO CONTROLS","UNKNOWN","NONE DETECTED","2D1AC938-0AD1-4A2D-A06C-21E120626FB5","PEDESTRIAN","Cross/Enter not at Intersection","IN ROADWAY IMPROPERLY","ON ROADWAY NOT AT CROSSWALK","No","SUSPECTED MINOR INJURY","NONE","39.00533483","-76.98210633","    (39.00533483, -76.98210633)"
"MCP2708003N","180041484","Montgomery County Police","Injury Crash","08/20/2018 08:41:00 PM","Maryland (State)","NEW HAMPSHIRE AVE","POWDER MILL RD",,"N/A","PEDESTRIAN","STRAIGHT MOVEMENT ANGLE","CLEAR","DRY","DARK LIGHTS ON","TRAFFIC SIGNAL","NONE DETECTED","UNKNOWN","9446DC28-CC34-4E46-A636-D2A1970F61DE","PEDESTRIAN","Cross/Enter at Intersection","IN ROADWAY IMPROPERLY","ON ROADWAY AT CROSSWALK","Yes","POSSIBLE INJURY","NONE","39.02223164","-76.97753594","    (39.02223164, -76.97753594)"
"MCP1301000Y","180041500","Montgomery County Police","Fatal Crash","08/20/2018 08:26:00 PM","Maryland (State)","GEORGIA AVE","GLENALLAN AVE",,"N/A","PEDESTRIAN","SINGLE VEHICLE","CLOUDY","DRY","DUSK","N/A","NONE DETECTED","UNKNOWN","20D5B51E-5331-47A7-9E92-BBB69042FCFC","PEDESTRIAN","Cross/Enter not at Intersection","DART DASH","N/A","Yes","FATAL INJURY","N/A","39.06200287","-77.05351985","    (39.06200287, -77.05351985)"
"MCP9422001K","180041354","Montgomery County Police","Injury Crash","08/20/2018 10:15:00 AM","County","ELLSWORTH DR","FENTON ST",,"N/A","PEDESTRIAN","SINGLE VEHICLE","CLOUDY","DRY","DAYLIGHT","TRAFFIC SIGNAL","NONE DETECTED","NONE DETECTED","7E55D17C-71E7-4520-BA6A-9BD31CEB1EAD","PEDESTRIAN","Other","IN ROADWAY IMPROPERLY","CURB","Yes","POSSIBLE INJURY","N/A","38.99702167","-77.0253","    (38.99702167, -77.0253)"
"MCP29290034","180041210","Montgomery County Police","Injury Crash","08/19/2018 05:46:00 AM","Maryland (State)","OLNEY SANDY SPRING RD","SPARTAN RD",,"N/A","PEDESTRIAN","OTHER","N/A","DRY","DAWN","TRAFFIC SIGNAL","NONE DETECTED","NONE DETECTED","06D6A75B-FE09-499A-9CEE-4B20B96C439A","PEDESTRIAN","Walking/Riding w/Traffic","NO IMPROPER ACTIONS","ON ROADWAY AT CROSSWALK","No","SUSPECTED MINOR INJURY","NONE","39.15072667","-77.06254667","    (39.15072667, -77.06254667)"
"MCP30650022","180041130","Montgomery County Police","Injury Crash","08/18/2018 02:57:00 PM",,,,"PARKING LOT OF 11311 LOCKWOOD DR",,"BICYCLIST","OTHER","CLEAR",,"DAYLIGHT","N/A","NONE DETECTED","NONE DETECTED","589983C1-734D-44F2-ADD3-4BA347FD4910","BICYCLIST","Walking/Cycling on Sidewalk","NO IMPROPER ACTIONS","SIDEWALK","No","POSSIBLE INJURY","NONE","39.04015667","-76.98933","    (39.04015667, -76.98933)"
"MCP27800042","180040949","Montgomery County Police","Injury Crash","08/17/2018 02:43:00 PM","Maryland (State)","CLOPPER RD","KINGSVIEW VILLAGE AVE",,"N/A","BICYCLIST","OTHER","N/A","DRY","DAYLIGHT","TRAFFIC SIGNAL","N/A","NONE DETECTED","A7A87082-6B23-4493-A978-F50BDD417792","BICYCLIST","Walking/Cycling on Sidewalk","IN ROADWAY IMPROPERLY","AT INTERSECTION MARKED CROSSWALK","Yes","SUSPECTED MINOR INJURY","MC/BIKE HELMET","39.16089167","-77.27955","    (39.16089167, -77.27955)"
"MCP1227000R","180040809","Montgomery County Police","Fatal Crash","08/16/2018 04:01:00 PM","Maryland (State)","NORBECK RD","E GUDE DR",,"ROCKVILLE","PEDESTRIAN","SINGLE VEHICLE","CLEAR","DRY","DAYLIGHT","TRAFFIC SIGNAL","NONE DETECTED","NONE DETECTED","8887AF4A-37F4-45BA-98C6-0DD00EF89BDE","PEDESTRIAN","Cross/Enter at Intersection","UNKNOWN","ON ROADWAY AT CROSSWALK","Unknown","FATAL INJURY","NONE","39.09007553","-77.12899195","    (39.09007553, -77.12899195)"
"MCP2243000J","180040556","Montgomery County Police","Injury Crash","08/15/2018 08:23:00 AM","County","DELCRIS DR","IVYBRIDGE CT",,"N/A","PEDESTRIAN","SINGLE VEHICLE","CLOUDY","DRY","DAYLIGHT","NO CONTROLS","UNKNOWN","NONE DETECTED","B648E2E6-B2D5-40EE-8F45-7BA3C0AAE732","PEDESTRIAN","Walking/Riding against Traffic","UNKNOWN","ON ROADWAY NOT AT CROSSWALK","Unknown","POSSIBLE INJURY","NONE","39.18848433","-77.17804819","    (39.18848433, -77.17804819)"
"MCP229800K3","180040231","Montgomery County Police","Injury Crash","08/13/2018 02:45:00 PM","County","WARING STATION RD","WINDING CREEK WAY",,"N/A","PEDESTRIAN","OTHER","CLOUDY","DRY","DAYLIGHT","N/A","NONE DETECTED","NONE DETECTED","75231928-DCAD-406F-8F18-71751E3975D9","PEDESTRIAN","Other","DART DASH","OUTSIDE RIGHT OF WAY","Yes","POSSIBLE INJURY","N/A","39.16323667","-77.24913167","    (39.16323667, -77.24913167)"
"EJ7829004T","180040228","Gaithersburg Police Depar","Injury Crash","08/13/2018 02:00:00 PM",,,,"PARKING LOT OF 15750 SHADY GROVE ROAD",,"PEDESTRIAN","OTHER","CLEAR",,"DAYLIGHT","NO CONTROLS","N/A","N/A","095774F6-C282-4372-9EFF-B483ABE1F734","PEDESTRIAN","Standing","OTHER","OTHER","Yes","POSSIBLE INJURY","N/A","39.11958973","-77.24573135","    (39.11958973, -77.24573135)"
"HA2372000X","18001064","Maryland-National Capital","Injury Crash","08/13/2018 11:19:00 AM","Government","LITTLE FALLS PKWY","ARLINGTON RD",,"N/A","PEDESTRIAN","OTHER","CLEAR","DRY","DAYLIGHT","STOP SIGN","NONE DETECTED","UNKNOWN","8710EFF5-E9A4-4944-AE39-A9333039E9F4","PEDESTRIAN","Cross/Enter at Intersection","DART DASH","ON ROADWAY AT CROSSWALK","Yes","SUSPECTED MINOR INJURY","UNKNOWN","38.97334695","-77.10107312","    (38.97334695, -77.10107312)"
"MCP2546002H","180040021","Montgomery County Police","Fatal Crash","08/11/2018 11:30:00 PM","Maryland (State)","GEORGIA AVE","VEIRS MILL RD",,"N/A","PEDESTRIAN","SINGLE VEHICLE","CLEAR","DRY","DARK LIGHTS ON","NO CONTROLS","NONE DETECTED","UNKNOWN","09BA6EF6-0D38-47E2-B63D-7E73FDF55718","PEDESTRIAN","Cross/Enter not at Intersection","UNKNOWN","ON ROADWAY NOT AT CROSSWALK","Unknown","FATAL INJURY","NONE","39.03765","-77.05047333","    (39.03765, -77.05047333)"
"MCP2254001W","180039943","Montgomery County Police","Property Damage Crash","08/11/2018 02:30:00 AM","Maryland (State)","RIDGE RD","KEMPTOWN RD",,"N/A","OTHER","SINGLE VEHICLE","N/A","DRY","N/A","NO CONTROLS","NONE DETECTED","N/A","4DFE3B14-494D-44AB-9E0A-750C49343FF7","OTHER","N/A","N/A","OTHER","No","NO APPARENT INJURY","N/A","39.31343333","-77.19807333","    (39.31343333, -77.19807333)"
"MCP9318000N","180039836","Montgomery County Police","Property Damage Crash","08/10/2018 08:45:00 PM",,,,"VEH CRASH INTO 3952 ANGELTON CT, BURTONSVILLE MD",,"OTHER","SINGLE VEHICLE","CLEAR",,"DARK LIGHTS ON","N/A","NONE DETECTED","NONE DETECTED","152CEA60-DC49-4E53-A996-A84107E8899E","OTHER","N/A","N/A","OTHER","No","NO APPARENT INJURY","N/A","39.08890333","-76.93335","    (39.08890333, -76.93335)"
"MCP9318000N","180039836","Montgomery County Police","Property Damage Crash","08/10/2018 08:45:00 PM",,,,"VEH CRASH INTO 3952 ANGELTON CT, BURTONSVILLE MD",,"OTHER","SINGLE VEHICLE","CLEAR",,"DARK LIGHTS ON","N/A","NONE DETECTED","N/A","9323A20D-F2CC-42FC-A235-302D1FDF0FC2","OTHER","N/A","NO IMPROPER ACTIONS","N/A","No","NO APPARENT INJURY","N/A","39.08890333","-76.93335","    (39.08890333, -76.93335)"
"MCP1202003F","180039760","Montgomery County Police","Injury Crash","08/10/2018 12:28:00 PM","Maryland (State)","BRADLEY LA","WISCONSIN AVE",,"N/A","BICYCLIST","SAME DIRECTION SIDESWIPE","CLEAR","DRY","DAYLIGHT","NO CONTROLS","UNKNOWN","NONE DETECTED","F5BF5B4A-D9DD-470A-B492-DAA08152B257","BICYCLIST","Walking/Riding w/Traffic","NO IMPROPER ACTIONS","IN BIKEWAY","No","SUSPECTED SERIOUS INJURY","MC/BIKE HELMET","38.97709667","-77.08568667","    (38.97709667, -77.08568667)"
"MCP2191002D","180039753","Montgomery County Police","Injury Crash","08/10/2018 12:13:00 PM",,,,"PARKING LOT OF 11919 ROCKVILLE PIKE",,"OTHER","SINGLE VEHICLE","UNKNOWN",,"DAYLIGHT","N/A","NONE DETECTED","NONE DETECTED","741FC81D-5CF9-4AD7-9704-263E0D91F3A4","OTHER","N/A","N/A","INSIDE BUILDING","No","POSSIBLE INJURY","N/A","39.05156233","-77.11470283","    (39.05156233, -77.11470283)"
"MCP2351002B","180039734","Montgomery County Police","Injury Crash","08/10/2018 10:47:00 AM","County","BOU AVE","SPUR TO CHAPMAN AVE",,"N/A","BICYCLIST","OTHER","CLEAR","DRY","DAYLIGHT","YIELD SIGN","UNKNOWN","NONE DETECTED","268A5B02-7AB2-4A12-8CAF-A5EB4500125D","BICYCLIST","Walking/Riding w/Traffic","NO IMPROPER ACTIONS","ON ROADWAY AT CROSSWALK","No","SUSPECTED MINOR INJURY","UNKNOWN","39.05727446","-77.11769342","    (39.05727446, -77.11769342)"
"MCP2934003D","180039605","Montgomery County Police","Injury Crash","08/09/2018 05:48:00 PM",,,,"PARKING LOT OF MACY'S LOCATED AT 7101 DEMOCRACY BLVD",,"PEDESTRIAN","OTHER","N/A",,"DAYLIGHT","NO CONTROLS","NONE DETECTED","N/A","FDD2C115-1EAC-40B4-A966-85FFB7AB110D","PEDESTRIAN","Other","INATTENTIVE","OTHER","Yes","POSSIBLE INJURY","N/A","39.0230263","-77.14618921","    (39.0230263, -77.14618921)"
"MCP31090013","180039559","Montgomery County Police","Injury Crash","08/09/2018 02:15:00 PM","Maryland (State)","GEORGIA AVE","THE MD NATIONAL CAPITAL PARK & PLANNING",,"N/A","PEDESTRIAN","SINGLE VEHICLE","CLEAR","DRY","DAYLIGHT","NO CONTROLS","NONE DETECTED","NONE DETECTED","4F1C357E-EBF4-4A18-8951-3EC1C6209001","PEDESTRIAN","Cross/Enter not at Intersection","IN ROADWAY IMPROPERLY","ON ROADWAY NOT AT CROSSWALK","Yes","POSSIBLE INJURY","NONE","38.99909202","-77.03131557","    (38.99909202, -77.03131557)"
"MCP2859005F","180039488","Montgomery County Police","Injury Crash","08/09/2018 05:40:00 AM","Maryland (State)","GREAT SENECA HWY","QUINCE ORCHARD RD",,"N/A","PEDESTRIAN","SAME DIR REAR END","CLEAR","DRY","DARK NO LIGHTS","NO CONTROLS","NONE DETECTED","NONE DETECTED","2259B21D-B6CB-4793-B41C-5D8234EAC9EA","PEDESTRIAN","Standing","NO IMPROPER ACTIONS","OTHER","No","POSSIBLE INJURY","NONE","39.13033333","-77.23971833","    (39.13033333, -77.23971833)"
"MCP3093000S","180039443","Montgomery County Police","Injury Crash","08/08/2018 09:15:00 PM",,,,"PARKING LOT IN FRONT OF 10911 BREWER HOUSE RD",,"PEDESTRIAN","N/A","N/A",,"DARK LIGHTS ON","NO CONTROLS","N/A","N/A","C82748B4-44EA-499A-B04F-B56CF0CF2E16","PEDESTRIAN","Cross/Enter not at Intersection","NOT VISIBLE","ON ROADWAY NOT AT CROSSWALK","Yes","POSSIBLE INJURY","N/A","39.03500833","-77.11345167","    (39.03500833, -77.11345167)"
"MCP271700K1","180039391","Montgomery County Police","Injury Crash","08/08/2018 04:45:00 PM","Maryland (State)","UNIVERSITY BLVD E","COLESVILLE RD",,"N/A","PEDESTRIAN","OTHER","CLEAR","DRY","DAYLIGHT","TRAFFIC SIGNAL","NONE DETECTED","NONE DETECTED","96341BFC-4BFE-484A-A32A-F95DF70D3094","PEDESTRIAN","Cross/Enter not at Intersection","DART DASH","ON ROADWAY NOT AT CROSSWALK","Yes","SUSPECTED MINOR INJURY","NONE","39.020385","-77.014245","    (39.020385, -77.014245)"
"MCP2031001J","180039341","Montgomery County Police","Property Damage Crash","08/08/2018 12:21:00 PM","Maryland (State)","RIDGE RD","SUNSET DR",,"N/A","OTHER","SAME DIR REAR END","N/A","DRY","DAYLIGHT","NO CONTROLS","NONE DETECTED","NONE DETECTED","28D3746F-FBE2-4780-819E-49935BE99492","OTHER","Other Working","NO IMPROPER ACTIONS","OTHER","No","NO APPARENT INJURY","NONE","39.277808","-77.21266783","    (39.277808, -77.21266783)"
"MCP23580058","180038830","Montgomery County Police","Injury Crash","08/05/2018 08:30:00 AM","County","MACARTHUR BLVD","WILSON LA",,"N/A","BICYCLIST","STRAIGHT MOVEMENT ANGLE","CLEAR","DRY","DAYLIGHT","NO CONTROLS","NONE DETECTED","NONE DETECTED","1C61FEC9-B644-42B6-BF0D-1BD68A69FE14","BICYCLIST","Walking/Riding w/Traffic","NO IMPROPER ACTIONS","OTHER","No","SUSPECTED MINOR INJURY","MC/BIKE HELMET","38.97292667","-77.14644667","    (38.97292667, -77.14644667)"
"MCP28130057","180038702","Montgomery County Police","Injury Crash","08/04/2018 05:50:00 PM",,,,"PARKING LOT OF 4301 RANDOLPH RD",,"PEDESTRIAN","OTHER","CLEAR",,"DAYLIGHT","N/A","N/A","N/A","E7428D8F-B3F9-401C-A2A1-1BB16F5065FA","PEDESTRIAN","Other","N/A","OTHER","No","SUSPECTED MINOR INJURY","N/A","39.05566333","-77.08368333","    (39.05566333, -77.08368333)"
"MCP28130057","180038702","Montgomery County Police","Injury Crash","08/04/2018 05:50:00 PM",,,,"PARKING LOT OF 4301 RANDOLPH RD",,"PEDESTRIAN","OTHER","CLEAR",,"DAYLIGHT","N/A","N/A","N/A","11A24798-D25B-49EC-B6F5-0FD018CADEB9","PEDESTRIAN","Other","N/A","OTHER","No","SUSPECTED MINOR INJURY","N/A","39.05566333","-77.08368333","    (39.05566333, -77.08368333)"
"MCP2950001L","180038639","Montgomery County Police","Injury Crash","08/04/2018 05:00:00 AM","County","STRINGTOWN RD","ST CLAIR RD",,"N/A","BICYCLIST","SAME DIR REAR END","CLOUDY","WET","DARK LIGHTS ON","NO CONTROLS","UNKNOWN","NONE DETECTED","B9890DD4-4327-4034-8A78-CF39133F4F71","BICYCLIST","Walking/Riding w/Traffic","NO IMPROPER ACTIONS","SHOULDER","No","SUSPECTED SERIOUS INJURY","MC/BIKE HELMET","39.240335","-77.270135","    (39.240335, -77.270135)"
"MCP2339003M","180038573","Montgomery County Police","Injury Crash","08/03/2018 07:32:00 PM","County","RANDOLPH RD","PARKLAWN DR",,"N/A","BICYCLIST","OTHER","RAINING","WET","DAYLIGHT","TRAFFIC SIGNAL","NONE DETECTED","NONE DETECTED","2AFD2FE0-A041-4D97-8EF7-76D59E45F9A7","BICYCLIST","Cross/Enter at Intersection","NO IMPROPER ACTIONS","ON ROADWAY AT CROSSWALK","No","SUSPECTED MINOR INJURY","NONE","39.05342667","-77.10708","    (39.05342667, -77.10708)"
"EJ7858002C","180038495","Gaithersburg Police Depar","Injury Crash","08/03/2018 11:50:00 AM","Municipality","CHRISTOPHER AVE","RUSSELL AVE",,"GAITHERSBURG","PEDESTRIAN","SINGLE VEHICLE","CLOUDY","DRY","DAYLIGHT","STOP SIGN","NONE DETECTED","NONE DETECTED","FFF247AB-8494-4BDD-AD74-FA9BBF94F5A1","PEDESTRIAN","Cross/Enter not at Intersection","NO IMPROPER ACTIONS","OTHER","No","SUSPECTED MINOR INJURY","NONE","39.1583657","-77.21244514","    (39.1583657, -77.21244514)"
"MCP2914007C","180038331","Montgomery County Police","Injury Crash","08/02/2018 02:36:00 PM","Maryland (State)","NEW HAMPSHIRE AVE","POWDER MILL RD",,"N/A","PEDESTRIAN","OTHER","RAINING","WET","DAYLIGHT","TRAFFIC SIGNAL","N/A","N/A","765CE0F3-6797-41D7-91EE-8968BC32EB57","PEDESTRIAN","Cross/Enter at Intersection","DART DASH","ON ROADWAY AT CROSSWALK","Unknown","POSSIBLE INJURY","NONE","39.02224071","-76.9773522","    (39.02224071, -76.9773522)"
"MCP2680002K","180038168","Montgomery County Police","Injury Crash","08/01/2018 04:05:00 PM","County","SILVER SPRING AVE","GROVE ST",,"N/A","BICYCLIST","STRAIGHT MOVEMENT ANGLE","CLEAR","DRY","DAYLIGHT","STOP SIGN","NONE DETECTED","NONE DETECTED","6887EC85-73E6-4E9F-BD5B-D4F272C21742","BICYCLIST","Walking/Riding w/Traffic","NO IMPROPER ACTIONS","OTHER","No","SUSPECTED MINOR INJURY","MC/BIKE HELMET","38.9916875","-77.02190638","    (38.9916875, -77.02190638)"
"MCP26870036","180038139","Montgomery County Police","Injury Crash","08/01/2018 02:12:00 PM",,,,"FARMERS MARKET PARKING LOT. 
7155 WISCONSIN AVE BETHESDA MD",,"PEDESTRIAN","SINGLE VEHICLE","CLEAR",,"DAYLIGHT","NO CONTROLS","NONE DETECTED","NONE DETECTED","2258A857-0F34-4DE0-B315-2A9727F899F6","PEDESTRIAN","Other","NO IMPROPER ACTIONS","OTHER","No","SUSPECTED MINOR INJURY","NONE","38.98131333","-77.09236","    (38.98131333, -77.09236)"
"MCP11230022","180038074","Montgomery County Police","Injury Crash","08/01/2018 07:09:00 AM","Maryland (State)","GEORGIA AVE","SHOREFIELD RD",,"N/A","PEDESTRIAN","SINGLE VEHICLE","CLOUDY","DRY","DAYLIGHT","TRAFFIC SIGNAL","NONE DETECTED","NONE DETECTED","6FE789F9-0D50-411A-AB33-C43A865E7C39","PEDESTRIAN","Cross/Enter at Intersection","NO IMPROPER ACTIONS","AT INTERSECTION MARKED CROSSWALK","No","SUSPECTED MINOR INJURY","NONE","39.052985","-77.05087667","    (39.052985, -77.05087667)"
"MCP30050042","180037729","Montgomery County Police","Injury Crash","07/30/2018 12:20:00 PM","Maryland (State)","LAYHILL RD","ENT TO SHOPPING CENTER",,"N/A","BICYCLIST","OTHER","CLOUDY","DRY","DAYLIGHT","STOP SIGN","NONE DETECTED","NONE DETECTED","1286498B-A42D-4064-B323-B9164866ED9D","BICYCLIST","Cross/Enter at Intersection","UNKNOWN","SIDEWALK","Unknown","POSSIBLE INJURY","NONE","39.06089788","-77.05083735","    (39.06089788, -77.05083735)"
"MCP27220030","180037639","Montgomery County Police","Injury Crash","07/29/2018 08:38:00 PM",,,,"PARKING LOT OF 14101 GEORGIA AVE SILVER SPRING, MD",,"BICYCLIST","SINGLE VEHICLE","CLEAR",,"DARK LIGHTS ON","NO CONTROLS","N/A","N/A","D5F26865-3F28-48A2-9B3C-490BE063E1D4","BICYCLIST","Cross/Enter at Intersection","NO IMPROPER ACTIONS","SIDEWALK","No","POSSIBLE INJURY","NONE","39.08536833","-77.07825","    (39.08536833, -77.07825)"
"MCP28820028","180037034","Montgomery County Police","Injury Crash","07/27/2018 03:20:00 PM","County","GERMANTOWN RD","SHAKESPEARE BLVD",,"N/A","BICYCLIST","SINGLE VEHICLE","CLEAR","DRY","DAYLIGHT","TRAFFIC SIGNAL","NONE DETECTED","NONE DETECTED","9BF24F9C-1863-49CC-B0F8-5B26FCD77776","BICYCLIST","Walking/Riding w/Traffic","NO IMPROPER ACTIONS","ON ROADWAY AT CROSSWALK","No","SUSPECTED MINOR INJURY","NONE","39.18853496","-77.25182667","    (39.18853496, -77.25182667)"
"MCP14360002","180037248","Montgomery County Police","Injury Crash","07/27/2018 01:04:00 PM",,,,"PARKING LOT AT 1911 ROCKVILLE PIKE",,"PEDESTRIAN","SINGLE VEHICLE","CLEAR",,"DAYLIGHT","N/A","NONE DETECTED","NONE DETECTED","C5E07693-0C26-482F-81F2-ED7635DDEEEB","PEDESTRIAN","Walking/Cycling on Sidewalk","N/A","SIDEWALK","No","POSSIBLE INJURY","N/A","39.05841581","-77.12148607","    (39.05841581, -77.12148607)"
"MCP1022009G","180036958","Montgomery County Police","Injury Crash","07/26/2018 07:32:00 AM",,,,"DRIVEWAY OF 26601 MULLINIX MILL RD MT AIRY, MD 21771",,"PEDESTRIAN","SINGLE VEHICLE","CLEAR",,"DAYLIGHT","NO CONTROLS","NONE DETECTED","NONE DETECTED","FF49B7C2-FF41-4ED2-8043-6EE5470011AF","PEDESTRIAN","Other","DART DASH","OTHER","Yes","SUSPECTED SERIOUS INJURY","N/A","39.293005","-77.15005667","    (39.293005, -77.15005667)"
"MCP2936002R","180036865","Montgomery County Police","Injury Crash","07/25/2018 04:36:00 PM","County","WOODGLEN DR","NICHOLSON LA",,"N/A","BICYCLIST","OTHER","CLEAR","DRY","DAYLIGHT","OTHER","UNKNOWN","NONE DETECTED","F77DD49F-1B22-4D91-B879-9922B2609D36","BICYCLIST","Other","NO IMPROPER ACTIONS","ON ROADWAY AT CROSSWALK","No","POSSIBLE INJURY","NONE","39.04398667","-77.11339667","    (39.04398667, -77.11339667)"
"MCP11230021","180036808","Montgomery County Police","Injury Crash","07/25/2018 11:08:00 AM","Maryland (State)","LAYHILL RD","MIDDLEBRIDGE DR",,"N/A","PEDESTRIAN","SINGLE VEHICLE","CLOUDY","DRY","DAYLIGHT","NO CONTROLS","NONE DETECTED","NONE DETECTED","C507E5CD-8691-4C97-A621-CC5561811C07","PEDESTRIAN","Cross/Enter at Intersection","DART DASH","AT INTERSECTION BUT NO CROSSWALK","Unknown","SUSPECTED MINOR INJURY","NONE","39.072865","-77.0455","    (39.072865, -77.0455)"