"Report Number","Local Case Number","Agency Name","ACRS Report Type","Crash Date/Time","Route Type","Road Name","Cross-Street Name","Off-Road Description","Municipality","Related Non-Motorist","Collision Type","Weather","Surface Condition","Light","Traffic Control","Driver Substance Abuse","Non-Motorist Substance Abuse","Person ID","Pedestrian Type","Pedestrian Movement","Pedestrian Actions","Pedestrian Location","At Fault","Injury Severity","Safety Equipment","Latitude","Longitude","Location"
"MCP3050001K","170534971","Montgomery County Police","Injury Crash","10/05/2017 03:45:00 PM",,,,"IN PARKING LOT IFO 14231 GEORGIA AVE SILVER SPRING, MD 20906.",,"PEDESTRIAN","SINGLE VEHICLE","CLEAR",,"DAYLIGHT","N/A","NONE DETECTED","NONE DETECTED","0732F410-0983-4FD5-9E49-83F339701475","PEDESTRIAN","Other","DART DASH","OTHER","Yes","SUSPECTED MINOR INJURY","N/A","39.09211","-77.06884","    (39.09211, -77.06884)"
"DD55900014","170534938","Rockville Police Departme","Injury Crash","10/05/2017 02:55:00 PM","Maryland (State)","FREDERICK RD","E GUDE DR",,"N/A","BICYCLIST","STRAIGHT MOVEMENT ANGLE","CLEAR","DRY","DAYLIGHT","N/A","NONE DETECTED","NONE DETECTED","BAD1D1E8-2BA8-40C4-A826-0974F9E14F27","BICYCLIST","Walking/Cycling on Sidewalk","NO IMPROPER ACTIONS","SIDEWALK","No","SUSPECTED MINOR INJURY","NONE","39.10406333","-77.15628667","    (39.10406333, -77.15628667)"
"MCP2351001G","170534931","Montgomery County Police","Injury Crash","10/05/2017 02:38:00 PM","County","PARKLAWN DR","RANDOLPH RD",,"N/A","PEDESTRIAN","OTHER","CLEAR","DRY","DAYLIGHT","TRAFFIC SIGNAL","NONE DETECTED","NONE DETECTED","79B4B7F6-31A5-4A30-8558-B0CD619180FA","PEDESTRIAN","Cross/Enter at Intersection","UNKNOWN","AT INTERSECTION MARKED CROSSWALK","Unknown","POSSIBLE INJURY","N/A","39.06397","-77.117405","    (39.06397, -77.117405)"
"MCP2351001G","170534931","Montgomery County Police","Injury Crash","10/05/2017 02:38:00 PM","County","PARKLAWN DR","RANDOLPH RD",,"N/A","PEDESTRIAN","OTHER","CLEAR","DRY","DAYLIGHT","TRAFFIC SIGNAL","NONE DETECTED","NONE DETECTED","07E5E1EA-91CC-4558-AC07-EFDB787CFB45","PEDESTRIAN","Cross/Enter at Intersection","UNKNOWN","AT INTERSECTION MARKED CROSSWALK","Unknown","POSSIBLE INJURY","N/A","39.06397","-77.117405","    (39.06397, -77.117405)"
"MCP2351001G","170534931","Montgomery County Police","Injury Crash","10/05/2017 02:38:00 PM","County","PARKLAWN DR","RANDOLPH RD",,"N/A","PEDESTRIAN","OTHER","CLEAR","DRY","DAYLIGHT","TRAFFIC SIGNAL","NONE DETECTED","N/A","56D8D182-0807-42B3-96CD-69B3A9B11A3D","PEDESTRIAN","Cross/Enter at Intersection","N/A","AT INTERSECTION MARKED CROSSWALK","No","POSSIBLE INJURY","OTHER","39.06397","-77.117405","    (39.06397, -77.117405)"
"MCP1580007L","170534879","Montgomery County Police","Injury Crash","10/05/2017 10:24:00 AM","County","SNOUFFERS SCHOOL RD","GOSHEN RD",,"N/A","PEDESTRIAN","OTHER","CLEAR","DRY","DAYLIGHT","N/A","NONE DETECTED","MEDICATION PRESENT","C0BF6780-A8EF-4EBB-9A89-4AB18E7CD2EC","PEDESTRIAN","Other","DART DASH","ON ROADWAY NOT AT CROSSWALK","Yes","SUSPECTED MINOR INJURY","NONE","39.18648667","-77.18759167","    (39.18648667, -77.18759167)"
"MCP1022007Y","170534854","Montgomery County Police","Injury Crash","10/05/2017 07:37:00 AM","County","WATERFORD HILLS BLVD","GALWAY BAY CIRCLE",,"N/A","PEDESTRIAN","SINGLE VEHICLE","CLEAR","DRY","DAYLIGHT","NO CONTROLS","NONE DETECTED","NONE DETECTED","E51A6D29-505E-42E2-ABE4-0EC9F39D9461","PEDESTRIAN","Cross/Enter at Intersection","NO IMPROPER ACTIONS","ON ROADWAY NOT AT CROSSWALK","No","SUSPECTED MINOR INJURY","NONE","39.17783","-77.2769","    (39.17783, -77.2769)"
"EJ7857001R","170534764","Gaithersburg Police Depar","Injury Crash","10/04/2017 05:18:00 PM","Maryland (State)","W DIAMOND AVE","RAMP 7 FR MD 117 WB TO RAMP 6 (TO IS270)",,"N/A","BICYCLIST","SINGLE VEHICLE","CLEAR","DRY","DAYLIGHT","OTHER","NONE DETECTED","NONE DETECTED","F8341DA4-9D08-4E9C-BCEE-C7EA836AD1B2","BICYCLIST","Other","N/A","OTHER","No","SUSPECTED MINOR INJURY","NONE","39.14052333","-77.21426","    (39.14052333, -77.21426)"
"HA24110009","17001331","Maryland-National Capital","Injury Crash","10/04/2017 09:36:00 AM","Maryland (State)","LAYHILL RD","BAUGHMAN DR",,"N/A","PEDESTRIAN","OTHER","CLEAR","DRY","DAYLIGHT","N/A","NONE DETECTED","NONE DETECTED","8E04201F-8C2F-4B53-9BDA-08C439101A2E","PEDESTRIAN","Walking/Riding w/Traffic","UNKNOWN","SHOULDER","No","SUSPECTED MINOR INJURY","N/A","39.10446175","-77.03905776","    (39.10446175, -77.03905776)"
"MCP2637001Y","170534672","Montgomery County Police","Injury Crash","10/04/2017 09:03:00 AM","County","CAVANAUGH DR","SHADY GROVE RD",,"N/A","PEDESTRIAN","OTHER","CLEAR","DRY","DAYLIGHT","STOP SIGN","NONE DETECTED","NONE DETECTED","998D8CD2-7842-4329-896B-3E6AA2F7DCCA","PEDESTRIAN","Cross/Enter at Intersection","NO IMPROPER ACTIONS","ON ROADWAY AT CROSSWALK","No","POSSIBLE INJURY","N/A","39.08245967","-77.21666683","    (39.08245967, -77.21666683)"
"HA2433000D","17001328","Maryland-National Capital","Injury Crash","10/03/2017 05:14:00 PM","Government","SLIGO CREEK PKWY","COLESVILLE RD",,"N/A","BICYCLIST","HEAD ON","N/A","N/A","DAYLIGHT","NO CONTROLS","N/A","N/A","8D159699-75D2-4CC3-B07F-7630D1D0B82D","BICYCLIST","Walking/Riding w/Traffic","NO IMPROPER ACTIONS","ON ROADWAY NOT AT CROSSWALK","No","SUSPECTED MINOR INJURY","MC/BIKE HELMET","39.00740449","-77.01970696","    (39.00740449, -77.01970696)"
"MCP3084000G","170534481","Montgomery County Police","Injury Crash","10/03/2017 09:04:00 AM",,,,"PARKING GARAGE AT 5430 WISCONSIN AVE.",,"PEDESTRIAN","OTHER","N/A",,"OTHER","N/A","NONE DETECTED","NONE DETECTED","5CFEC3B3-5237-40A9-8EB0-0DF9059409E4","PEDESTRIAN","Other","NO IMPROPER ACTIONS","INSIDE BUILDING","No","POSSIBLE INJURY","N/A","38.96248633","-77.087057","    (38.96248633, -77.087057)"
"MCP2162002L","170534580","Montgomery County Police","Injury Crash","10/03/2017 07:02:00 AM","Maryland (State)","OLNEY LAYTONSVILLE RD","OLNEY POST OFFICE",,"N/A","PEDESTRIAN","STRAIGHT MOVEMENT ANGLE","CLEAR","DRY","DARK LIGHTS ON","STOP SIGN","N/A","N/A","8D238554-8134-4C21-89E8-0CFD5ACE2E8F","PEDESTRIAN","Cross/Enter at Intersection","N/A","ON ROADWAY AT CROSSWALK","No","SUSPECTED MINOR INJURY","NONE","39.15551833","-77.07064333","    (39.15551833, -77.07064333)"
"MCP12130031","170534377","Montgomery County Police","Injury Crash","10/02/2017 05:45:00 PM","County","TWIG RD","ELM GROVE CIR",,"N/A","PEDESTRIAN","STRAIGHT MOVEMENT ANGLE","CLEAR","DRY","DAYLIGHT","NO CONTROLS","NONE DETECTED","NONE DETECTED","95CB62E1-6696-432D-B94A-E32E4D581EC3","PEDESTRIAN","Cross/Enter at Intersection","NO IMPROPER ACTIONS","ON ROADWAY AT CROSSWALK","No","POSSIBLE INJURY","NONE","39.09462167","-76.98618667","    (39.09462167, -76.98618667)"
"MCP29600027","170534273","Montgomery County Police","Injury Crash","10/02/2017 07:23:00 AM","County","HOMECREST RD","LONGMEAD CROSSING DR",,"N/A","PEDESTRIAN","OTHER","N/A","DRY","DAWN","STOP SIGN","N/A","N/A","DC761DAF-6236-4EDE-8B43-E8D5A308F7C5","PEDESTRIAN","Cross/Enter at Intersection","NO IMPROPER ACTIONS","ON ROADWAY AT CROSSWALK","No","POSSIBLE INJURY","NONE","39.10357","-77.05400333","    (39.10357, -77.05400333)"
"MCP26790024","170534247","Montgomery County Police","Injury Crash","10/01/2017 11:10:00 PM","Maryland (State)","UNIVERSITY BLVD E","E WAYNE AVE",,"N/A","PEDESTRIAN","SAME DIRECTION SIDESWIPE","CLEAR","DRY","DARK LIGHTS ON","NO CONTROLS","NONE DETECTED","NONE DETECTED","FBA28D05-5138-4527-B601-DA438173E9A1","PEDESTRIAN","Push/Work on Vehicle","NO IMPROPER ACTIONS","OTHER","No","POSSIBLE INJURY","N/A","39.00671167","-76.99787333","    (39.00671167, -76.99787333)"
"MCP2087001Z","170534160","Montgomery County Police","Injury Crash","10/01/2017 01:07:00 PM","County","MAGELLAN AVE","GLASGOW DR",,"N/A","BICYCLIST","SINGLE VEHICLE","CLEAR","DRY","DAYLIGHT","STOP SIGN","NONE DETECTED","NONE DETECTED","CBCE76FE-0632-4C77-9CC7-4F466D9DE9EC","BICYCLIST","Cross/Enter at Intersection","FAILURE TO OBEY TRAFFIC SIGNS SIGNALS OR OFFICER","ON ROADWAY NOT AT CROSSWALK","Yes","POSSIBLE INJURY","NONE","39.07089333","-77.0922","    (39.07089333, -77.0922)"
"MCP29540040","170533904","Montgomery County Police","Injury Crash","09/29/2017 06:34:00 PM","County","OAKVIEW DR","MT PISGAH RD",,"N/A","PEDESTRIAN","SINGLE VEHICLE","CLEAR","DRY","DAYLIGHT","STOP SIGN","ALCOHOL PRESENT","NONE DETECTED","B5BC1A73-5967-4DFE-B8A1-D34AB4959DD7","PEDESTRIAN","Cross/Enter at Intersection","NO IMPROPER ACTIONS","AT INTERSECTION MARKED CROSSWALK","No","POSSIBLE INJURY","N/A","39.01543","-76.97689333","    (39.01543, -76.97689333)"
"MCP3068000F","170533903","Montgomery County Police","Injury Crash","09/29/2017 06:23:00 PM","Maryland (State)","BRADLEY BLVD","FAIRFAX RD",,"N/A","PEDESTRIAN","N/A","CLEAR","DRY","DUSK","TRAFFIC SIGNAL","N/A","N/A","79C40CEC-B352-4FF0-A144-4A77D23D4DE1","PEDESTRIAN","Cross/Enter at Intersection","FAILURE TO OBEY TRAFFIC SIGNS SIGNALS OR OFFICER","ON ROADWAY AT CROSSWALK","Yes","SUSPECTED MINOR INJURY","N/A","38.97778527","-77.10072041","    (38.97778527, -77.10072041)"
"MCP2195001H","170533775","Montgomery County Police","Injury Crash","09/29/2017 06:23:00 AM","County","E GUDE DR","CALHOUN DR",,"N/A","BICYCLIST","STRAIGHT MOVEMENT ANGLE","CLEAR","DRY","DARK -- UNKNOWN LIGHTING","FLASHING TRAFFIC SIGNAL","UNKNOWN","NONE DETECTED","764D5733-7515-4E06-AAC4-168C3FFC3A83","BICYCLIST","Cross/Enter at Intersection","NO IMPROPER ACTIONS","AT INTERSECTION MARKED CROSSWALK","No","SUSPECTED SERIOUS INJURY","NONE","39.10571942","-77.14476429","    (39.10571942, -77.14476429)"
"EJ7857001Q","170533688","Gaithersburg Police Depar","Injury Crash","09/28/2017 06:24:00 PM",,,,"IN THE PARKING LOT OF CRESTWOOD DRIVE",,"OTHER","SINGLE VEHICLE","CLEAR",,"DAYLIGHT","NO CONTROLS","NONE DETECTED","NONE DETECTED","4F3583D1-95D0-452F-B95F-AABB40778DA8","OTHER","Playing","IN ROADWAY IMPROPERLY","N/A","Yes","SUSPECTED MINOR INJURY","NONE","39.14680833","-77.192475","    (39.14680833, -77.192475)"
"DM8457000R","170533675","Takoma Park Police Depart","Injury Crash","09/28/2017 04:56:00 PM","Municipality","GRANT AVE #2","CHESTNUT AVE",,"TAKOMA PARK","BICYCLIST, PEDESTRIAN","SAME DIRECTION RIGHT TURN","CLEAR","DRY","DAYLIGHT","NO CONTROLS","NONE DETECTED","N/A","AC11B833-4B04-4312-8142-D56051E75D24","PEDESTRIAN","Walking/Riding w/Traffic","NO IMPROPER ACTIONS","SIDEWALK","No","NO APPARENT INJURY","N/A","38.98447403","-77.01421246","    (38.98447403, -77.01421246)"
"DM8457000R","170533675","Takoma Park Police Depart","Injury Crash","09/28/2017 04:56:00 PM","Municipality","GRANT AVE #2","CHESTNUT AVE",,"TAKOMA PARK","BICYCLIST, PEDESTRIAN","SAME DIRECTION RIGHT TURN","CLEAR","DRY","DAYLIGHT","NO CONTROLS","NONE DETECTED","NONE DETECTED","CB273999-5726-44C6-A8DA-081244AC4C30","BICYCLIST","Walking/Riding w/Traffic","NOT VISIBLE","ON ROADWAY NOT AT CROSSWALK","Unknown","SUSPECTED MINOR INJURY","MC/BIKE HELMET","38.98447403","-77.01421246","    (38.98447403, -77.01421246)"
"DM8457000R","170533675","Takoma Park Police Depart","Injury Crash","09/28/2017 04:56:00 PM","Municipality","GRANT AVE #2","CHESTNUT AVE",,"TAKOMA PARK","BICYCLIST, PEDESTRIAN","SAME DIRECTION RIGHT TURN","CLEAR","DRY","DAYLIGHT","NO CONTROLS","NONE DETECTED","N/A","A378C339-DE15-4FC2-BB49-0B9A80B095DF","PEDESTRIAN","Walking/Riding w/Traffic","NO IMPROPER ACTIONS","SIDEWALK","No","SUSPECTED MINOR INJURY","N/A","38.98447403","-77.01421246","    (38.98447403, -77.01421246)"
"MCP3075000K","170533488","Montgomery County Police","Property Damage Crash","09/27/2017 06:33:00 PM","County","BROOKEVILLE RD","ZION RD",,"N/A","BICYCLIST","OTHER","CLEAR","DRY","DAYLIGHT","NO CONTROLS","NONE DETECTED","NONE DETECTED","EC89DCB0-0F08-4105-8CB6-0E80C43CD962","BICYCLIST","Walking/Riding w/Traffic","NO IMPROPER ACTIONS","OTHER","No","NO APPARENT INJURY","MC/BIKE HELMET","39.18436333","-77.10522333","    (39.18436333, -77.10522333)"
"MCP0113001N","170533371","Montgomery County Police","Injury Crash","09/27/2017 09:26:00 AM","County","JONES BRIDGE RD","JONES MILL RD",,"N/A","PEDESTRIAN","SINGLE VEHICLE","CLEAR","DRY","DAYLIGHT","TRAFFIC SIGNAL","NONE DETECTED","NONE DETECTED","F556ADEF-C1F1-4325-BF1F-A26017DE8677","PEDESTRIAN","Cross/Enter at Intersection","FAILURE TO OBEY TRAFFIC SIGNS SIGNALS OR OFFICER","ON ROADWAY AT CROSSWALK","Yes","SUSPECTED MINOR INJURY","NONE","38.99802833","-77.06607667","    (38.99802833, -77.06607667)"
"MCP2001000S","170533298","Montgomery County Police","Fatal Crash","09/26/2017 07:56:00 PM","County","MUDDY BRANCH RD","HARMONY HALL RD",,"N/A","PEDESTRIAN","SINGLE VEHICLE","CLEAR","DRY","DUSK","NO CONTROLS","NONE DETECTED","UNKNOWN","3CE9FC84-5005-4D73-9E72-6A1C750FC3FA","PEDESTRIAN","Cross/Enter at Intersection","DART DASH","ON ROADWAY AT CROSSWALK","Unknown","FATAL INJURY","N/A","39.13665761","-77.20578454","    (39.13665761, -77.20578454)"
"MCP2351001D","170533176","Montgomery County Police","Injury Crash","09/26/2017 08:56:00 AM","County","TWINBROOK PKWY","HALPINE RD",,"N/A","PEDESTRIAN","OTHER","CLEAR","DRY","DAYLIGHT","OTHER","NONE DETECTED","NONE DETECTED","55AD17AA-288B-4A05-BB87-F96CC7BA9F8B","PEDESTRIAN","Cross/Enter at Intersection","NO IMPROPER ACTIONS","AT INTERSECTION MARKED CROSSWALK","No","SUSPECTED MINOR INJURY","NONE","39.06642872","-77.11469203","    (39.06642872, -77.11469203)"
"MCP271700D9","170533084","Montgomery County Police","Property Damage Crash","09/25/2017 05:50:00 PM","County","TUCKERMAN LA","MARCLIFF RD",,"N/A","BICYCLIST","OTHER","CLEAR","DRY","DAYLIGHT","NO CONTROLS","NONE DETECTED","NONE DETECTED","A8FE41B5-5B95-433E-B3A9-C71C1449B2E0","BICYCLIST","Other","FAILURE TO YIELD RIGHT OF WAY","SHOULDER","No","NO APPARENT INJURY","MC/BIKE HELMET","39.03626933","-77.13243633","    (39.03626933, -77.13243633)"
"MCP2719001Y","170532901","Montgomery County Police","Injury Crash","09/24/2017 06:30:00 PM","County","SHOREFIELD RD","GEORGIA AVE",,"N/A","PEDESTRIAN","OTHER","CLEAR","DRY","DUSK","OTHER","NONE DETECTED","NONE DETECTED","2FCF8946-174B-4DD9-AB56-75B444752902","PEDESTRIAN","Cross/Enter at Intersection","NO IMPROPER ACTIONS","ON ROADWAY AT CROSSWALK","No","SUSPECTED SERIOUS INJURY","NONE","39.05288333","-77.0515","    (39.05288333, -77.0515)"
"MCP2881002N","170532825","Montgomery County Police","Injury Crash","09/24/2017 12:32:00 PM","County","MIDDLEBROOK RD","RIDGECREST DR",,"N/A","PEDESTRIAN","SINGLE VEHICLE","N/A","DRY","DAYLIGHT","N/A","N/A","N/A","637172D6-7C46-45C2-9EE6-052C9A2743FC","PEDESTRIAN","Cross/Enter at Intersection","NO IMPROPER ACTIONS","ON ROADWAY AT CROSSWALK","Unknown","POSSIBLE INJURY","N/A","39.18454167","-77.26312833","    (39.18454167, -77.26312833)"
"MCP94120003","170532808","Montgomery County Police","Injury Crash","09/24/2017 10:47:00 AM","Maryland (State)","BRADLEY BLVD","OLD CHESTER RD",,"N/A","OTHER","SINGLE VEHICLE","CLEAR","DRY","DAYLIGHT","N/A","NONE DETECTED","N/A","CD736706-E64A-42C1-AD8A-C092296465F2","OTHER","N/A","N/A","N/A","No","NO APPARENT INJURY","N/A","38.984815","-77.11512167","    (38.984815, -77.11512167)"
"MCP2864002V","170532677","Montgomery County Police","Injury Crash","09/23/2017 03:13:00 PM","Maryland (State)","ROCKVILLE PIKE","HUBBARD DR",,"N/A","BICYCLIST","STRAIGHT MOVEMENT ANGLE","CLEAR","DRY","DAYLIGHT","NO CONTROLS","NONE DETECTED","NONE DETECTED","342AD119-F56A-4FDD-810F-D7C2A68C2323","BICYCLIST","Cross/Enter at Intersection","N/A","ON ROADWAY AT CROSSWALK","No","POSSIBLE INJURY","MC/BIKE HELMET","39.054415","-77.118385","    (39.054415, -77.118385)"
"DD5603004L","170532638","Rockville Police Departme","Injury Crash","09/23/2017 10:45:00 AM","Municipality","WOOTTON PKWY","FALLS RD",,"N/A","PEDESTRIAN","OTHER","CLEAR","DRY","DAYLIGHT","TRAFFIC SIGNAL","NONE DETECTED","NONE DETECTED","DCA187D2-6CD0-4C67-96B1-1BC56FF2984A","PEDESTRIAN","Cross/Enter at Intersection","NO IMPROPER ACTIONS","ON ROADWAY AT CROSSWALK","No","SUSPECTED MINOR INJURY","REFLECTIVE CLOTHING","39.06992673","-77.169967","    (39.06992673, -77.169967)"
"MCP9130003X","170532174","Montgomery County Police","Injury Crash","09/22/2017 02:37:00 PM","Maryland (State)","PINEY BRANCH RD","SLIGO CREEK PKWY",,"N/A","BICYCLIST","SINGLE VEHICLE","CLOUDY","DRY","DAYLIGHT","NO CONTROLS","NONE DETECTED","NONE DETECTED","68F1422D-6A6D-44F5-BDE2-77EE25A2F9A0","BICYCLIST","Cross/Enter at Intersection","NO IMPROPER ACTIONS","ON ROADWAY AT CROSSWALK","No","POSSIBLE INJURY","MC/BIKE HELMET","38.99545667","-77.00654167","    (38.99545667, -77.00654167)"
"MCP1397000T","170532168","Montgomery County Police","Injury Crash","09/22/2017 02:05:00 PM","Maryland (State)","GERMANTOWN RD","MIDDLEBROOK RD",,"N/A","PEDESTRIAN","OTHER","CLOUDY","DRY","DAYLIGHT","TRAFFIC SIGNAL","NONE DETECTED","NONE DETECTED","0F078856-AD68-4781-BCE6-8E4C0E921487","PEDESTRIAN","Cross/Enter at Intersection","NO IMPROPER ACTIONS","AT INTERSECTION MARKED CROSSWALK","No","SUSPECTED SERIOUS INJURY","NONE","39.1787151","-77.26738617","    (39.1787151, -77.26738617)"
"MCP1064006G","170532114","Montgomery County Police","Injury Crash","09/22/2017 08:48:00 AM","County","OLD COLUMBIA PIKE","PERRYWOOD DR",,"N/A","PEDESTRIAN","OTHER","CLOUDY","DRY","DAYLIGHT","N/A","N/A","N/A","6EA74B2E-DE15-4265-A093-D27E2D955ACE","PEDESTRIAN","Cross/Enter not at Intersection","IN ROADWAY IMPROPERLY","ON ROADWAY NOT AT CROSSWALK","Yes","POSSIBLE INJURY","N/A","39.09638","-76.947085","    (39.09638, -76.947085)"
"MCP1123001M","170531903","Montgomery County Police","Injury Crash","09/21/2017 09:56:00 AM","County","OLNEY MILL RD","BLOOMFIELD RD",,"N/A","BICYCLIST","SAME DIRECTION LEFT TURN","CLEAR","DRY","DAYLIGHT","NO CONTROLS","NONE DETECTED","NONE DETECTED","267EC49B-799C-49C7-81EA-AABF7DB71E9B","BICYCLIST","Walking/Riding w/Traffic","OTHER","OTHER","Yes","SUSPECTED SERIOUS INJURY","MC/BIKE HELMET","39.17079817","-77.0810895","    (39.17079817, -77.0810895)"
"MCP15120016","170531827","Montgomery County Police","Injury Crash","09/20/2017 09:08:00 PM","Municipality","LONGDRAFT RD","CLOPPER RD",,"N/A","PEDESTRIAN","SINGLE VEHICLE","CLEAR","DRY","DARK LIGHTS ON","TRAFFIC SIGNAL","NONE DETECTED","NONE DETECTED","C232BDC8-91B5-48CD-A677-212F43561309","PEDESTRIAN","Cross/Enter at Intersection","NO IMPROPER ACTIONS","ON ROADWAY AT CROSSWALK","No","POSSIBLE INJURY","N/A","39.14820667","-77.23791333","    (39.14820667, -77.23791333)"
"MCP3082000J","170531762","Montgomery County Police","Injury Crash","09/20/2017 01:06:00 PM",,,,"FRONT OF HOSPITAL ROAUNDABOUT",,"PEDESTRIAN","SINGLE VEHICLE","CLEAR",,"DAYLIGHT","NO CONTROLS","N/A","N/A","DBE1F78E-B2BC-418D-A7CB-AB5043AC358B","PEDESTRIAN","Standing","NO IMPROPER ACTIONS","OTHER","No","SUSPECTED MINOR INJURY","N/A","39.01526584","-77.03566074","    (39.01526584, -77.03566074)"
"MCP25590023","170531653","Montgomery County Police","Injury Crash","09/20/2017 06:23:00 AM","Maryland (State)","KEY WEST AVE","DARNESTOWN RD",,"N/A","BICYCLIST","OTHER","CLOUDY","DRY","DARK NO LIGHTS","NO CONTROLS","N/A","N/A","2EDBD385-5A8A-458E-87BC-C87E6F423116","BICYCLIST","Other","IMPROPER TURN MERGE","ON ROADWAY NOT AT CROSSWALK","Yes","SUSPECTED MINOR INJURY","MC/BIKE HELMET","39.10153135","-77.21069165","    (39.10153135, -77.21069165)"
"MCP271700D7","170531533","Montgomery County Police","Injury Crash","09/19/2017 02:45:00 PM","Maryland (State)","WISCONSIN AVE","BETHESDA AVE",,"N/A","BICYCLIST","OTHER","CLEAR","DRY","DAYLIGHT","TRAFFIC SIGNAL","NONE DETECTED","NONE DETECTED","1A509883-B370-4859-83E2-8F39949305B2","BICYCLIST","Cross/Enter at Intersection","NO IMPROPER ACTIONS","ON ROADWAY AT CROSSWALK","No","SUSPECTED MINOR INJURY","OTHER","38.98086817","-77.0926465","    (38.98086817, -77.0926465)"
"MCP3077000G","170531385","Montgomery County Police","Injury Crash","09/18/2017 08:38:00 PM","County","CRYSTAL ROCK DR","GERMANTOWN RD",,"N/A","PEDESTRIAN","STRAIGHT MOVEMENT ANGLE","CLEAR","DRY","DARK LIGHTS ON","NO CONTROLS","NONE DETECTED","N/A","B40402CC-8199-498D-830F-B8807469BFC3","PEDESTRIAN","Cross/Enter not at Intersection","IN ROADWAY IMPROPERLY","ON ROADWAY NOT AT CROSSWALK","Yes","SUSPECTED SERIOUS INJURY","NONE","39.17997976","-77.2614947","    (39.17997976, -77.2614947)"
"MCP2936001Y","170531382","Montgomery County Police","Injury Crash","09/18/2017 08:01:00 PM","Maryland (State)","16TH ST","EAST WEST HWY",,"N/A","PEDESTRIAN","SINGLE VEHICLE","CLEAR","DRY","DARK LIGHTS ON","TRAFFIC SIGNAL","NONE DETECTED","NONE DETECTED","B1780165-5008-40EF-A4AE-E6F734D03C5B","PEDESTRIAN","Cross/Enter at Intersection","NO IMPROPER ACTIONS","ON ROADWAY AT CROSSWALK","No","SUSPECTED SERIOUS INJURY","N/A","38.99465667","-77.036715","    (38.99465667, -77.036715)"
"MCP2936001Y","170531382","Montgomery County Police","Injury Crash","09/18/2017 08:01:00 PM","Maryland (State)","16TH ST","EAST WEST HWY",,"N/A","PEDESTRIAN","SINGLE VEHICLE","CLEAR","DRY","DARK LIGHTS ON","TRAFFIC SIGNAL","NONE DETECTED","NONE DETECTED","AFB390C9-DCFE-4BD9-819B-BF513066762C","PEDESTRIAN","Cross/Enter at Intersection","NO IMPROPER ACTIONS","ON ROADWAY AT CROSSWALK","No","SUSPECTED SERIOUS INJURY","N/A","38.99465667","-77.036715","    (38.99465667, -77.036715)"
"MCP3060000G","170531313","Montgomery County Police","Injury Crash","09/18/2017 02:56:00 PM",,,,"PARKING LOT OF 4749 SANGAMORE RD",,"PEDESTRIAN","OTHER","CLOUDY",,"DAYLIGHT","N/A","NONE DETECTED","NONE DETECTED","DA02253F-9FB4-4492-B3DA-B6335CAA6AC1","PEDESTRIAN","Other","NO IMPROPER ACTIONS","ON ROADWAY AT CROSSWALK","No","SUSPECTED MINOR INJURY","N/A","38.95057617","-77.11840167","    (38.95057617, -77.11840167)"
"MCP30210019","170531310","Montgomery County Police","Injury Crash","09/18/2017 02:55:00 PM",,,,"PARKING LOT OF GIANT / SEARS     11200 NEW HAMPSHIRE AVE",,"OTHER CONVEYANCE","SINGLE VEHICLE","CLEAR",,"DAYLIGHT","NO CONTROLS","NONE DETECTED","NONE DETECTED","FB894BCC-2431-4173-9F0A-288583808629","OTHER CONVEYANCE","Unknown","UNKNOWN","N/A","No","SUSPECTED MINOR INJURY","NONE","39.04118167","-76.99018833","    (39.04118167, -76.99018833)"
"MCP2047001V","170530957","Montgomery County Police","Injury Crash","09/16/2017 01:10:00 PM","Maryland (State)","S FREDERICK RD","W DEER PARK RD",,"GAITHERSBURG","PEDESTRIAN","SINGLE VEHICLE","CLOUDY","DRY","DAYLIGHT","TRAFFIC SIGNAL","N/A","NONE DETECTED","973071FE-690E-47B5-B004-380920FF771C","PEDESTRIAN","Other","NO IMPROPER ACTIONS","AT INTERSECTION BUT NO CROSSWALK","No","SUSPECTED MINOR INJURY","N/A","39.13209923","-77.18896508","    (39.13209923, -77.18896508)"
"MCP30690006","170530869","Montgomery County Police","Injury Crash","09/15/2017 10:37:00 PM","Maryland (State)","RIVER RD","LANDY LA",,"N/A","PEDESTRIAN","SINGLE VEHICLE","CLEAR","DRY","DARK LIGHTS ON","NO CONTROLS","NONE DETECTED","NONE DETECTED","053CD3E4-4C86-47E8-82C5-F79D9284F15A","PEDESTRIAN","Cross/Enter not at Intersection","NO IMPROPER ACTIONS","ON ROADWAY AT CROSSWALK","No","SUSPECTED SERIOUS INJURY","NONE","38.96464778","-77.10348845","    (38.96464778, -77.10348845)"
"MCP3039001D","170530806","Montgomery County Police","Injury Crash","09/15/2017 05:00:00 PM","County","MACARTHUR BLVD","CABIN JOHN PKWY",,"N/A","BICYCLIST","STRAIGHT MOVEMENT ANGLE","CLEAR","DRY","DAYLIGHT","NO CONTROLS","N/A","NONE DETECTED","04DC723C-6E43-41CD-B493-8B64CCFDEE55","BICYCLIST","Walking/Riding w/Traffic","NO IMPROPER ACTIONS","ON ROADWAY NOT AT CROSSWALK","No","SUSPECTED MINOR INJURY","MC/BIKE HELMET","38.97268905","-77.14882851","    (38.97268905, -77.14882851)"
"MCP29420030","170530773","Montgomery County Police","Injury Crash","09/15/2017 03:20:00 PM",,,,"3715 UNIVERSITY BLVD W PARKING LOT OF CVS",,"BICYCLIST","OTHER","CLEAR",,"N/A","NO CONTROLS","NONE DETECTED","NONE DETECTED","B0326D29-31D4-443D-A768-E1A3C95DA8AA","BICYCLIST","Walking/Riding w/Traffic","NO IMPROPER ACTIONS","OTHER","No","POSSIBLE INJURY","MC/BIKE HELMET","39.03354","-77.073625","    (39.03354, -77.073625)"
"MCP0942001D","170530718","Montgomery County Police","Injury Crash","09/15/2017 09:31:00 AM","County","WOODMONT AVE","EDGEMOOR LA",,"N/A","BICYCLIST","OTHER","CLEAR","DRY","DAYLIGHT","TRAFFIC SIGNAL","NONE DETECTED","NONE DETECTED","F3F6AA34-D9BB-4141-8300-E2D11A0CC1FD","BICYCLIST","Cross/Enter at Intersection","NO IMPROPER ACTIONS","ON ROADWAY NOT AT CROSSWALK","No","SUSPECTED MINOR INJURY","NONE","38.984935","-77.0967","    (38.984935, -77.0967)"