"Report Number","Local Case Number","Agency Name","ACRS Report Type","Crash Date/Time","Route Type","Road Name","Cross-Street Name","Off-Road Description","Municipality","Related Non-Motorist","Collision Type","Weather","Surface Condition","Light","Traffic Control","Driver Substance Abuse","Non-Motorist Substance Abuse","Person ID","Pedestrian Type","Pedestrian Movement","Pedestrian Actions","Pedestrian Location","At Fault","Injury Severity","Safety Equipment","Latitude","Longitude","Location"
"MCP2669000B","17000770","Montgomery County Police","Injury Crash","01/05/2017 11:50:00 AM",,,,"PARKING LOT OF 2408 UNIVERSITY BLVD, EL CATRACHITO",,"PEDESTRIAN","OTHER","CLOUDY",,"DAYLIGHT","N/A","NONE DETECTED","NONE DETECTED","0EF56FC4-3A9C-4CD9-BDFA-C1FE8C346CF4","PEDESTRIAN","Standing","NO IMPROPER ACTIONS","OTHER","No","SUSPECTED MINOR INJURY","NONE","39.04172","-77.050915","    (39.04172, -77.050915)"
"MCP2898001Z","17000640","Montgomery County Police","Injury Crash","01/04/2017 05:26:00 PM","Maryland (State)","GERMANTOWN RD","BOWMAN MILL RD",,"N/A","PEDESTRIAN","SAME DIRECTION LEFT TURN","CLEAR","DRY","DARK LIGHTS ON","NO CONTROLS","N/A","N/A","1C5325F2-A4A7-4240-990E-9D011078EC2D","PEDESTRIAN","Cross/Enter at Intersection","NO IMPROPER ACTIONS","AT INTERSECTION BUT NO CROSSWALK","Yes","POSSIBLE INJURY","NONE","39.17548167","-77.27230167","    (39.17548167, -77.27230167)"
"MCP137800FN","17000607","Montgomery County Police","Injury Crash","01/04/2017 03:25:00 PM","Maryland (State)","S FREDERICK RD","EDUCATION BLVD",,"GAITHERSBURG","PEDESTRIAN","SINGLE VEHICLE","CLEAR","DRY","DAYLIGHT","TRAFFIC SIGNAL","NONE DETECTED","NONE DETECTED","2B8854C6-4316-4023-8643-987F31F37753","PEDESTRIAN","Cross/Enter at Intersection","NO IMPROPER ACTIONS","ON ROADWAY AT CROSSWALK","No","SUSPECTED MINOR INJURY","N/A","39.135705","-77.19216167","    (39.135705, -77.19216167)"
"MCP12510010","17000585","Montgomery County Police","Injury Crash","01/04/2017 01:45:00 PM","Maryland (State)","RIVER RD","BRADLEY BLVD",,"N/A","BICYCLIST","HEAD ON LEFT TURN","CLEAR","DRY","DAYLIGHT","TRAFFIC SIGNAL","NONE DETECTED","NONE DETECTED","2853495C-7C37-42AD-8831-E52924D95BC7","BICYCLIST","Cross/Enter at Intersection","NO IMPROPER ACTIONS","AT INTERSECTION BUT NO CROSSWALK","No","SUSPECTED MINOR INJURY","MC/BIKE HELMET","39.00204464","-77.18083799","    (39.00204464, -77.18083799)"
"MCP2987001H","17000541","Montgomery County Police","Injury Crash","01/04/2017 07:00:00 AM","Maryland (State)","PINEY BRANCH RD","CARROLL AVE",,"N/A","PEDESTRIAN","OTHER","CLEAR","DRY","OTHER","OTHER","UNKNOWN","NONE DETECTED","1752C0D3-37E6-45EA-BA80-0D28FF93DEE6","PEDESTRIAN","Cross/Enter at Intersection","NO IMPROPER ACTIONS","ON ROADWAY AT CROSSWALK","No","SUSPECTED MINOR INJURY","NONE","39.00118899","-76.98752046","    (39.00118899, -76.98752046)"
"MCP94060012","17000446","Montgomery County Police","Injury Crash","01/03/2017 06:29:00 PM","County","HEWITT AVE","RIPPLING BROOK DR",,"N/A","PEDESTRIAN","SINGLE VEHICLE","CLOUDY","DRY","DARK LIGHTS ON","N/A","NONE DETECTED","NONE DETECTED","00D5276E-DFEC-4411-974B-6427643DA834","PEDESTRIAN","Standing","NO IMPROPER ACTIONS","UNKNOWN","No","SUSPECTED MINOR INJURY","N/A","39.08112667","-77.056505","    (39.08112667, -77.056505)"
"MCP2617002Z","17000437","Montgomery County Police","Injury Crash","01/03/2017 06:10:00 PM","County","LINDEN AVE","POOKS HILL RD",,"N/A","PEDESTRIAN","OTHER","CLEAR","WET","DARK NO LIGHTS","STOP SIGN","NONE DETECTED","NONE DETECTED","908AAFD6-C38F-4B4A-A8B2-A9F6B619B21F","PEDESTRIAN","Cross/Enter at Intersection","NO IMPROPER ACTIONS","ON ROADWAY AT CROSSWALK","No","POSSIBLE INJURY","NONE","39.01438167","-77.106065","    (39.01438167, -77.106065)"
"DD56050033","17000408","Rockville Police Departme","Injury Crash","01/03/2017 02:41:00 PM","Maryland (State)","HUNGERFORD DR","N WASHINGTON ST",,"ROCKVILLE","PEDESTRIAN","OTHER","RAINING","WET","DAYLIGHT","OTHER","NONE DETECTED","NONE DETECTED","C96FF6CE-C97E-4E0A-9128-0BF0073AE236","PEDESTRIAN","Cross/Enter at Intersection","NO IMPROPER ACTIONS","SIDEWALK","No","POSSIBLE INJURY","NONE","39.08999167","-77.15239333","    (39.08999167, -77.15239333)"
"DD5614001T","17000330","Rockville Police Departme","Injury Crash","01/03/2017 07:35:00 AM","Municipality","WOOTTON PKWY","PAULSBORO DR",,"N/A","PEDESTRIAN","STRAIGHT MOVEMENT ANGLE","RAINING","WET","DAWN","N/A","NONE DETECTED","NONE DETECTED","CC75B347-83DE-44F0-ACD4-EFB06DF72020","PEDESTRIAN","Walking to/from school","NO IMPROPER ACTIONS","AT INTERSECTION MARKED CROSSWALK","No","POSSIBLE INJURY","NONE","39.07759833","-77.18217333","    (39.07759833, -77.18217333)"
"MCP21070011","17000332","Montgomery County Police","Injury Crash","01/03/2017 07:32:00 AM","Maryland (State)","CLOPPER RD","CINNAMON DR",,"N/A","PEDESTRIAN","SINGLE VEHICLE","RAINING","WET","DARK LIGHTS ON","STOP SIGN","NONE DETECTED","NONE DETECTED","0E54D9D5-0899-4BBB-9C15-2878FB03B8DD","PEDESTRIAN","Cross/Enter not at Intersection","DART DASH","ON ROADWAY NOT AT CROSSWALK","Yes","SUSPECTED SERIOUS INJURY","NONE","39.15610804","-77.26451889","    (39.15610804, -77.26451889)"
"MCP02510014","17000280","Montgomery County Police","Injury Crash","01/02/2017 06:53:00 PM",,,,"PARKING LOT OF 12001 BIRDSEYE TERR",,"PEDESTRIAN","OTHER","RAINING",,"DARK LIGHTS ON","NO CONTROLS","UNKNOWN","NONE DETECTED","FB6BE170-CDAF-4C61-B099-BDD8A80CD2C2","PEDESTRIAN","Walking/Riding w/Traffic","NO IMPROPER ACTIONS","ON ROADWAY NOT AT CROSSWALK","No","SUSPECTED MINOR INJURY","N/A","39.16370333","-77.24934333","    (39.16370333, -77.24934333)"
"DD56100029","17000269","Rockville Police Departme","Injury Crash","01/02/2017 06:02:00 PM","Municipality","BROADWOOD DR","VEIRS MILL RD",,"N/A","PEDESTRIAN","SINGLE VEHICLE","RAINING","WET","DARK LIGHTS ON","TRAFFIC SIGNAL","N/A","N/A","23274701-58FA-4A5C-89E4-7C69F891C217","PEDESTRIAN","Cross/Enter at Intersection","NO IMPROPER ACTIONS","ON ROADWAY AT CROSSWALK","No","POSSIBLE INJURY","NONE","39.077227","-77.1239875","    (39.077227, -77.1239875)"
"MCP2712001F","17000094","Montgomery County Police","Injury Crash","01/01/2017 12:02:00 PM","Maryland (State)","NEW HAMPSHIRE AVE","ENT TO WHITE OAK SHOPPING CENTER",,"N/A","PEDESTRIAN","OTHER","CLEAR","DRY","DAYLIGHT","STOP SIGN","NONE DETECTED","NONE DETECTED","DE54AC36-C656-4E20-8CFA-2FA6B0FE51AE","PEDESTRIAN","Cross/Enter at Intersection","NO IMPROPER ACTIONS","ON ROADWAY AT CROSSWALK","No","POSSIBLE INJURY","NONE","39.04091754","-76.99099258","    (39.04091754, -76.99099258)"
"MCP2535000S","16067231","Montgomery County Police","Injury Crash","12/30/2016 09:56:00 PM","County","REEDIE DR","GEORGIA AVE",,"N/A","PEDESTRIAN","SINGLE VEHICLE","CLEAR","DRY","DARK LIGHTS ON","TRAFFIC SIGNAL","ALCOHOL PRESENT","NONE DETECTED","E4AABC64-83DD-414D-988E-629A34C960FF","PEDESTRIAN","Cross/Enter at Intersection","NO IMPROPER ACTIONS","AT INTERSECTION MARKED CROSSWALK","No","SUSPECTED MINOR INJURY","NONE","39.03866","-77.05161167","    (39.03866, -77.05161167)"
"MCP23980011","16067106","Montgomery County Police","Injury Crash","12/30/2016 11:03:00 AM","Municipality","N SUMMIT AVE","E DIAMOND AVE",,"GAITHERSBURG","PEDESTRIAN","HEAD ON LEFT TURN","SNOW","WET","DAYLIGHT","OTHER","NONE DETECTED","NONE DETECTED","EC229619-1A87-4879-910C-17FAF8715C2B","PEDESTRIAN","Cross/Enter at Intersection","INATTENTIVE","ON ROADWAY AT CROSSWALK","Yes","SUSPECTED MINOR INJURY","NONE","39.14224667","-77.19336167","    (39.14224667, -77.19336167)"
"MCP93790012","16066977","Montgomery County Police","Injury Crash","12/29/2016 02:14:00 PM","Municipality","S STONESTREET AVE","BALTIMORE RD",,"N/A","PEDESTRIAN","STRAIGHT MOVEMENT ANGLE","CLEAR","DRY","DAYLIGHT","N/A","NONE DETECTED","NONE DETECTED","7C3D19DE-B48A-4D76-8FF2-0729398A79F2","PEDESTRIAN","Cross/Enter at Intersection","NO IMPROPER ACTIONS","AT INTERSECTION MARKED CROSSWALK","No","POSSIBLE INJURY","NONE","39.08284532","-77.14354187","    (39.08284532, -77.14354187)"
"MCP28700023","16066832","Montgomery County Police","Injury Crash","12/28/2016 07:00:00 PM","Maryland (State)","NEW HAMPSHIRE AVE","POWDER MILL RD",,"N/A","PEDESTRIAN","SINGLE VEHICLE","CLEAR","DRY","DARK LIGHTS ON","NO CONTROLS","NONE DETECTED","ALCOHOL PRESENT","6A3F019F-499B-48A6-9F0E-1C950FB3758E","PEDESTRIAN","Walking/Cycling on Sidewalk","NO IMPROPER ACTIONS","SIDEWALK","No","SUSPECTED MINOR INJURY","NONE","39.02323333","-76.97833667","    (39.02323333, -76.97833667)"
"MCP2853002V","16066624","Montgomery County Police","Injury Crash","12/27/2016 05:40:00 PM","Maryland (State)","NEW HAMPSHIRE AVE","OAKVIEW DR",,"N/A","PEDESTRIAN","SINGLE VEHICLE","CLEAR","DRY","DARK LIGHTS ON","TRAFFIC SIGNAL","N/A","N/A","AECE3FB1-ABBF-419C-A198-D6BE4B0CFCF4","PEDESTRIAN","Cross/Enter at Intersection","FAILURE TO YIELD RIGHT OF WAY","AT INTERSECTION MARKED CROSSWALK","Yes","SUSPECTED SERIOUS INJURY","N/A","39.01562167","-76.97778333","    (39.01562167, -76.97778333)"
"MCP2617002X","16066614","Montgomery County Police","Injury Crash","12/27/2016 05:03:00 PM",,,,"IN FRONT OF 7700 SCOTLAND DR. (PARKING LOT)",,"PEDESTRIAN","OTHER","CLEAR",,"DUSK","NO CONTROLS","NONE DETECTED","NONE DETECTED","5E06C77E-6A82-424E-8F9E-F3AF14CE195B","PEDESTRIAN","Playing","DART DASH","OTHER","Yes","SUSPECTED MINOR INJURY","NONE","39.06536333","-77.15902833","    (39.06536333, -77.15902833)"
"MCP25460027","16066612","Montgomery County Police","Injury Crash","12/27/2016 03:15:00 PM","County","PARKLAND DR","INDEPENDENCE ST",,"N/A","PEDESTRIAN","OTHER","CLEAR","DRY","DAYLIGHT","STOP SIGN","NONE DETECTED","N/A","05FA01EC-CE30-4AF6-9BD3-CAECF3CD30C4","PEDESTRIAN","Getting off/on Vehicle","NO IMPROPER ACTIONS","SHOULDER","No","POSSIBLE INJURY","N/A","39.07271167","-77.08702","    (39.07271167, -77.08702)"
"MCP25460027","16066612","Montgomery County Police","Injury Crash","12/27/2016 03:15:00 PM","County","PARKLAND DR","INDEPENDENCE ST",,"N/A","PEDESTRIAN","OTHER","CLEAR","DRY","DAYLIGHT","STOP SIGN","NONE DETECTED","NONE DETECTED","3BC2AE6A-5DB0-4C59-88FA-8E0BDBA5AC62","PEDESTRIAN","Getting off/on Vehicle","NO IMPROPER ACTIONS","SHOULDER","Unknown","SUSPECTED SERIOUS INJURY","NONE","39.07271167","-77.08702","    (39.07271167, -77.08702)"
"MCP2871003S","16066438","Montgomery County Police","Injury Crash","12/26/2016 05:00:00 PM","County","DEMOCRACY BLVD","ENT TO MALL",,"N/A","OTHER","SINGLE VEHICLE","N/A","DRY","DUSK","PERSON","N/A","NONE DETECTED","C59FD9CF-5C4D-4E78-BF8C-3D5C07DCC187","OTHER","Other Working","NO IMPROPER ACTIONS","AT INTERSECTION BUT NO CROSSWALK","No","SUSPECTED MINOR INJURY","NONE","39.02402","-77.144265","    (39.02402, -77.144265)"
"MCP2941001M","16066054","Montgomery County Police","Injury Crash","12/23/2016 08:36:00 PM",,,,"PARKING LOT ENTRANCE",,"PEDESTRIAN","OTHER","N/A",,"DARK LIGHTS ON","NO CONTROLS","NONE DETECTED","NONE DETECTED","5D81A99A-3419-4C8A-BAFB-7006A428443E","PEDESTRIAN","Getting off/on Vehicle","ENTERING EXITING PARKED STANDING VEHICLE","SIDEWALK","No","SUSPECTED MINOR INJURY","NONE","38.99832283","-77.02860385","    (38.99832283, -77.02860385)"
"EJ7863000N","16066010","Gaithersburg Police Depar","Injury Crash","12/23/2016 04:24:00 PM","Municipality","PROFESSIONAL DR","FREDERICK RD",,"N/A","PEDESTRIAN","N/A","CLEAR","DRY","DAYLIGHT","TRAFFIC SIGNAL","NONE DETECTED","NONE DETECTED","80A78B07-F7FC-4F9A-B9E5-DC7D2F58B471","PEDESTRIAN","Cross/Enter not at Intersection","DART DASH","ON ROADWAY NOT AT CROSSWALK","Yes","SUSPECTED MINOR INJURY","NONE","39.16337167","-77.22609","    (39.16337167, -77.22609)"
"MCP2617002R","16065629","Montgomery County Police","Property Damage Crash","12/22/2016 08:16:00 AM","Maryland (State)","MASSACHUSETTS AVE","WESTBARD AVE",,"N/A","BICYCLIST","OTHER","CLEAR","DRY","DAYLIGHT","TRAFFIC SIGNAL","NONE DETECTED","NONE DETECTED","F298094D-3987-488F-A3B7-77BEA038ED20","BICYCLIST","Cross/Enter at Intersection","NO IMPROPER ACTIONS","ON ROADWAY AT CROSSWALK","No","NO APPARENT INJURY","MC/BIKE HELMET","38.95845667","-77.10993833","    (38.95845667, -77.10993833)"
"MCP1121001Q","16065527","Montgomery County Police","Injury Crash","12/21/2016 06:34:00 PM","County","FLOWER HILL WAY","WOODFIELD RD",,"N/A","PEDESTRIAN","OTHER","CLEAR","DRY","DARK LIGHTS ON","N/A","NONE DETECTED","NONE DETECTED","A9340A6D-CA45-4EB5-AA18-BC476D3653D2","PEDESTRIAN","Cross/Enter not at Intersection","IN ROADWAY IMPROPERLY","ON ROADWAY NOT AT CROSSWALK","Yes","POSSIBLE INJURY","NONE","39.15577167","-77.16505333","    (39.15577167, -77.16505333)"
"MCP2565003N","16065503","Montgomery County Police","Property Damage Crash","12/21/2016 05:27:00 PM","Maryland (State)","ROCKVILLE PIKE","MARINELLI RD",,"N/A","PEDESTRIAN","SINGLE VEHICLE","N/A","DRY","DARK LIGHTS ON","TRAFFIC SIGNAL","UNKNOWN","NONE DETECTED","7F640698-8750-4A51-8A69-26A4EC493995","PEDESTRIAN","Cross/Enter at Intersection","NO IMPROPER ACTIONS","ON ROADWAY AT CROSSWALK","No","NO APPARENT INJURY","REFLECTIVE CLOTHING","39.0470806","-77.11269915","    (39.0470806, -77.11269915)"
"MCP29190028","16065408","Montgomery County Police","Property Damage Crash","12/21/2016 09:52:00 AM","County","MANCHESTER RD","MANCHESTER PL",,"N/A","OTHER","SINGLE VEHICLE","CLEAR","DRY","DAYLIGHT","NO CONTROLS","NONE DETECTED","N/A","D62EAF25-2D29-442B-A8AD-D7515D67CE2C","OTHER","N/A","NO IMPROPER ACTIONS","N/A","No","NO APPARENT INJURY","N/A","39.001695","-77.01072","    (39.001695, -77.01072)"
"MCP1564001S","16066488","Montgomery County Police","Injury Crash","12/20/2016 08:23:00 AM","Maryland (State)","NORBECK RD","WHITEHAVEN RD",,"N/A","PEDESTRIAN","SINGLE VEHICLE","CLEAR","DRY","DAYLIGHT","OTHER","NONE DETECTED","NONE DETECTED","C47364FF-0ACB-4AD6-BEAC-866AF2EB0B78","PEDESTRIAN","Walking/Riding w/Traffic","UNKNOWN","ON ROADWAY NOT AT CROSSWALK","Unknown","SUSPECTED MINOR INJURY","NONE","39.12094667","-77.03903667","    (39.12094667, -77.03903667)"
"MCP2438000S","16065112","Montgomery County Police","Injury Crash","12/19/2016 06:18:00 PM","County","CALVERTON BLVD","GRACEFIELD RD",,"N/A","PEDESTRIAN","STRAIGHT MOVEMENT ANGLE","CLEAR","DRY","DARK LIGHTS ON","NO CONTROLS","UNKNOWN","N/A","486F6699-3830-44A8-8A76-0E77181DCCCE","PEDESTRIAN","Cross/Enter at Intersection","NO IMPROPER ACTIONS","ON ROADWAY AT CROSSWALK","No","POSSIBLE INJURY","N/A","39.05704667","-76.95104667","    (39.05704667, -76.95104667)"
"MCP2676002B","16065067","Montgomery County Police","Property Damage Crash","12/19/2016 01:30:00 PM","Municipality","GAME PRESERVE RD","TRAVIS AVE",,"GAITHERSBURG","PEDESTRIAN","OTHER","CLEAR","N/A","DAYLIGHT","NO CONTROLS","N/A","N/A","88192B0E-D524-4F0D-AF02-D1E4B59136FB","PEDESTRIAN","Walking/Riding w/Traffic","UNKNOWN","SHOULDER","Unknown","NO APPARENT INJURY","N/A","39.1625106","-77.22187042","    (39.1625106, -77.22187042)"
"MCP2717008V","16065025","Montgomery County Police","Injury Crash","12/19/2016 12:45:00 PM",,,,"10400 OLD GEORGETOWN ROAD (GIANT FOOD PARKING LOT)",,"PEDESTRIAN","OTHER","CLEAR",,"DAYLIGHT","NO CONTROLS","NONE DETECTED","NONE DETECTED","BCFFB152-7A45-4A35-8B48-2C86C1780C74","PEDESTRIAN","Cross/Enter not at Intersection","DART DASH","OUTSIDE RIGHT OF WAY","Yes","SUSPECTED MINOR INJURY","NONE","39.02603667","-77.126905","    (39.02603667, -77.126905)"
"MCP13500016","16064970","Montgomery County Police","Injury Crash","12/19/2016 07:56:00 AM",,,,"PARKING LOT KINGSVIEW MIDDLE SCHOOL @ 16600 RAVEN ROCK DR",,"PEDESTRIAN","OTHER","CLEAR",,"DAYLIGHT","N/A","NONE DETECTED","N/A","A8F5654F-E5AF-4151-8152-C5226B78AC6C","PEDESTRIAN","Getting off/on Vehicle","ENTERING EXITING PARKED STANDING VEHICLE","OTHER","No","POSSIBLE INJURY","N/A","39.12687","-77.247905","    (39.12687, -77.247905)"
"MCP2446002G","16064765","Montgomery County Police","Property Damage Crash","12/17/2016 08:10:00 PM",,,,"IN THE PARKING LOT OF 19533 FETLOCK DR. GERMANTOWN MD. 20874",,"OTHER","OTHER","CLEAR",,"DARK LIGHTS ON","NO CONTROLS","NONE DETECTED","N/A","F687F200-4A4C-48E4-9FFD-5C18E3C747F2","OTHER","Other","OTHER","OTHER","No","NO APPARENT INJURY","N/A","39.176098","-77.26007","    (39.176098, -77.26007)"
"DD55950039","16064756","Rockville Police Departme","Injury Crash","12/17/2016 06:37:00 PM","Municipality","ELMCROFT BLVD","REDLAND BLVD",,"ROCKVILLE","PEDESTRIAN","OTHER","CLEAR","WET","DARK LIGHTS ON","NO CONTROLS","NONE DETECTED","NONE DETECTED","C257DE12-4FE1-409F-91BC-584574B8CF76","PEDESTRIAN","Cross/Enter at Intersection","NO IMPROPER ACTIONS","ON ROADWAY AT CROSSWALK","No","SUSPECTED MINOR INJURY","N/A","39.11449667","-77.167116","    (39.11449667, -77.167116)"
"MCP2963000X","16064726","Montgomery County Police","Injury Crash","12/17/2016 01:42:00 PM","US (State)","GEORGIA AVE","THAYER AVE",,"N/A","PEDESTRIAN","SINGLE VEHICLE","WINTRY MIX","ICE","DAYLIGHT","TRAFFIC SIGNAL","NONE DETECTED","NONE DETECTED","57D179FB-2BC3-4981-A27C-B14CA803D05A","PEDESTRIAN","Cross/Enter at Intersection","NO IMPROPER ACTIONS","ON ROADWAY AT CROSSWALK","No","SUSPECTED MINOR INJURY","N/A","38.99273333","-77.026605","    (38.99273333, -77.026605)"
"MCP2552001F","16064584","Montgomery County Police","Injury Crash","12/16/2016 06:17:00 PM","County","ARDENNES AVE","TWINBROOK PKWY",,"N/A","PEDESTRIAN","OTHER","N/A","DRY","DARK LIGHTS ON","TRAFFIC SIGNAL","UNKNOWN","N/A","927B9850-1E15-472E-A060-E47B9D21DB65","PEDESTRIAN","Cross/Enter at Intersection","NO IMPROPER ACTIONS","ON ROADWAY AT CROSSWALK","No","SUSPECTED MINOR INJURY","NONE","39.06375577","-77.1162504","    (39.06375577, -77.1162504)"
"MCP29190027","16064538","Montgomery County Police","Injury Crash","12/16/2016 02:22:00 PM","US (State)","GEORGIA AVE","WAYNE AVE",,"N/A","PEDESTRIAN","OTHER","CLOUDY","DRY","DAYLIGHT","OTHER","NONE DETECTED","NONE DETECTED","51E6F444-CF01-407D-B729-A5CE2B6CEF68","PEDESTRIAN","Cross/Enter at Intersection","NO IMPROPER ACTIONS","ON ROADWAY AT CROSSWALK","No","SUSPECTED SERIOUS INJURY","N/A","38.99502667","-77.02572667","    (38.99502667, -77.02572667)"
"DD55830022","16064028","Rockville Police Departme","Injury Crash","12/15/2016 05:16:00 PM","Municipality","FLEET ST","JEFFERSON PLAZA",,"ROCKVILLE","PEDESTRIAN","SINGLE VEHICLE","CLEAR","DRY","DARK LIGHTS ON","STOP SIGN","UNKNOWN","NONE DETECTED","B4011BB5-0C35-434F-91C3-C893B162E160","PEDESTRIAN","Walking to/from school","NO IMPROPER ACTIONS","AT INTERSECTION MARKED CROSSWALK","No","POSSIBLE INJURY","N/A","39.08044886","-77.1461302","    (39.08044886, -77.1461302)"
"EJ78350008","16064279","Gaithersburg Police Depar","Injury Crash","12/14/2016 09:29:00 PM","Maryland (State)","FREDERICK RD","S WESTLAND DR",,"GAITHERSBURG","PEDESTRIAN","OTHER","CLEAR","DRY","DARK LIGHTS ON","TRAFFIC SIGNAL","NONE DETECTED","NONE DETECTED","ABF64693-8CC0-4E20-B522-FA61D4016319","PEDESTRIAN","Cross/Enter not at Intersection","IN ROADWAY IMPROPERLY","ON ROADWAY NOT AT CROSSWALK","Yes","SUSPECTED MINOR INJURY","N/A","39.12618667","-77.18281833","    (39.12618667, -77.18281833)"
"MCP2921001G","16064255","Montgomery County Police","Injury Crash","12/14/2016 08:04:00 PM",,,,"IN AREA BETWEEN THE BEST BUY STORE (20914 FREDERICK RD) AND THE BEST BUY PARKING LOT.",,"PEDESTRIAN","SINGLE VEHICLE","CLEAR",,"DARK LIGHTS ON","N/A","NONE DETECTED","NONE DETECTED","457CCBB6-CB41-4FAF-BD14-55CCA2E200ED","PEDESTRIAN","Cross/Enter at Intersection","NO IMPROPER ACTIONS","ON ROADWAY AT CROSSWALK","No","POSSIBLE INJURY","N/A","39.25777667","-77.20923333","    (39.25777667, -77.20923333)"
"EJ7846001W","16064241","Gaithersburg Police Depar","Injury Crash","12/14/2016 07:18:00 PM","Municipality","RIO BLVD","ROUNDABOUT",,"N/A","PEDESTRIAN","STRAIGHT MOVEMENT ANGLE","CLEAR","DRY","DARK LIGHTS ON","STOP SIGN","NONE DETECTED","NONE DETECTED","BC9E73D2-550A-4800-9A21-C264ACEDF32D","PEDESTRIAN","Cross/Enter at Intersection","NO IMPROPER ACTIONS","AT INTERSECTION MARKED CROSSWALK","No","POSSIBLE INJURY","NONE","39.18248667","-77.24255167","    (39.18248667, -77.24255167)"
"EJ7846001W","16064241","Gaithersburg Police Depar","Injury Crash","12/14/2016 07:18:00 PM","Municipality","RIO BLVD","ROUNDABOUT",,"N/A","PEDESTRIAN","STRAIGHT MOVEMENT ANGLE","CLEAR","DRY","DARK LIGHTS ON","STOP SIGN","NONE DETECTED","NONE DETECTED","7252876C-3BF9-431E-8492-861E616AB270","PEDESTRIAN","Cross/Enter at Intersection","NO IMPROPER ACTIONS","AT INTERSECTION MARKED CROSSWALK","No","POSSIBLE INJURY","NONE","39.18248667","-77.24255167","    (39.18248667, -77.24255167)"
"MCP2466001R","16064424","Montgomery County Police","Injury Crash","12/14/2016 06:45:00 PM","Maryland (State)","NEW HAMPSHIRE AVE","MCNEIL LA",,"N/A","BICYCLIST","STRAIGHT MOVEMENT ANGLE","CLEAR","N/A","DARK LIGHTS ON","NO CONTROLS","UNKNOWN","UNKNOWN","C23A4E98-A76F-4FCE-A278-3895979F5A15","BICYCLIST","Walking/Riding against Traffic","WRONG WAY RIDING OR WALKING","SHOULDER","Yes","SUSPECTED MINOR INJURY","MC/BIKE HELMET","39.115075","-76.99268","    (39.115075, -76.99268)"
"MCP2396001T","16064162","Montgomery County Police","Injury Crash","12/14/2016 01:27:00 PM",,,,"IN DRIVEWAY OF 13118 HATHAWAY DRIVE, SILVER SPRING, MD 20906",,"PEDESTRIAN","OTHER","CLEAR",,"DAYLIGHT","NO CONTROLS","NONE DETECTED","NONE DETECTED","79610F54-96FC-4DF0-BA4E-C0BD0DAF65B8","PEDESTRIAN","Playing","NOT VISIBLE","OTHER","Yes","SUSPECTED MINOR INJURY","NONE","39.0711569","-77.05742687","    (39.0711569, -77.05742687)"
"DD5603003J","16064126","Rockville Police Departme","Injury Crash","12/14/2016 09:15:00 AM",,,,"1600 BLK OF YALE PLACE (RESIDENTIAL PARKING LOT)",,"PEDESTRIAN","OTHER","CLEAR",,"DAYLIGHT","NO CONTROLS","UNKNOWN","NONE DETECTED","20CD2DF7-BC07-4849-9FCF-821A4D3351D7","PEDESTRIAN","Walking to/from school","NO IMPROPER ACTIONS","OTHER","No","POSSIBLE INJURY","N/A","39.10448361","-77.16208801","    (39.10448361, -77.16208801)"
"MCP27770037","16064027","Montgomery County Police","Injury Crash","12/13/2016 06:29:00 PM","Maryland (State)","ROCKVILLE PIKE","MARINELLI RD",,"N/A","PEDESTRIAN","OTHER","CLEAR","DRY","DARK LIGHTS ON","TRAFFIC SIGNAL","NONE DETECTED","NONE DETECTED","986BCF81-526F-4FCF-B059-640579442BF3","PEDESTRIAN","Cross/Enter at Intersection","IN ROADWAY IMPROPERLY","ON ROADWAY NOT AT CROSSWALK","Yes","SUSPECTED SERIOUS INJURY","NONE","39.04712","-77.112839","    (39.04712, -77.112839)"
"MCP2765003D","16064031","Montgomery County Police","Injury Crash","12/13/2016 06:25:00 PM","County","TUCKERMAN LA","SEVEN LOCKS RD",,"N/A","PEDESTRIAN","SINGLE VEHICLE","CLEAR","DRY","DARK LIGHTS ON","TRAFFIC SIGNAL","UNKNOWN","NONE DETECTED","E5E20597-47E9-4849-B55B-590E485A49C6","PEDESTRIAN","Cross/Enter at Intersection","NO IMPROPER ACTIONS","ON ROADWAY AT CROSSWALK","No","POSSIBLE INJURY","NONE","39.04066963","-77.15906382","    (39.04066963, -77.15906382)"
"DM84230017","16063766","Takoma Park Police Depart","Injury Crash","12/12/2016 03:20:00 PM","Maryland (State)","PHILADELPHIA AVE","CHICAGO AVE",,"TAKOMA PARK","PEDESTRIAN","OTHER","CLEAR","DRY","DAYLIGHT","NO CONTROLS","NONE DETECTED","NONE DETECTED","A3381A24-7657-43F1-9485-9E25874ECF92","PEDESTRIAN","Cross/Enter at Intersection","INATTENTIVE","AT INTERSECTION MARKED CROSSWALK","Unknown","SUSPECTED MINOR INJURY","N/A","38.98651333","-77.02152333","    (38.98651333, -77.02152333)"
"MCP20080033","16063764","Montgomery County Police","Injury Crash","12/12/2016 03:18:00 PM","County","MACARTHUR BLVD","HARVARD AVE",,"GLEN ECHO","BICYCLIST","ANGLE MEETS LEFT TURN","CLEAR","DRY","DAYLIGHT","N/A","NONE DETECTED","NONE DETECTED","AD68D665-AED3-4D15-B14F-84E2324A0306","BICYCLIST","Cross/Enter at Intersection","NO IMPROPER ACTIONS","IN BIKEWAY","No","POSSIBLE INJURY","MC/BIKE HELMET","38.969655","-77.14156833","    (38.969655, -77.14156833)"
"MCP9419000X","16063681","Montgomery County Police","Injury Crash","12/12/2016 06:25:00 AM","County","REDLAND RD","SOMERVILLE DR",,"N/A","PEDESTRIAN","N/A","RAINING","WET","DARK LIGHTS ON","TRAFFIC SIGNAL","NONE DETECTED","NONE DETECTED","F3CCC322-0872-4E56-81E4-55D1B68E4B11","PEDESTRIAN","Cross/Enter at Intersection","UNKNOWN","AT INTERSECTION MARKED CROSSWALK","Unknown","SUSPECTED MINOR INJURY","N/A","39.11713418","-77.164675","    (39.11713418, -77.164675)"