"Report Number","Local Case Number","Agency Name","ACRS Report Type","Crash Date/Time","Route Type","Road Name","Cross-Street Name","Off-Road Description","Municipality","Related Non-Motorist","Collision Type","Weather","Surface Condition","Light","Traffic Control","Driver Substance Abuse","Non-Motorist Substance Abuse","Person ID","Pedestrian Type","Pedestrian Movement","Pedestrian Actions","Pedestrian Location","At Fault","Injury Severity","Safety Equipment","Latitude","Longitude","Location"
"MCP1020001T","16058598","Montgomery County Police","Injury Crash","11/14/2016 07:37:00 AM","County","TAPWOOD RD","SCHAEFFER RD",,"N/A","PEDESTRIAN","SAME DIR REAR END","CLEAR","DRY","DAYLIGHT","NO CONTROLS","NONE DETECTED","NONE DETECTED","C92D0957-62FF-48F3-B128-03473B80CD68","PEDESTRIAN","Walking/Riding w/Traffic","NO IMPROPER ACTIONS","ON ROADWAY NOT AT CROSSWALK","No","SUSPECTED MINOR INJURY","N/A","39.15917333","-77.29155167","    (39.15917333, -77.29155167)"
"MCP27650035","16058570","Montgomery County Police","Injury Crash","11/13/2016 09:25:00 PM","County","GAINSBOROUGH RD","SEVEN LOCKS RD",,"N/A","BICYCLIST","SINGLE VEHICLE","CLEAR","DRY","DARK LIGHTS ON","TRAFFIC SIGNAL","NONE DETECTED","ALCOHOL PRESENT","C154AF58-9458-41E3-AA1A-8EF6199A7546","BICYCLIST","Cross/Enter at Intersection","NO IMPROPER ACTIONS","ON ROADWAY AT CROSSWALK","No","POSSIBLE INJURY","NONE","39.04797","-77.16203833","    (39.04797, -77.16203833)"
"MCP28370016","16058356","Montgomery County Police","Property Damage Crash","11/12/2016 12:31:00 PM","County","PINEY MEETINGHOUSE RD","CAVANAUGH DR",,"N/A","BICYCLIST","STRAIGHT MOVEMENT ANGLE","CLEAR","DRY","DAYLIGHT","FLASHING TRAFFIC SIGNAL","NONE DETECTED","NONE DETECTED","B2574634-5201-4FC6-8664-768CAAE51AD9","BICYCLIST","Cross/Enter at Intersection","NO IMPROPER ACTIONS","ON ROADWAY NOT AT CROSSWALK","No","NO APPARENT INJURY","REFLECTIVE CLOTHING","39.08269833","-77.21685","    (39.08269833, -77.21685)"
"DD56200006","16058258","Rockville Police Departme","Injury Crash","11/11/2016 07:52:00 PM","Maryland (State)","E JEFFERSON ST","MONROE ST",,"ROCKVILLE","PEDESTRIAN","OTHER","CLEAR","DRY","DARK LIGHTS ON","TRAFFIC SIGNAL","NONE DETECTED","NONE DETECTED","E105D145-85D5-4D36-9BE1-75242B8D5C7A","PEDESTRIAN","Cross/Enter at Intersection","NO IMPROPER ACTIONS","AT INTERSECTION MARKED CROSSWALK","No","SUSPECTED MINOR INJURY","NONE","39.08189382","-77.14920402","    (39.08189382, -77.14920402)"
"DD56200006","16058258","Rockville Police Departme","Injury Crash","11/11/2016 07:52:00 PM","Maryland (State)","E JEFFERSON ST","MONROE ST",,"ROCKVILLE","PEDESTRIAN","OTHER","CLEAR","DRY","DARK LIGHTS ON","TRAFFIC SIGNAL","NONE DETECTED","NONE DETECTED","FB9464D0-DDA4-4E56-8A4B-A49E60D700C3","PEDESTRIAN","Cross/Enter at Intersection","NO IMPROPER ACTIONS","AT INTERSECTION MARKED CROSSWALK","No","SUSPECTED MINOR INJURY","NONE","39.08189382","-77.14920402","    (39.08189382, -77.14920402)"
"MCP2008002X","16058233","Montgomery County Police","Injury Crash","11/11/2016 05:46:00 PM","Maryland (State)","WILSON LA","MOORLAND LA",,"N/A","PEDESTRIAN","HEAD ON","CLEAR","DRY","DARK LIGHTS ON","NO CONTROLS","NONE DETECTED","NONE DETECTED","E298529C-E573-4BD3-B451-CF2C94E1F47E","PEDESTRIAN","Cross/Enter at Intersection","NO IMPROPER ACTIONS","ON ROADWAY AT CROSSWALK","No","SUSPECTED MINOR INJURY","NONE","38.9871","-77.10963167","    (38.9871, -77.10963167)"
"MCP2797001B","16058215","Montgomery County Police","Injury Crash","11/11/2016 04:02:00 PM","Maryland (State)","UNIVERSITY BLVD W","GRANDVIEW AVE",,"N/A","PEDESTRIAN","OTHER","CLEAR","DRY","DAYLIGHT","TRAFFIC SIGNAL","NONE DETECTED","N/A","A79C5274-23FB-4D04-8F3C-8743199B5100","PEDESTRIAN","Cross/Enter at Intersection","NO IMPROPER ACTIONS","AT INTERSECTION MARKED CROSSWALK","No","POSSIBLE INJURY","N/A","39.04110833","-77.053285","    (39.04110833, -77.053285)"
"MCP3000001G","16058070","Montgomery County Police","Injury Crash","11/10/2016 08:12:00 PM",,,,"18909 KINGSVIEW RD PARKING LOT OF GERMANTOWN OUTDOOR POOL",,"PEDESTRIAN","N/A","CLEAR",,"DARK LIGHTS ON","NO CONTROLS","NONE DETECTED","NONE DETECTED","14863F27-8FD4-4A23-86F9-EE0910508DE2","PEDESTRIAN","Playing","OTHER","OTHER","Yes","SUSPECTED MINOR INJURY","N/A","39.165225","-77.28609667","    (39.165225, -77.28609667)"
"MCP27360040","16057852","Montgomery County Police","Injury Crash","11/09/2016 05:49:00 PM","Maryland (State)","KNOWLES AVE","HOWARD AVE",,"N/A","PEDESTRIAN","STRAIGHT MOVEMENT ANGLE","RAINING","WET","DARK LIGHTS ON","NO CONTROLS","NONE DETECTED","NONE DETECTED","302471BD-6988-4EB2-96D4-F9EF8B0216EF","PEDESTRIAN","Cross/Enter at Intersection","IN ROADWAY IMPROPERLY","ON ROADWAY NOT AT CROSSWALK","Yes","SUSPECTED MINOR INJURY","NONE","39.03023667","-77.08485167","    (39.03023667, -77.08485167)"
"MCP2863001C","16057560","Montgomery County Police","Injury Crash","11/08/2016 08:23:00 AM",,,,"PARKING LOT OF 20300 PLEASANT RIDGE DR ,MCG (NORTHGATE CHURCH)",,"PEDESTRIAN","SINGLE VEHICLE","CLEAR",,"DAYLIGHT","NO CONTROLS","NONE DETECTED","NONE DETECTED","55E233D9-9E9E-452D-9418-05A4919132F8","PEDESTRIAN","Walking to/from school","NO IMPROPER ACTIONS","OTHER","No","POSSIBLE INJURY","N/A","39.19190167","-77.19156333","    (39.19190167, -77.19156333)"
"MCP2863001C","16057560","Montgomery County Police","Injury Crash","11/08/2016 08:23:00 AM",,,,"PARKING LOT OF 20300 PLEASANT RIDGE DR ,MCG (NORTHGATE CHURCH)",,"PEDESTRIAN","SINGLE VEHICLE","CLEAR",,"DAYLIGHT","NO CONTROLS","NONE DETECTED","NONE DETECTED","FA71C52E-4F65-41A9-91F7-95AD7F056A52","PEDESTRIAN","Walking to/from school","NO IMPROPER ACTIONS","OTHER","No","POSSIBLE INJURY","N/A","39.19190167","-77.19156333","    (39.19190167, -77.19156333)"
"MCP229800B9","16057493","Montgomery County Police","Injury Crash","11/07/2016 08:01:00 PM","Maryland (State)","CLOPPER RD","LIBERTY MILL RD",,"N/A","BICYCLIST","OTHER","CLEAR","N/A","DARK LIGHTS ON","NO CONTROLS","NONE DETECTED","ILLEGAL DRUG PRESENT","BF837599-E1B6-48FB-8A75-8626103AFF81","BICYCLIST","Cross/Enter at Intersection","NOT VISIBLE","AT INTERSECTION BUT NO CROSSWALK","No","SUSPECTED MINOR INJURY","NONE","39.16217474","-77.28160657","    (39.16217474, -77.28160657)"
"MCP229800B9","16057493","Montgomery County Police","Injury Crash","11/07/2016 08:01:00 PM","Maryland (State)","CLOPPER RD","LIBERTY MILL RD",,"N/A","BICYCLIST","OTHER","CLEAR","N/A","DARK LIGHTS ON","NO CONTROLS","NONE DETECTED","ILLEGAL DRUG PRESENT","73047F75-5907-4BF0-9951-374611F33CF0","BICYCLIST","Cross/Enter at Intersection","NO IMPROPER ACTIONS","AT INTERSECTION BUT NO CROSSWALK","No","POSSIBLE INJURY","NONE","39.16217474","-77.28160657","    (39.16217474, -77.28160657)"
"MCP229800B9","16057493","Montgomery County Police","Injury Crash","11/07/2016 08:01:00 PM","Maryland (State)","CLOPPER RD","LIBERTY MILL RD",,"N/A","BICYCLIST","OTHER","CLEAR","N/A","DARK LIGHTS ON","NO CONTROLS","NONE DETECTED","ILLEGAL DRUG PRESENT","1BE559DC-EAE2-4CD8-AF04-54880E437CB8","BICYCLIST","Cross/Enter at Intersection","NO IMPROPER ACTIONS","AT INTERSECTION BUT NO CROSSWALK","No","NO APPARENT INJURY","NONE","39.16217474","-77.28160657","    (39.16217474, -77.28160657)"
"MCP28510023","16057442","Montgomery County Police","Injury Crash","11/07/2016 03:47:00 PM","Maryland (State)","GREAT SENECA HWY","MIDDLEBROOK RD",,"N/A","PEDESTRIAN","SINGLE VEHICLE","CLEAR","DRY","DAYLIGHT","TRAFFIC SIGNAL","NONE DETECTED","NONE DETECTED","4F693368-D7C0-4535-AA41-CAAF0129485B","PEDESTRIAN","Cross/Enter at Intersection","FAILURE TO OBEY TRAFFIC SIGNS SIGNALS OR OFFICER","ON ROADWAY AT CROSSWALK","Yes","SUSPECTED MINOR INJURY","NONE","39.17465833","-77.26129667","    (39.17465833, -77.26129667)"
"MCP1580006G","16057394","Montgomery County Police","Injury Crash","11/07/2016 11:16:00 AM","County","SNOUFFERS SCHOOL RD","WOODFIELD RD",,"N/A","PEDESTRIAN","SINGLE VEHICLE","CLEAR","DRY","DAYLIGHT","NO CONTROLS","NONE DETECTED","ALCOHOL PRESENT","386103CF-67FE-4ABA-BF12-9970B2AA9C60","PEDESTRIAN","Cross/Enter not at Intersection","DART DASH","ON ROADWAY NOT AT CROSSWALK","Yes","SUSPECTED SERIOUS INJURY","N/A","39.16039667","-77.16304","    (39.16039667, -77.16304)"
"HA2399000Q","16001370","Maryland-National Capital","Injury Crash","11/07/2016 08:02:00 AM","Government","LITTLE FALLS PKWY","ARLINGTON RD",,"N/A","BICYCLIST","STRAIGHT MOVEMENT ANGLE","CLEAR","DRY","DAYLIGHT","N/A","N/A","N/A","50EFC924-A225-4E7D-AE18-2A925649BED9","BICYCLIST","Cross/Enter at Intersection","N/A","AT INTERSECTION MARKED CROSSWALK","No","SUSPECTED MINOR INJURY","MC/BIKE HELMET","38.97335842","-77.1013239","    (38.97335842, -77.1013239)"
"DM84370014","16057279","Takoma Park Police Depart","Injury Crash","11/06/2016 04:40:00 PM",,,,"PARKING LOT OF 7633 NEW HAMPSHIRE AVE, TAKOMA PARK, MD 20912",,"PEDESTRIAN","OTHER","CLEAR",,"DAYLIGHT","NO CONTROLS","NONE DETECTED","NONE DETECTED","5370CFA3-D9DB-4FBC-B602-89FA6D4AE7E3","PEDESTRIAN","Other","NO IMPROPER ACTIONS","OTHER","No","SUSPECTED SERIOUS INJURY","N/A","38.98847333","-77.00094167","    (38.98847333, -77.00094167)"
"MCP2848003J","16057266","Montgomery County Police","Injury Crash","11/06/2016 02:40:00 PM",,,,"PARKING LOT IN FRONT OF MACY'S AT MONTGOMERY MALL-7101 DEMOCRACY BLVD BETHESDA, MD 20817",,"PEDESTRIAN","SINGLE VEHICLE","CLEAR",,"DAYLIGHT","NO CONTROLS","NONE DETECTED","NONE DETECTED","05178664-037E-44F1-850B-AACDD94569FE","PEDESTRIAN","Cross/Enter not at Intersection","UNKNOWN","ON ROADWAY NOT AT CROSSWALK","Yes","SUSPECTED MINOR INJURY","NONE","39.02380167","-77.14843333","    (39.02380167, -77.14843333)"
"EJ7839001S","16057167","Gaithersburg Police Depar","Property Damage Crash","11/05/2016 10:40:00 PM","Municipality","W DEER PARK RD","BUTTRY RD",,"GAITHERSBURG","BICYCLIST","OTHER","N/A","DRY","DARK LIGHTS ON","STOP SIGN","NONE DETECTED","NONE DETECTED","257CB38D-45F6-421A-B543-7C46D56522C0","BICYCLIST","Cross/Enter at Intersection","UNKNOWN","UNKNOWN","Unknown","NO APPARENT INJURY","NONE","39.13404333","-77.20415333","    (39.13404333, -77.20415333)"
"DM84470016","16056965","Takoma Park Police Depart","Injury Crash","11/04/2016 07:40:00 PM","Maryland (State)","NEW HAMPSHIRE AVE","HOLTON LA",,"TAKOMA PARK","PEDESTRIAN","SINGLE VEHICLE","CLEAR","DRY","DARK LIGHTS ON","TRAFFIC SIGNAL","NONE DETECTED","NONE DETECTED","4222D904-8AF2-4B72-A3CA-7FA7B8873C29","PEDESTRIAN","Cross/Enter at Intersection","FAILURE TO OBEY TRAFFIC SIGNS SIGNALS OR OFFICER","ON ROADWAY NOT AT CROSSWALK","Yes","POSSIBLE INJURY","NONE","38.985899","-76.988181","    (38.985899, -76.988181)"
"MCP2665001T","16056935","Montgomery County Police","Injury Crash","11/04/2016 05:59:00 PM","County","EDSON LA","WOODGLEN DR",,"N/A","BICYCLIST","STRAIGHT MOVEMENT ANGLE","CLEAR","DRY","DUSK","STOP SIGN","N/A","N/A","71F7982F-B373-4BCD-913B-C4BC24ED42D2","BICYCLIST","Cross/Enter at Intersection","NO IMPROPER ACTIONS","ON ROADWAY AT CROSSWALK","No","SUSPECTED MINOR INJURY","NONE","39.04021333","-77.11300833","    (39.04021333, -77.11300833)"
"MCP26370013","16056842","Montgomery County Police","Injury Crash","11/04/2016 08:49:00 AM","County","CAVANAUGH DR","PINEY MEETINGHOUSE RD",,"N/A","PEDESTRIAN","OTHER","CLEAR","DRY","DAYLIGHT","NO CONTROLS","NONE DETECTED","NONE DETECTED","A5B7931D-8B7C-4DDC-BAA7-C46DE49A1624","PEDESTRIAN","Unknown","UNKNOWN","ON ROADWAY NOT AT CROSSWALK","Yes","POSSIBLE INJURY","NONE","39.08221","-77.216605","    (39.08221, -77.216605)"
"MCP2351000V","16056840","Montgomery County Police","Injury Crash","11/04/2016 08:20:00 AM","County","RANDOLPH RD","GAYNOR RD",,"N/A","PEDESTRIAN","OTHER","CLEAR","DRY","DAYLIGHT","TRAFFIC SIGNAL","NONE DETECTED","NONE DETECTED","1AE6820C-F6E1-4CD4-A9CA-AAF4F4A1F7F0","PEDESTRIAN","Cross/Enter at Intersection","N/A","AT INTERSECTION MARKED CROSSWALK","No","POSSIBLE INJURY","N/A","39.05399088","-77.09417984","    (39.05399088, -77.09417984)"
"MCP1123001D","16056831","Montgomery County Police","Injury Crash","11/04/2016 06:16:00 AM","Maryland (State)","UNIVERSITY BLVD W","INWOOD AVE",,"N/A","PEDESTRIAN","SINGLE VEHICLE","CLEAR","DRY","DARK LIGHTS ON","TRAFFIC SIGNAL","UNKNOWN","NONE DETECTED","02EB5EA1-D1E4-412C-A02A-DF3FB8C15212","PEDESTRIAN","Cross/Enter at Intersection","FAILURE TO YIELD RIGHT OF WAY","AT INTERSECTION MARKED CROSSWALK","Yes","SUSPECTED SERIOUS INJURY","NONE","39.03623167","-77.03778167","    (39.03623167, -77.03778167)"
"MCP2717008F","16056696","Montgomery County Police","Injury Crash","11/03/2016 01:20:00 PM","County","BETHESDA AVE","ARLINGTON RD",,"N/A","PEDESTRIAN","OTHER","RAINING","WET","DAYLIGHT","NO CONTROLS","UNKNOWN","NONE DETECTED","59D49454-E5C2-4728-BC3F-D2D49D3566E1","PEDESTRIAN","Other Working","OTHER","OUTSIDE RIGHT OF WAY","No","SUSPECTED MINOR INJURY","NONE","38.99738167","-77.10942667","    (38.99738167, -77.10942667)"
"MCP2960001D","16056653","Montgomery County Police","Injury Crash","11/03/2016 10:43:00 AM",,,,"PARKING LOT OF 3100 NORTH LEISURE WORLD BLVD",,"PEDESTRIAN","OTHER","CLEAR",,"DAYLIGHT","NO CONTROLS","N/A","N/A","96E9CBBA-1657-4313-8A13-98383B9DC590","PEDESTRIAN","Other","UNKNOWN","ON ROADWAY NOT AT CROSSWALK","Unknown","SUSPECTED MINOR INJURY","N/A","39.10591833","-77.06407","    (39.10591833, -77.06407)"
"MCP23530034","16056632","Montgomery County Police","Injury Crash","11/03/2016 08:01:00 AM","County","WYNDALE RD","BEACH DR",,"N/A","BICYCLIST","SINGLE VEHICLE","CLEAR","DRY","DAYLIGHT","N/A","NONE DETECTED","NONE DETECTED","DCE62DCA-2A71-47FF-826D-70D7A9B1CB92","BICYCLIST","Walking/Riding w/Traffic","NO IMPROPER ACTIONS","ON ROADWAY NOT AT CROSSWALK","No","SUSPECTED MINOR INJURY","MC/BIKE HELMET","38.985795","-77.05721333","    (38.985795, -77.05721333)"
"DD5615002Q","16056048","Rockville Police Departme","Injury Crash","10/31/2016 11:41:00 AM","Municipality","WOOTTON PKWY","ROCKVILLE PIKE",,"N/A","PEDESTRIAN","SINGLE VEHICLE","CLEAR","DRY","DAYLIGHT","NO CONTROLS","NONE DETECTED","NONE DETECTED","25D61784-FD7C-4580-8F90-EB99937EF3CB","PEDESTRIAN","Walking to/from school","IN ROADWAY IMPROPERLY","ON ROADWAY NOT AT CROSSWALK","Yes","POSSIBLE INJURY","NONE","39.076525","-77.13979167","    (39.076525, -77.13979167)"
"MCP3009000J","16055977","Montgomery County Police","Injury Crash","10/30/2016 09:43:00 PM","County","CRYSTAL ROCK DR","MIDDLEBROOK RD",,"N/A","PEDESTRIAN","OTHER","N/A","N/A","DARK LIGHTS ON","TRAFFIC SIGNAL","N/A","N/A","166A9734-D63B-4F19-B9D1-27114B56E818","PEDESTRIAN","Cross/Enter at Intersection","N/A","AT INTERSECTION MARKED CROSSWALK","No","POSSIBLE INJURY","NONE","39.1769618","-77.26419166","    (39.1769618, -77.26419166)"
"MCP27650033","16055963","Montgomery County Police","Injury Crash","10/30/2016 07:20:00 PM","County","REACH RD","CANFIELD RD",,"N/A","PEDESTRIAN","OTHER","CLEAR","WET","DARK LIGHTS ON","NO CONTROLS","ALCOHOL CONTRIBUTED","NONE DETECTED","046C527D-A352-4ECD-BFF0-68C070F544D1","PEDESTRIAN","Standing","NO IMPROPER ACTIONS","ON ROADWAY NOT AT CROSSWALK","No","POSSIBLE INJURY","NONE","39.05289319","-77.19191283","    (39.05289319, -77.19191283)"
"EJ78370016","16055702","Gaithersburg Police Depar","Injury Crash","10/29/2016 06:35:00 AM","Maryland (State)","QUINCE ORCHARD RD","MCDONALD CHAPEL DR",,"N/A","PEDESTRIAN","SINGLE VEHICLE","N/A","DRY","DARK NO LIGHTS","TRAFFIC SIGNAL","N/A","N/A","DEE2BC25-0DB0-4DAB-99E3-AC5AB7DB3E1B","PEDESTRIAN","Cross/Enter at Intersection","UNKNOWN","ON ROADWAY NOT AT CROSSWALK","Yes","SUSPECTED MINOR INJURY","N/A","39.11978638","-77.25077994","    (39.11978638, -77.25077994)"
"MCP2951001W","16055567","Montgomery County Police","Injury Crash","10/28/2016 05:04:00 PM",,,,"PARKING LOT OF GIANT FOODS",,"PEDESTRIAN","N/A","CLEAR",,"DAYLIGHT","NO CONTROLS","NONE DETECTED","NONE DETECTED","D945F8C0-C5D4-4B3E-A765-FD71A80F03FE","PEDESTRIAN","Cross/Enter at Intersection","N/A","ON ROADWAY AT CROSSWALK","No","POSSIBLE INJURY","N/A","39.10181938","-77.07583889","    (39.10181938, -77.07583889)"
"MCP9366000N","16055445","Montgomery County Police","Injury Crash","10/28/2016 02:35:00 AM","Maryland (State)","GEORGIA AVE","EMORY CHURCH RD",,"N/A","PEDESTRIAN","SAME DIR REAR END","CLEAR","WET","DARK LIGHTS ON","N/A","ALCOHOL PRESENT","NONE DETECTED","443B5E67-CF52-435D-B8F2-86FC80A9C561","PEDESTRIAN","Standing","NO IMPROPER ACTIONS","CURB","No","SUSPECTED MINOR INJURY","NONE","39.13212667","-77.07039667","    (39.13212667, -77.07039667)"
"MCP28180029","16055385","Montgomery County Police","Injury Crash","10/27/2016 08:03:00 PM","Maryland (State)","GEORGIA AVE","SPRING ST",,"N/A","PEDESTRIAN","SINGLE VEHICLE","RAINING","WET","DARK LIGHTS ON","TRAFFIC SIGNAL","NONE DETECTED","N/A","E896D79B-9F51-4917-919D-475EE8923EA0","PEDESTRIAN","N/A","NO IMPROPER ACTIONS","SIDEWALK","No","POSSIBLE INJURY","N/A","39.17508","-77.197045","    (39.17508, -77.197045)"
"MCP2871003J","16055362","Montgomery County Police","Injury Crash","10/27/2016 06:51:00 PM","County","ROCKLEDGE DR","DEMOCRACY BLVD",,"N/A","PEDESTRIAN","OTHER","CLEAR","DRY","DARK NO LIGHTS","NO CONTROLS","NONE DETECTED","NONE DETECTED","08506C5B-5F31-427D-A75C-F39FB2FC093C","PEDESTRIAN","Cross/Enter at Intersection","NO IMPROPER ACTIONS","AT INTERSECTION MARKED CROSSWALK","No","POSSIBLE INJURY","NONE","39.02481667","-77.13239333","    (39.02481667, -77.13239333)"
"DD56100023","16055305","Rockville Police Departme","Injury Crash","10/27/2016 02:02:00 PM","Municipality","GRANDIN AVE","WOODLAND RD",,"ROCKVILLE","OTHER","SINGLE VEHICLE","RAINING","WET","DAYLIGHT","NO CONTROLS","N/A","N/A","106F4321-F327-4D4D-B13C-46A78E48C2D3","OTHER","N/A","N/A","N/A","No","NO APPARENT INJURY","N/A","39.08715617","-77.14474717","    (39.08715617, -77.14474717)"
"MCP2770001B","16055350","Montgomery County Police","Injury Crash","10/27/2016 11:00:00 AM","County","SHADY GROVE RD","BRIARDALE RD",,"N/A","PEDESTRIAN","OTHER","CLOUDY","N/A","DAYLIGHT","TRAFFIC SIGNAL","N/A","N/A","821C5D67-1D1D-497C-9B70-733960989313","PEDESTRIAN","Other","OTHER","ON ROADWAY NOT AT CROSSWALK","Unknown","SUSPECTED MINOR INJURY","NONE","39.13375951","-77.15832889","    (39.13375951, -77.15832889)"
"MCP1202001V","16055277","Montgomery County Police","Injury Crash","10/27/2016 11:00:00 AM","County","FRIENDSHIP BLVD","WILLARD AVE",,"N/A","MACHINE OPERATOR/RIDER","STRAIGHT MOVEMENT ANGLE","CLEAR","DRY","DAYLIGHT","TRAFFIC SIGNAL","NONE DETECTED","NONE DETECTED","381BDC01-30E6-41DD-BB0C-181D7D0BC28C","MACHINE OPERATOR/RIDER","Cross/Enter at Intersection","NO IMPROPER ACTIONS","AT INTERSECTION MARKED CROSSWALK","No","SUSPECTED MINOR INJURY","NONE","38.96195","-77.08886167","    (38.96195, -77.08886167)"
"MCP2784002Q","16055162","Montgomery County Police","Injury Crash","10/26/2016 05:45:00 PM","Maryland (State)","LAYHILL RD","GLENALLAN AVE",,"N/A","PEDESTRIAN","OTHER","CLEAR","DRY","N/A","TRAFFIC SIGNAL","NONE DETECTED","NONE DETECTED","B550F6D6-BF5B-4BF4-A27A-9F802E97D2C1","PEDESTRIAN","Cross/Enter at Intersection","NO IMPROPER ACTIONS","ON ROADWAY AT CROSSWALK","No","POSSIBLE INJURY","NONE","39.06338667","-77.04991333","    (39.06338667, -77.04991333)"
"MCP21160056","16055105","Montgomery County Police","Injury Crash","10/26/2016 01:50:00 PM","County","FISHERS LA","TWINBROOK PKWY",,"N/A","PEDESTRIAN","STRAIGHT MOVEMENT ANGLE","CLEAR","DRY","DAYLIGHT","TRAFFIC SIGNAL","NONE DETECTED","NONE DETECTED","B85E713F-0E7A-4445-BC37-14472734D0C2","PEDESTRIAN","Cross/Enter at Intersection","FAILURE TO OBEY TRAFFIC SIGNS SIGNALS OR OFFICER","AT INTERSECTION MARKED CROSSWALK","Yes","POSSIBLE INJURY","NONE","39.062751","-77.116451","    (39.062751, -77.116451)"
"MCP94300001","16055044","Montgomery County Police","Injury Crash","10/26/2016 07:45:00 AM",,,,"DRIVEWAY TO GIANT 10400 OLD GEORGETOWN ROAD",,"BICYCLIST","OTHER","CLEAR",,"DAYLIGHT","STOP SIGN","NONE DETECTED","NONE DETECTED","0E895861-5CD2-434F-85D1-129CEB820520","BICYCLIST","Cross/Enter at Intersection","N/A","ON ROADWAY NOT AT CROSSWALK","No","SUSPECTED MINOR INJURY","MC/BIKE HELMET","39.02618833","-77.12957167","    (39.02618833, -77.12957167)"
"MCP2087000D","16054878","Montgomery County Police","Injury Crash","10/25/2016 11:11:00 AM","County","RANDOLPH RD","BUSHEY DR",,"N/A","PEDESTRIAN","SINGLE VEHICLE","CLEAR","DRY","DAYLIGHT","NO CONTROLS","NONE DETECTED","NONE DETECTED","DBB10406-E1A0-4687-A577-6C6A3FE9C8D6","PEDESTRIAN","Cross/Enter at Intersection","NO IMPROPER ACTIONS","AT INTERSECTION MARKED CROSSWALK","No","SUSPECTED MINOR INJURY","N/A","39.05741713","-77.07781434","    (39.05741713, -77.07781434)"
"MCP23530031","16054855","Montgomery County Police","Injury Crash","10/25/2016 09:05:00 AM","Maryland (State)","WISCONSIN AVE","WESTERN AVE (DC MAINT)",,"N/A","PEDESTRIAN","SINGLE VEHICLE","CLEAR","DRY","DAYLIGHT","TRAFFIC SIGNAL","NONE DETECTED","NONE DETECTED","E5D922AF-188F-4931-AD1F-181F5C932237","PEDESTRIAN","Cross/Enter at Intersection","NO IMPROPER ACTIONS","ON ROADWAY AT CROSSWALK","No","POSSIBLE INJURY","NONE","38.961205","-77.08555667","    (38.961205, -77.08555667)"
"MCP2087000B","16054837","Montgomery County Police","Injury Crash","10/25/2016 06:58:00 AM","County","RANDOLPH RD","TIVOLI LAKE BLVD",,"N/A","PEDESTRIAN","OTHER","CLEAR","DRY","DARK LIGHTS ON","TRAFFIC SIGNAL","UNKNOWN","NONE DETECTED","BB4E5E69-0616-4188-A7B5-60C6FDC95D4B","PEDESTRIAN","Cross/Enter at Intersection","NO IMPROPER ACTIONS","AT INTERSECTION MARKED CROSSWALK","No","SUSPECTED SERIOUS INJURY","NONE","39.06611114","-77.03449532","    (39.06611114, -77.03449532)"
"MCP29820018","16054687","Montgomery County Police","Injury Crash","10/24/2016 11:21:00 AM","County","FENTON ST","SLIGO AVE",,"N/A","PEDESTRIAN","OTHER","CLOUDY","DRY","DAYLIGHT","TRAFFIC SIGNAL","NONE DETECTED","NONE DETECTED","FCB7C952-0095-45AB-805A-9C9AC9FD9B2B","PEDESTRIAN","Cross/Enter at Intersection","NO IMPROPER ACTIONS","ON ROADWAY AT CROSSWALK","No","SUSPECTED MINOR INJURY","N/A","38.9902334","-77.02399448","    (38.9902334, -77.02399448)"
"MCP1227000K","16054657","Montgomery County Police","Fatal Crash","10/24/2016 06:54:00 AM","Maryland (State)","GEORGIA AVE","REGINA DR",,"N/A","PEDESTRIAN","SINGLE VEHICLE","CLOUDY","DRY","DARK -- UNKNOWN LIGHTING","NO CONTROLS","NONE DETECTED","NONE DETECTED","0D9AA61B-7405-4034-B274-E5206B3C58A7","PEDESTRIAN","Cross/Enter not at Intersection","UNKNOWN","ON ROADWAY NOT AT CROSSWALK","Unknown","FATAL INJURY","NONE","39.07359011","-77.06593752","    (39.07359011, -77.06593752)"
"MCP1573000Z","16054603","Montgomery County Police","Injury Crash","10/23/2016 06:39:00 PM","County","CONNECTICUT AVE","GEORGIA AVE",,"N/A","BICYCLIST","SINGLE VEHICLE","CLEAR","DRY","DUSK","PERSON","NONE DETECTED","NONE DETECTED","57CDE8DC-2768-41BA-B8B7-5D276D5F52BE","BICYCLIST","Cross/Enter at Intersection","NO IMPROPER ACTIONS","ON ROADWAY AT CROSSWALK","No","POSSIBLE INJURY","NONE","39.083855","-77.07752667","    (39.083855, -77.07752667)"
"MCP9130002R","16054530","Montgomery County Police","Injury Crash","10/23/2016 08:53:00 AM",,,,"PARKING LOT OF TRADER JOES 
10741 COLUMBIA PIKE
SILVER SPRING, MD 20901",,"PEDESTRIAN","SINGLE VEHICLE","CLEAR",,"DAYLIGHT","N/A","NONE DETECTED","NONE DETECTED","329DFE77-0DB1-4E97-8EF6-79B8B95B1227","PEDESTRIAN","Cross/Enter not at Intersection","NO IMPROPER ACTIONS","OTHER","No","POSSIBLE INJURY","NONE","39.031685","-77.00385","    (39.031685, -77.00385)"
"DD5529001M","16054221","Rockville Police Departme","Injury Crash","10/21/2016 12:58:00 PM","Maryland (State)","HUNGERFORD DR","ENT TO FLAGSHIP SHOPPING CTR",,"N/A","PEDESTRIAN","OTHER","CLEAR","DRY","DAYLIGHT","TRAFFIC SIGNAL","NONE DETECTED","NONE DETECTED","A7F45C75-F68F-400A-BB2D-CC9FE326C9FA","PEDESTRIAN","Cross/Enter at Intersection","DART DASH","AT INTERSECTION MARKED CROSSWALK","Yes","SUSPECTED MINOR INJURY","N/A","39.1067","-77.16002167","    (39.1067, -77.16002167)"
"MCP2753001L","16054173","Montgomery County Police","Injury Crash","10/21/2016 07:53:00 AM",,,,"SIDEWALK OF PARKING LOT IN FRONT OF A 7-11 AT
14101 GEORGIA AVENUE
SILVER SPRING MD",,"PEDESTRIAN","OTHER","N/A",,"DAYLIGHT","NO CONTROLS","NONE DETECTED","NONE DETECTED","62AFE7E4-1FFE-4026-9CA2-B060E59EEB98","PEDESTRIAN","Walking/Riding against Traffic","NO IMPROPER ACTIONS","SIDEWALK","No","SUSPECTED MINOR INJURY","N/A","39.08475167","-77.07807333","    (39.08475167, -77.07807333)"