"Report Number","Local Case Number","Agency Name","ACRS Report Type","Crash Date/Time","Route Type","Road Name","Cross-Street Name","Off-Road Description","Municipality","Related Non-Motorist","Collision Type","Weather","Surface Condition","Light","Traffic Control","Driver Substance Abuse","Non-Motorist Substance Abuse","Person ID","Pedestrian Type","Pedestrian Movement","Pedestrian Actions","Pedestrian Location","At Fault","Injury Severity","Safety Equipment","Latitude","Longitude","Location"
"MCP28050021","16050164","Montgomery County Police","Injury Crash","09/29/2016 08:07:00 PM","County","CONTOUR RD","ODENDHAL AVE",,"N/A","BICYCLIST","SINGLE VEHICLE","RAINING","WET","DARK LIGHTS ON","TRAFFIC SIGNAL","NONE DETECTED","NONE DETECTED","8F613DB2-FE19-456A-B4A0-8FD459481906","BICYCLIST","Cross/Enter not at Intersection","NOT VISIBLE","ON ROADWAY AT CROSSWALK","Unknown","POSSIBLE INJURY","NONE","39.15244","-77.19595667","    (39.15244, -77.19595667)"
"DD56170008","16050168","Rockville Police Departme","Injury Crash","09/29/2016 06:02:00 PM","Municipality","THORNDEN RD","CRAWFORD DR",,"ROCKVILLE","BICYCLIST","OTHER","RAINING","WET","DARK -- UNKNOWN LIGHTING","NO CONTROLS","NONE DETECTED","UNKNOWN","A2960A0C-14A3-43A2-912E-EFE2FED2D106","BICYCLIST","Cross/Enter at Intersection","FAILURE TO YIELD RIGHT OF WAY","AT INTERSECTION BUT NO CROSSWALK","No","POSSIBLE INJURY","NONE","39.07275302","-77.12278962","    (39.07275302, -77.12278962)"
"DD5538001V","16049874","Rockville Police Departme","Injury Crash","09/28/2016 09:00:00 AM","Maryland (State)","ROCKVILLE PIKE","TALBOTT ST",,"ROCKVILLE","BICYCLIST","SAME DIRECTION RIGHT TURN","CLOUDY","DRY","DAYLIGHT","NO CONTROLS","NONE DETECTED","NONE DETECTED","57616C88-27D9-4C4C-AE9D-758308552616","BICYCLIST","Walking/Cycling on Sidewalk","NO IMPROPER ACTIONS","SIDEWALK","No","POSSIBLE INJURY","NONE","39.07325486","-77.13445991","    (39.07325486, -77.13445991)"
"MCP25120028","16049778","Montgomery County Police","Injury Crash","09/27/2016 07:51:00 PM","Maryland (State)","CLOPPER RD","FIRSTFIELD RD",,"GAITHERSBURG","PEDESTRIAN","STRAIGHT MOVEMENT ANGLE","CLEAR","DRY","DARK LIGHTS ON","NO CONTROLS","NONE DETECTED","NONE DETECTED","9B127A44-90F9-472C-BCA6-6728479AACEA","PEDESTRIAN","Cross/Enter not at Intersection","FAILURE TO YIELD RIGHT OF WAY","ON ROADWAY NOT AT CROSSWALK","Yes","POSSIBLE INJURY","NONE","39.144595","-77.22561167","    (39.144595, -77.22561167)"
"MCP25120028","16049778","Montgomery County Police","Injury Crash","09/27/2016 07:51:00 PM","Maryland (State)","CLOPPER RD","FIRSTFIELD RD",,"GAITHERSBURG","PEDESTRIAN","STRAIGHT MOVEMENT ANGLE","CLEAR","DRY","DARK LIGHTS ON","NO CONTROLS","NONE DETECTED","NONE DETECTED","EF466B02-FF12-4FBE-B53A-392BB3E62146","PEDESTRIAN","Cross/Enter not at Intersection","FAILURE TO YIELD RIGHT OF WAY","ON ROADWAY NOT AT CROSSWALK","Yes","SUSPECTED MINOR INJURY","NONE","39.144595","-77.22561167","    (39.144595, -77.22561167)"
"MCP25120028","16049778","Montgomery County Police","Injury Crash","09/27/2016 07:51:00 PM","Maryland (State)","CLOPPER RD","FIRSTFIELD RD",,"GAITHERSBURG","PEDESTRIAN","STRAIGHT MOVEMENT ANGLE","CLEAR","DRY","DARK LIGHTS ON","NO CONTROLS","NONE DETECTED","NONE DETECTED","642CBF8B-61C1-4814-94F7-E5F5AAB7CFFD","PEDESTRIAN","Cross/Enter not at Intersection","FAILURE TO YIELD RIGHT OF WAY","ON ROADWAY NOT AT CROSSWALK","Yes","SUSPECTED MINOR INJURY","NONE","39.144595","-77.22561167","    (39.144595, -77.22561167)"
"MCP2588001V","16049667","Montgomery County Police","Injury Crash","09/27/2016 10:21:00 AM","County","RANDOLPH RD","BLUHILL RD",,"N/A","PEDESTRIAN","OTHER","CLEAR","DRY","DAYLIGHT","OTHER","NONE DETECTED","NONE DETECTED","5527FCE3-D938-4231-B31A-B270E27C5A52","PEDESTRIAN","Cross/Enter at Intersection","NO IMPROPER ACTIONS","N/A","No","SUSPECTED MINOR INJURY","N/A","39.05920833","-77.06485","    (39.05920833, -77.06485)"
"HA24160005","16001227","Maryland-National Capital","Injury Crash","09/27/2016 05:41:00 AM","US (State)","COLESVILLE RD","SLIGO CREEK PKWY",,"N/A","PEDESTRIAN","OTHER","RAINING","WET","DARK LIGHTS ON","TRAFFIC SIGNAL","NONE DETECTED","N/A","2F5ED632-B301-4C7D-B88D-71C518E2A69E","PEDESTRIAN","Cross/Enter at Intersection","NO IMPROPER ACTIONS","ON ROADWAY AT CROSSWALK","No","SUSPECTED MINOR INJURY","LIGHTING","39.00761292","-77.02021122","    (39.00761292, -77.02021122)"
"MCP2351000T","16049336","Montgomery County Police","Injury Crash","09/25/2016 02:20:00 PM","County","RANDOLPH RD","PARKLAWN DR",,"N/A","PEDESTRIAN","OTHER","CLEAR","DRY","DAYLIGHT","OTHER",,"NONE DETECTED","C1AAE386-641A-403B-BA01-39CF52D7BD94","PEDESTRIAN","Other","ENTERING EXITING PARKED STANDING VEHICLE","MIDBLOCK MARKED CROSSWALK","Yes","POSSIBLE INJURY","NONE","39.05361179","-77.10564762","    (39.05361179, -77.10564762)"
"MCP29730025","16049321","Montgomery County Police","Injury Crash","09/25/2016 12:27:00 PM","County","FALCON ST","CALDWELL ST",,"N/A","PEDESTRIAN","N/A","CLEAR","DRY","DAYLIGHT","NO CONTROLS","NONE DETECTED","N/A","7297DF94-800E-4964-AD31-B7E6CC4E80CD","PEDESTRIAN","Playing","DART DASH","ON ROADWAY NOT AT CROSSWALK","Yes","POSSIBLE INJURY","NONE","39.06687021","-77.09160894","    (39.06687021, -77.09160894)"
"MCP13340047","16049320","Montgomery County Police","Injury Crash","09/25/2016 12:15:00 PM","County","COMUS RD","BARLEY FIELD LA",,"N/A","BICYCLIST","SINGLE VEHICLE","CLEAR","DRY","DAYLIGHT","N/A","NONE DETECTED","NONE DETECTED","8BF408F5-B4E2-46FB-A60B-B2144442D8C6","BICYCLIST","Walking/Riding w/Traffic","NO IMPROPER ACTIONS","ON ROADWAY NOT AT CROSSWALK","No","POSSIBLE INJURY","MC/BIKE HELMET","39.25044232","-77.37083763","    (39.25044232, -77.37083763)"
"MCP1212000S","16049295","Montgomery County Police","Injury Crash","09/25/2016 09:34:00 AM","Maryland (State)","LAYTONSVILLE RD","DAMASCUS RD",,"N/A","BICYCLIST","ANGLE MEETS LEFT TURN","N/A","DRY","DAYLIGHT","STOP SIGN","UNKNOWN","N/A","5BF820E6-A322-4176-9B80-A240649A780A","BICYCLIST","Walking/Riding w/Traffic","NO IMPROPER ACTIONS","SHOULDER","No","SUSPECTED MINOR INJURY","MC/BIKE HELMET","39.276787","-77.16084","    (39.276787, -77.16084)"
"MCP2788000Z","16049262","Montgomery County Police","Injury Crash","09/25/2016 02:51:00 AM","Maryland (State)","GEORGIA AVE","PRICE AVE",,"N/A","PEDESTRIAN","SINGLE VEHICLE","CLEAR","DRY","DARK LIGHTS ON","WARNING SIGN","NONE DETECTED","ALCOHOL PRESENT","78AE1651-C2A8-484A-8BED-2A2C761F83CE","PEDESTRIAN","Cross/Enter at Intersection","INATTENTIVE","ON ROADWAY AT CROSSWALK","No","POSSIBLE INJURY","N/A","39.03997","-77.05110667","    (39.03997, -77.05110667)"
"MCP2894002Y","16049129","Montgomery County Police","Injury Crash","09/24/2016 09:00:00 AM","County","MACARTHUR BLVD","SANGAMORE RD",,"N/A","BICYCLIST","STRAIGHT MOVEMENT ANGLE","CLEAR","DRY","DAYLIGHT","TRAFFIC SIGNAL","NONE DETECTED","NONE DETECTED","28D2BFD8-E938-4009-B516-8B9967DC0E25","BICYCLIST","Cross/Enter at Intersection","NO IMPROPER ACTIONS","AT INTERSECTION MARKED CROSSWALK","No","SUSPECTED SERIOUS INJURY","MC/BIKE HELMET","38.944455","-77.11707667","    (38.944455, -77.11707667)"
"MCP27800022","16048970","Montgomery County Police","Injury Crash","09/23/2016 03:09:00 PM","Maryland (State)","FREDERICK RD","OXBRIDGE DR",,"N/A","BICYCLIST","STRAIGHT MOVEMENT ANGLE","CLEAR","DRY","DAYLIGHT","STOP SIGN","NONE DETECTED","NONE DETECTED","48AA231D-9931-42D2-A198-75D6768A11C8","BICYCLIST","Walking/Riding against Traffic","IN ROADWAY IMPROPERLY","AT INTERSECTION MARKED CROSSWALK","Yes","POSSIBLE INJURY","NONE","39.19000833","-77.24130667","    (39.19000833, -77.24130667)"
"MCP2717007S","16048948","Montgomery County Police","Injury Crash","09/23/2016 01:20:00 PM","County","WOODMONT AVE","ST ELMO AVE",,"N/A","PEDESTRIAN","OTHER","CLEAR","DRY","DAYLIGHT","TRAFFIC SIGNAL","NONE DETECTED","NONE DETECTED","05B55015-AEE9-4565-9BA4-710136E300FE","PEDESTRIAN","Cross/Enter at Intersection","FAILURE TO YIELD RIGHT OF WAY","ON ROADWAY AT CROSSWALK","Yes","SUSPECTED MINOR INJURY","NONE","38.98945167","-77.096755","    (38.98945167, -77.096755)"
"MCP2940000W","16048893","Montgomery County Police","Injury Crash","09/23/2016 08:31:00 AM","Maryland (State)","WISCONSIN AVE","BETHESDA AVE",,"N/A","PEDESTRIAN","OTHER","CLEAR","DRY","DAYLIGHT","TRAFFIC SIGNAL","NONE DETECTED","NONE DETECTED","C1CB4330-3F61-4945-8D6F-B6F749F23562","PEDESTRIAN","Cross/Enter at Intersection","NO IMPROPER ACTIONS","AT INTERSECTION MARKED CROSSWALK","No","POSSIBLE INJURY","NONE","38.98105467","-77.09281325","    (38.98105467, -77.09281325)"
"EJ7853001X","16048626","Gaithersburg Police Depar","Injury Crash","09/21/2016 08:32:00 PM",,,,"THE LOWER LEVEL PARKING LOT OF SEARS (701 RUSSELL AVE. GAITHERSBURG, MARYLAND 20877)",,"BICYCLIST","HEAD ON LEFT TURN","CLEAR",,"DARK NO LIGHTS","NO CONTROLS","N/A","N/A","45CFCF63-47A5-41D9-A152-F4CCB7D08FA5","BICYCLIST","Walking/Riding w/Traffic","OTHER","OTHER","No","SUSPECTED MINOR INJURY","NONE","39.14032333","-77.195595","    (39.14032333, -77.195595)"
"EJ7846001N","16048625","Gaithersburg Police Depar","Injury Crash","09/21/2016 08:12:00 PM","Municipality","SOUTHERN KNIGHT LA","TRAVIS LA",,"GAITHERSBURG","PEDESTRIAN","SINGLE VEHICLE","CLEAR","DRY","DARK NO LIGHTS","NO CONTROLS","NONE DETECTED","ALCOHOL PRESENT","5E9DC48D-05E6-4B01-8DB4-2036770908ED","PEDESTRIAN","Other","OTHER","ON ROADWAY NOT AT CROSSWALK","Yes","SUSPECTED SERIOUS INJURY","N/A","39.16285271","-77.2168453","    (39.16285271, -77.2168453)"
"MCP25860024","16048616","Montgomery County Police","Injury Crash","09/21/2016 07:35:00 PM","County","ROBEY RD","BRIGGS CHANEY RD",,"N/A","PEDESTRIAN","OTHER","CLEAR","DRY","DARK NO LIGHTS","N/A","UNKNOWN","NONE DETECTED","815FF899-3F06-4946-9BEB-679DC778F4B6","PEDESTRIAN","Getting off/on Vehicle","NO IMPROPER ACTIONS","OTHER","No","SUSPECTED MINOR INJURY","N/A","39.0809673","-76.9424057","    (39.0809673, -76.9424057)"
"MCP14830006","16048349","Montgomery County Police","Injury Crash","09/20/2016 03:20:00 PM","County","CRABBS BRANCH WAY","REDLAND RD",,"N/A","PEDESTRIAN","SINGLE VEHICLE","CLEAR","DRY","DAYLIGHT","TRAFFIC SIGNAL","NONE DETECTED","NONE DETECTED","F0AE8F71-8454-4FC2-ACBC-F86FE07BD9C7","PEDESTRIAN","Cross/Enter at Intersection","NO IMPROPER ACTIONS","AT INTERSECTION MARKED CROSSWALK","No","SUSPECTED MINOR INJURY","N/A","39.12087","-77.15864","    (39.12087, -77.15864)"
"MCP27190017","16047966","Montgomery County Police","Injury Crash","09/18/2016 05:41:00 PM","County","PRICE AVE","FERN ST",,"N/A","PEDESTRIAN","OTHER","CLEAR","DRY","DAYLIGHT","NO CONTROLS","NONE DETECTED","NONE DETECTED","7D5A9ECA-05FC-4276-9DEF-97E20AB3B73D","PEDESTRIAN","Cross/Enter at Intersection","NO IMPROPER ACTIONS","AT INTERSECTION MARKED CROSSWALK","No","SUSPECTED SERIOUS INJURY","NONE","39.0414","-77.048655","    (39.0414, -77.048655)"
"MCP29910013","16047934","Montgomery County Police","Injury Crash","09/18/2016 12:45:00 PM",,,,"CHURCH PARKING LOT OFF OF 17615 OLD BALTIMORE RD.",,"PEDESTRIAN","SINGLE VEHICLE","CLEAR",,"DAYLIGHT","NO CONTROLS","NONE DETECTED","NONE DETECTED","51EE3148-3B80-4843-8C9C-FEFD82F1918A","PEDESTRIAN","Other","NO IMPROPER ACTIONS","OTHER","No","POSSIBLE INJURY","N/A","39.14461333","-77.050775","    (39.14461333, -77.050775)"
"MCP29320012","16047891","Montgomery County Police","Injury Crash","09/18/2016 02:21:00 AM","US (State)","GEORGIA AVE","RIPLEY ST",,"N/A","PEDESTRIAN","OTHER","CLEAR","N/A","DARK LIGHTS ON","N/A","N/A","ALCOHOL PRESENT","D888CFD0-6F71-4A2C-A8C2-04491CAE17A4","PEDESTRIAN","Cross/Enter at Intersection","IN ROADWAY IMPROPERLY","ON ROADWAY NOT AT CROSSWALK","Yes","SUSPECTED SERIOUS INJURY","NONE","38.99259167","-77.02651333","    (38.99259167, -77.02651333)"
"MCP2969002D","16047820","Montgomery County Police","Injury Crash","09/17/2016 05:46:00 PM","Maryland (State)","NEW HAMPSHIRE AVE","SPENCERVILLE RD",,"N/A","BICYCLIST","SAME DIRECTION SIDESWIPE","CLEAR","DRY","DAYLIGHT","N/A","NONE DETECTED","NONE DETECTED","E32E3B27-5B66-4B26-8A28-BD61FCEDE4F2","BICYCLIST","Walking/Riding w/Traffic","DISABLED VEHICLE RELATED","SHOULDER","Yes","POSSIBLE INJURY","NONE","39.11799571","-76.98962733","    (39.11799571, -76.98962733)"
"DD56140019","16047764","Rockville Police Departme","Injury Crash","09/17/2016 10:06:00 AM","County","DARNESTOWN RD","OAK KNOLL DR",,"ROCKVILLE","BICYCLIST","STRAIGHT MOVEMENT ANGLE","CLEAR","DRY","DAYLIGHT","STOP SIGN","NONE DETECTED","NONE DETECTED","068E3562-5037-40AB-90D8-142C8ED75FDC","BICYCLIST","Walking/Riding against Traffic","NO IMPROPER ACTIONS","AT INTERSECTION MARKED CROSSWALK","No","POSSIBLE INJURY","MC/BIKE HELMET","39.0917069","-77.18993872","    (39.0917069, -77.18993872)"
"MCP28790012","16047439","Montgomery County Police","Injury Crash","09/15/2016 08:35:00 PM","County","REDLAND RD","CRABBS BRANCH WAY",,"N/A","PEDESTRIAN","N/A","CLEAR","DRY","DARK LIGHTS ON","N/A","NONE DETECTED","ALCOHOL CONTRIBUTED","FE764741-4EFE-46A3-9863-63CA585B883F","PEDESTRIAN","Cross/Enter not at Intersection","DART DASH","ON ROADWAY NOT AT CROSSWALK","Yes","SUSPECTED MINOR INJURY","N/A","39.12066333","-77.15898667","    (39.12066333, -77.15898667)"
"MCP2695000W","16047338","Montgomery County Police","Injury Crash","09/15/2016 12:01:00 PM","County","LOCKWOOD DR","NEW HAMPSHIRE AVE",,"N/A","PEDESTRIAN","SINGLE VEHICLE","CLEAR","DRY","DAYLIGHT","NO CONTROLS","N/A","N/A","A68A07D2-1361-49A9-B844-BDD4E03A0C9B","PEDESTRIAN","Cross/Enter at Intersection","IN ROADWAY IMPROPERLY","ON ROADWAY NOT AT CROSSWALK","No","POSSIBLE INJURY","N/A","39.0393207","-76.99142575","    (39.0393207, -76.99142575)"
"MCP9311000R","16047305","Montgomery County Police","Injury Crash","09/15/2016 09:31:00 AM",,,,"PARKING LOT OF 10400 FERNWOOD ROAD, BETHESDA, MD 20817 (MARRIOTT CORP BUILDING)",,"PEDESTRIAN","SINGLE VEHICLE","CLOUDY",,"DAYLIGHT","NO CONTROLS","NONE DETECTED","NONE DETECTED","768D53E6-EAB1-4916-8113-10459AC1ED64","PEDESTRIAN","Other","NO IMPROPER ACTIONS","ON ROADWAY AT CROSSWALK","No","SUSPECTED MINOR INJURY","N/A","39.02551333","-77.14379333","    (39.02551333, -77.14379333)"
"MCP29860013","16047292","Montgomery County Police","Injury Crash","09/15/2016 07:05:00 AM","County","SPRING ST","COLESVILLE RD",,"N/A","PEDESTRIAN","STRAIGHT MOVEMENT ANGLE","N/A","DRY","DAYLIGHT","TRAFFIC SIGNAL","NONE DETECTED","NONE DETECTED","4BB88918-2414-4644-B56C-8B6EC6C70219","PEDESTRIAN","Other","NO IMPROPER ACTIONS","AT INTERSECTION MARKED CROSSWALK","No","POSSIBLE INJURY","NONE","38.9989","-77.025975","    (38.9989, -77.025975)"
"MCP28750026","16047208","Montgomery County Police","Injury Crash","09/14/2016 07:30:00 PM","County","CLOPPERS MILL DR","GREAT SENECA HWY",,"N/A","BICYCLIST","OTHER","CLEAR","DRY","DUSK","TRAFFIC SIGNAL","NONE DETECTED","NONE DETECTED","F3C7C14C-C2A9-4FD5-AEB8-B7B7976EFF99","BICYCLIST","Walking/Cycling on Sidewalk","IN ROADWAY IMPROPERLY","ON ROADWAY AT CROSSWALK","Yes","SUSPECTED SERIOUS INJURY","N/A","39.14877147","-77.27639437","    (39.14877147, -77.27639437)"
"DD5508002D","16047169","Rockville Police Departme","Injury Crash","09/14/2016 05:05:00 PM","County","SOUTHLAWN LA","E GUDE DR",,"N/A","BICYCLIST","STRAIGHT MOVEMENT ANGLE","CLEAR","DRY","DAYLIGHT","TRAFFIC SIGNAL","NONE DETECTED","NONE DETECTED","1C26C7F5-4078-40A0-8032-FB0622D4E31E","BICYCLIST","Cross/Enter at Intersection","NO IMPROPER ACTIONS","ON ROADWAY AT CROSSWALK","No","POSSIBLE INJURY","MC/BIKE HELMET","39.09735","-77.13649167","    (39.09735, -77.13649167)"
"MCP24690019","16047129","Montgomery County Police","Injury Crash","09/14/2016 01:59:00 PM",,,,"PARKING LOT OF 2505 PROSPERITY TER",,"PEDESTRIAN","SAME DIR REAR END","CLEAR",,"DAYLIGHT","NO CONTROLS","NONE DETECTED","NONE DETECTED","B5E8805F-7A0E-40FE-86FA-7F57858DE029","PEDESTRIAN","Standing","NO IMPROPER ACTIONS","OTHER","No","SUSPECTED SERIOUS INJURY","NONE","39.05997333","-76.960945","    (39.05997333, -76.960945)"
"MCP24690018","16047065","Montgomery County Police","Injury Crash","09/14/2016 07:30:00 AM","County","JACKSON RD","KERWOOD RD",,"N/A","PEDESTRIAN","OTHER","N/A","DRY","DAYLIGHT","STOP SIGN","NONE DETECTED","NONE DETECTED","21789987-E63A-47D1-AA25-16E559A2809B","PEDESTRIAN","Cross/Enter at Intersection","NO IMPROPER ACTIONS","ON ROADWAY AT CROSSWALK","No","NO APPARENT INJURY","NONE","39.05556","-76.99408833","    (39.05556, -76.99408833)"
"MCP24690018","16047065","Montgomery County Police","Injury Crash","09/14/2016 07:30:00 AM","County","JACKSON RD","KERWOOD RD",,"N/A","PEDESTRIAN","OTHER","N/A","DRY","DAYLIGHT","STOP SIGN","NONE DETECTED","NONE DETECTED","2D74D586-324C-47AD-96DA-BACB8EB32C4A","PEDESTRIAN","Cross/Enter at Intersection","NO IMPROPER ACTIONS","ON ROADWAY AT CROSSWALK","No","POSSIBLE INJURY","NONE","39.05556","-76.99408833","    (39.05556, -76.99408833)"
"MCP2546001V","16047005","Montgomery County Police","Property Damage Crash","09/13/2016 06:38:00 PM","County","DALEWOOD DR","GOODHILL RD",,"N/A","BICYCLIST","STRAIGHT MOVEMENT ANGLE","CLEAR","DRY","DAYLIGHT","STOP SIGN","NONE DETECTED","NONE DETECTED","E7B69922-919A-4156-95C6-82B9C29F7536","BICYCLIST","Cross/Enter at Intersection","FAILURE TO YIELD RIGHT OF WAY","ON ROADWAY NOT AT CROSSWALK","Yes","NO APPARENT INJURY","NONE","39.056985","-77.069705","    (39.056985, -77.069705)"
"MCP2702001F","16046989","Montgomery County Police","Property Damage Crash","09/13/2016 05:09:00 PM","County","FENTON ST","CAMERON ST",,"N/A","PEDESTRIAN","OTHER","N/A","DRY","DAYLIGHT","TRAFFIC SIGNAL","UNKNOWN","NONE DETECTED","B0785F44-2969-4428-9991-D3487F430321","PEDESTRIAN","Cross/Enter at Intersection","UNKNOWN","ON ROADWAY AT CROSSWALK","No","NO APPARENT INJURY","N/A","38.99820167","-77.028855","    (38.99820167, -77.028855)"
"MCP2877002Q","16046916","Montgomery County Police","Injury Crash","09/13/2016 12:12:00 PM","County","ELLSWORTH DR","FENTON ST",,"N/A","PEDESTRIAN","OTHER","CLEAR","DRY","DAYLIGHT","TRAFFIC SIGNAL","NONE DETECTED","NONE DETECTED","EAB795A3-B7B8-4C0A-815E-A31EB6E721B3","PEDESTRIAN","Cross/Enter at Intersection","NO IMPROPER ACTIONS","ON ROADWAY AT CROSSWALK","No","POSSIBLE INJURY","NONE","38.99681","-77.02537333","    (38.99681, -77.02537333)"
"MCP2753001H","16046889","Montgomery County Police","Injury Crash","09/13/2016 10:36:00 AM",,,,"PRIVATELY OWNED/MAINTAINED ROADWAY
INTERSECTION OF 3300 N LEISURE WORLD BLVD AND NORBECK BLVD",,"PEDESTRIAN","OTHER","CLEAR",,"DAYLIGHT","STOP SIGN","NONE DETECTED","NONE DETECTED","8A2958B2-2CB2-4ADA-A591-1230130A0918","PEDESTRIAN","Cross/Enter at Intersection","NO IMPROPER ACTIONS","AT INTERSECTION MARKED CROSSWALK","No","SUSPECTED SERIOUS INJURY","N/A","39.109135","-77.06857833","    (39.109135, -77.06857833)"
"MCP9113001W","16046883","Montgomery County Police","Injury Crash","09/13/2016 09:38:00 AM","Maryland (State)","CONNECTICUT AVE","ISBELL ST",,"N/A","PEDESTRIAN","OTHER","CLEAR","DRY","DAYLIGHT","NO CONTROLS","NONE DETECTED","NONE DETECTED","1C6B2FA1-EFB8-4D75-9F02-0DBB523597D0","PEDESTRIAN","Cross/Enter at Intersection","DART DASH","AT INTERSECTION BUT NO CROSSWALK","Unknown","POSSIBLE INJURY","N/A","39.06450833","-77.074015","    (39.06450833, -77.074015)"
"MCP137800C5","16046874","Montgomery County Police","Injury Crash","09/13/2016 08:37:00 AM","County","STEDWICK RD","MONTGOMERY VILLAGE AVE",,"N/A","PEDESTRIAN","SINGLE VEHICLE","CLEAR","DRY","DAYLIGHT","NO CONTROLS","NONE DETECTED","UNKNOWN","383ADC03-E98E-49BA-B544-9A0D5DD2961C","PEDESTRIAN","Cross/Enter not at Intersection","DART DASH","ON ROADWAY NOT AT CROSSWALK","Yes","SUSPECTED MINOR INJURY","N/A","39.16975333","-77.20488333","    (39.16975333, -77.20488333)"
"MCP2889001N","16046757","Montgomery County Police","Injury Crash","09/12/2016 03:40:00 PM","Maryland (State)","GEORGIA AVE","UNIVERSITY BLVD W",,"N/A","PEDESTRIAN","SINGLE VEHICLE","N/A","N/A","DAYLIGHT","N/A","NONE DETECTED","NONE DETECTED","B4B73ECE-AFEF-42BE-AC68-970D5ADC3F09","PEDESTRIAN","Cross/Enter not at Intersection","FAILURE TO YIELD RIGHT OF WAY","ON ROADWAY NOT AT CROSSWALK","Yes","POSSIBLE INJURY","NONE","39.04182333","-77.05241167","    (39.04182333, -77.05241167)"
"MCP2919001Z","16046694","Montgomery County Police","Injury Crash","09/12/2016 09:50:00 AM","Maryland (State)","GEORGIA AVE","LINDELL ST",,"N/A","PEDESTRIAN","OTHER","CLEAR","DRY","DAYLIGHT","STOP SIGN","NONE DETECTED","NONE DETECTED","9D9A48BE-08BA-4FB4-ABB5-E314B87652DF","PEDESTRIAN","Cross/Enter at Intersection","NO IMPROPER ACTIONS","AT INTERSECTION BUT NO CROSSWALK","No","POSSIBLE INJURY","N/A","38.98545667","-77.02731","    (38.98545667, -77.02731)"
"DD55950030","16046695","Rockville Police Departme","Injury Crash","09/12/2016 09:50:00 AM","Municipality","N WASHINGTON ST","MARTINS LA",,"ROCKVILLE","PEDESTRIAN","OTHER","CLEAR","DRY","DAYLIGHT","TRAFFIC SIGNAL","NONE DETECTED","NONE DETECTED","82816821-06D3-4721-890C-C675653FCA66","PEDESTRIAN","Cross/Enter at Intersection","NO IMPROPER ACTIONS","ON ROADWAY AT CROSSWALK","No","POSSIBLE INJURY","N/A","39.09095567","-77.153701","    (39.09095567, -77.153701)"
"MCP2298009X","16046223","Montgomery County Police","Injury Crash","09/09/2016 02:54:00 PM","County","GUNNERS BRANCH RD","ARCHDALE RD",,"N/A","PEDESTRIAN","OTHER","CLEAR","DRY","DAYLIGHT","NO CONTROLS","NONE DETECTED","NONE DETECTED","A21FE666-CB04-4A45-9097-BF475781289E","PEDESTRIAN","Cross/Enter at Intersection","NO IMPROPER ACTIONS","ON ROADWAY AT CROSSWALK","No","POSSIBLE INJURY","NONE","39.17523704","-77.24095501","    (39.17523704, -77.24095501)"
"MCP28300029","16046204","Montgomery County Police","Injury Crash","09/09/2016 12:25:00 PM",,,,"18140 VILLAGE CENTER DR OLNEY MD 20832

PARKING LOT",,"PEDESTRIAN","OTHER","N/A",,"DAYLIGHT","N/A","NONE DETECTED","NONE DETECTED","88FE8152-3334-4469-9013-CD87382AC780","PEDESTRIAN","Standing","UNKNOWN","ON ROADWAY AT CROSSWALK","Unknown","POSSIBLE INJURY","NONE","39.152723","-77.064416","    (39.152723, -77.064416)"
"MCP2848003C","16046174","Montgomery County Police","Injury Crash","09/09/2016 08:30:00 AM","Municipality","WILLIAMS LA","CONNECTICUT AVE",,"N/A","PEDESTRIAN","SINGLE VEHICLE","N/A","DRY","DAYLIGHT","STOP SIGN","NONE DETECTED","NONE DETECTED","D9840C28-27AE-473D-B87B-6FCC220BDD46","PEDESTRIAN","Cross/Enter at Intersection","NO IMPROPER ACTIONS","ON ROADWAY AT CROSSWALK","No","POSSIBLE INJURY","NONE","38.98374013","-77.07703114","    (38.98374013, -77.07703114)"
"MCP2848003C","16046174","Montgomery County Police","Injury Crash","09/09/2016 08:30:00 AM","Municipality","WILLIAMS LA","CONNECTICUT AVE",,"N/A","PEDESTRIAN","SINGLE VEHICLE","N/A","DRY","DAYLIGHT","STOP SIGN","NONE DETECTED","NONE DETECTED","C50AEF03-ADB4-48D8-B772-3160F42EF47B","PEDESTRIAN","Cross/Enter at Intersection","NO IMPROPER ACTIONS","ON ROADWAY AT CROSSWALK","No","POSSIBLE INJURY","NONE","38.98374013","-77.07703114","    (38.98374013, -77.07703114)"
"HA22880003","16001149","Maryland-National Capital","Injury Crash","09/08/2016 07:20:00 AM",,"LITTLE FALLS PKWY","ARLINGTON ROAD",,"N/A","BICYCLIST","STRAIGHT MOVEMENT ANGLE","N/A","DRY","DAYLIGHT","YIELD SIGN","N/A","N/A","3AACDD70-A5CB-4803-9704-8E40DA7353F8","BICYCLIST","Cross/Enter at Intersection","NO IMPROPER ACTIONS","AT INTERSECTION MARKED CROSSWALK","No","SUSPECTED MINOR INJURY","N/A","39.00101833","-77.08166833","    (39.00101833, -77.08166833)"
"MCP2594001X","16045933","Montgomery County Police","Injury Crash","09/08/2016 06:47:00 AM","Maryland (State)","NEW HAMPSHIRE AVE","NOTLEY RD",,"N/A","BICYCLIST","STRAIGHT MOVEMENT ANGLE","CLEAR","N/A","DAYLIGHT","NO CONTROLS","NONE DETECTED","NONE DETECTED","67E73867-C89A-4021-9128-EDAD19D5DE8E","BICYCLIST","Walking/Riding w/Traffic","NO IMPROPER ACTIONS","IN BIKEWAY","No","SUSPECTED MINOR INJURY","MC/BIKE HELMET","39.08048218","-77.00139284","    (39.08048218, -77.00139284)"
"MCP13340045","16045767","Montgomery County Police","Injury Crash","09/07/2016 01:06:00 PM","Maryland (State)","WOODFIELD RD","HADLEY FARMS DR",,"N/A","PEDESTRIAN","SINGLE VEHICLE","CLEAR","DRY","DAYLIGHT","TRAFFIC SIGNAL","NONE DETECTED","NONE DETECTED","BFE79DEE-E76B-495C-9911-8156EB0CE3C7","PEDESTRIAN","Cross/Enter at Intersection","IN ROADWAY IMPROPERLY","ON ROADWAY AT CROSSWALK","Yes","SUSPECTED SERIOUS INJURY","N/A","39.18002446","-77.15061218","    (39.18002446, -77.15061218)"