"Report Number","Local Case Number","Agency Name","ACRS Report Type","Crash Date/Time","Route Type","Road Name","Cross-Street Name","Off-Road Description","Municipality","Related Non-Motorist","Collision Type","Weather","Surface Condition","Light","Traffic Control","Driver Substance Abuse","Non-Motorist Substance Abuse","Person ID","Pedestrian Type","Pedestrian Movement","Pedestrian Actions","Pedestrian Location","At Fault","Injury Severity","Safety Equipment","Latitude","Longitude","Location"
"MCP2937001J","15063824","Montgomery County Police","Injury Crash","12/14/2015 10:32:00 AM","County","BLACKBURN RD","CUL DE SAC",,"N/A","PEDESTRIAN","SINGLE VEHICLE","N/A","DRY","DAYLIGHT","NO CONTROLS","NONE DETECTED","NONE DETECTED","18393E1A-62CC-40F3-A1C4-ADE27F337B22","PEDESTRIAN","Cross/Enter not at Intersection","FAILURE TO YIELD RIGHT OF WAY","ON ROADWAY NOT AT CROSSWALK","Yes","POSSIBLE INJURY","NONE","39.09888966","-76.92820072","    (39.09888966, -76.92820072)"
"MCP2363000M","15063599","Montgomery County Police","Fatal Crash","12/12/2015 06:54:00 PM","County","E GUDE DR","SOUTHLAWN LA",,"N/A","BICYCLIST","STRAIGHT MOVEMENT ANGLE","CLEAR","DRY","DARK LIGHTS ON","TRAFFIC SIGNAL","NONE DETECTED","ALCOHOL PRESENT","BC2ACF21-39F0-44D4-A3A5-EE5F0C7898D6","BICYCLIST","Cross/Enter at Intersection","IN ROADWAY IMPROPERLY","AT INTERSECTION MARKED CROSSWALK","Yes","FATAL INJURY","NONE","39.09762823","-77.13656545","    (39.09762823, -77.13656545)"
"MCP2633000R","15063411","MONTGOMERY","Injury Crash","12/11/2015 08:54:00 PM","Maryland (State)","WOODFIELD RD","MUNCASTER MILL RD",,"N/A","PEDESTRIAN","SINGLE VEHICLE","CLEAR","DRY","DARK -- UNKNOWN LIGHTING","NO CONTROLS","NONE DETECTED","ALCOHOL PRESENT","786AE399-3FF2-470F-9518-57E3189AA23D","PEDESTRIAN","Cross/Enter not at Intersection","IN ROADWAY IMPROPERLY","ON ROADWAY NOT AT CROSSWALK","Yes","POSSIBLE INJURY","NONE","39.16014333","-77.15950333","    (39.16014333, -77.15950333)"
"EJ7829001R","15063391","GAITHERSBURG","Injury Crash","12/11/2015 06:50:00 PM","Municipality","W DEER PARK RD","DUVALL LA",,"GAITHERSBURG","PEDESTRIAN","SINGLE VEHICLE","CLEAR","DRY","DARK LIGHTS ON","STOP SIGN","NONE DETECTED","NONE DETECTED","F7888C59-A21D-404F-9A30-868A47C1F47B","PEDESTRIAN","Cross/Enter at Intersection","IN ROADWAY IMPROPERLY","AT INTERSECTION BUT NO CROSSWALK","Yes","SUSPECTED MINOR INJURY","N/A","39.12748","-77.19744","    (39.12748, -77.19744)"
"MCP9130001W","15063278","MONTGOMERY","Injury Crash","12/11/2015 06:03:00 AM","County","OAKVIEW DR","NEW HAMPSHIRE AVE",,"N/A","PEDESTRIAN","SINGLE VEHICLE","CLEAR","DRY","DARK LIGHTS ON","TRAFFIC SIGNAL","NONE DETECTED","NONE DETECTED","C045DEB2-0DD3-485E-AB05-D849DF201A52","PEDESTRIAN","Cross/Enter at Intersection","NO IMPROPER ACTIONS","AT INTERSECTION MARKED CROSSWALK","No","POSSIBLE INJURY","NONE","39.01544924","-76.97772503","    (39.01544924, -76.97772503)"
"MCP2008001R","15063186","MONTGOMERY","Injury Crash","12/10/2015 06:35:00 PM","Maryland (State)","ROCKVILLE PIKE","SPUR TO MD 547",,"N/A","PEDESTRIAN","OTHER","CLEAR","DRY","DARK LIGHTS ON","N/A","NONE DETECTED","NONE DETECTED","5C2F5472-3D85-4BB0-B469-DDAA20769EB9","PEDESTRIAN","Cross/Enter at Intersection","NO IMPROPER ACTIONS","AT INTERSECTION MARKED CROSSWALK","No","POSSIBLE INJURY","N/A","39.03442667","-77.106525","    (39.03442667, -77.106525)"
"DD5502001V","15063161","ROCKVILLE","Injury Crash","12/10/2015 05:19:00 PM","Maryland (State)","ROCKVILLE PIKE","RICHARD MONTGOMERY DR",,"ROCKVILLE","PEDESTRIAN","ANGLE MEETS RIGHT TURN","CLEAR","DRY","DARK LIGHTS ON","OTHER","NONE DETECTED","NONE DETECTED","6DD461F8-A64E-4F9D-B807-21B1AAC1824B","PEDESTRIAN","Walking/Cycling on Sidewalk","NO IMPROPER ACTIONS","SIDEWALK","No","SUSPECTED MINOR INJURY","N/A","39.08007667","-77.144365","    (39.08007667, -77.144365)"
"MCP27520015","15062939","MONTGOMERY","Injury Crash","12/09/2015 06:28:00 PM","County","BROOKDALE RD","RIVER RD",,"N/A","BICYCLIST","STRAIGHT MOVEMENT ANGLE","CLEAR","DRY","DARK LIGHTS ON","STOP SIGN","NONE DETECTED","NONE DETECTED","6A04F885-D91A-4972-ADA2-DC8E1760D21E","BICYCLIST","Cross/Enter at Intersection","NO IMPROPER ACTIONS","SIDEWALK","No","SUSPECTED MINOR INJURY","MC/BIKE HELMET","38.96303167","-77.09431667","    (38.96303167, -77.09431667)"
"MCP2973000Y","15062871","MONTGOMERY","Injury Crash","12/09/2015 02:20:00 PM","County","ASPEN HILL RD","CONNECTICUT AVE",,"N/A","PEDESTRIAN","OTHER","CLOUDY","DRY","DAYLIGHT","OTHER","NONE DETECTED","NONE DETECTED","84E722CA-5700-4216-87B0-7C9714E1C7C5","PEDESTRIAN","Cross/Enter at Intersection","NO IMPROPER ACTIONS","ON ROADWAY AT CROSSWALK","No","POSSIBLE INJURY","NONE","39.08028854","-77.07865119","    (39.08028854, -77.07865119)"
"MCP1580004X","15062796","MONTGOMERY","Injury Crash","12/09/2015 06:37:00 AM","County","GAITHER RD","SHADY GROVE RD",,"N/A","PEDESTRIAN","OTHER","N/A","DRY","DARK LIGHTS ON","TRAFFIC SIGNAL","NONE DETECTED","UNKNOWN","F7C502CF-9CE1-40B0-9186-5614EACFAD09","PEDESTRIAN","Cross/Enter at Intersection","NO IMPROPER ACTIONS","AT INTERSECTION MARKED CROSSWALK","No","POSSIBLE INJURY","N/A","39.11731","-77.18363667","    (39.11731, -77.18363667)"
"MCP2933000S","15062717","MONTGOMERY","Injury Crash","12/08/2015 03:00:00 PM","County","WHITTIER BLVD","LANDON LA",,"N/A","PEDESTRIAN","OTHER","CLEAR","DRY","DAYLIGHT","STOP SIGN","N/A","NONE DETECTED","E5D1741E-AB16-4726-983F-0AFBFE3C118A","PEDESTRIAN","Cross/Enter at Intersection","NO IMPROPER ACTIONS","AT INTERSECTION MARKED CROSSWALK","No","SUSPECTED MINOR INJURY","N/A","38.98529965","-77.12677002","    (38.98529965, -77.12677002)"
"MCP29690019","15062641","MONTGOMERY","Injury Crash","12/08/2015 10:30:00 AM","County","AMHERST AVE","REEDIE DR",,"N/A","PEDESTRIAN","OTHER","CLEAR","DRY","DAYLIGHT","STOP SIGN","UNKNOWN","NONE DETECTED","B2EB067D-2E82-449B-A8E0-38A327B4DC35","PEDESTRIAN","Cross/Enter at Intersection","NO IMPROPER ACTIONS","ON ROADWAY AT CROSSWALK","No","SUSPECTED MINOR INJURY","NONE","39.03945667","-77.04855333","    (39.03945667, -77.04855333)"
"MCP2244000R","15062552","MONTGOMERY","Injury Crash","12/07/2015 07:00:00 PM","County","TIMBERWOOD AVE","SUTHERLAND RD",,"N/A","PEDESTRIAN","OTHER","CLEAR","DRY","DARK NO LIGHTS","NO CONTROLS","NONE DETECTED","NONE DETECTED","401FD56A-FFCE-4A78-8586-15572C6D821E","PEDESTRIAN","Cross/Enter at Intersection","NO IMPROPER ACTIONS","ON ROADWAY AT CROSSWALK","No","SUSPECTED MINOR INJURY","NONE","39.02183436","-77.01278687","    (39.02183436, -77.01278687)"
"MCP2960000S","15062441","Montgomery County Police","Injury Crash","12/07/2015 09:59:00 AM",,"TWIN BRANCHES DRIVE","BASSET LANE",,"N/A","PEDESTRIAN","OTHER","CLEAR","DRY","DAYLIGHT","NO CONTROLS","NONE DETECTED","NONE DETECTED","01E53812-006A-4B2E-8323-59C1AC0D6055","PEDESTRIAN","Cross/Enter at Intersection","UNKNOWN","ON ROADWAY NOT AT CROSSWALK","Yes","POSSIBLE INJURY","NONE","39.10870333","-77.07305833","    (39.10870333, -77.07305833)"
"MCP29340018","15062319","MONTGOMERY","Injury Crash","12/06/2015 12:30:00 PM","Maryland (State)","WISCONSIN AVE","BRADLEY LA",,"N/A","PEDESTRIAN","OTHER","CLEAR","DRY","DAYLIGHT","TRAFFIC SIGNAL","NONE DETECTED","NONE DETECTED","06CAC865-308A-4F07-B3BB-A6CD9FCEDD45","PEDESTRIAN","Cross/Enter at Intersection","NO IMPROPER ACTIONS","AT INTERSECTION MARKED CROSSWALK","No","POSSIBLE INJURY","NONE","38.97686667","-77.09065","    (38.97686667, -77.09065)"
"MCP29340017","15062309","MONTGOMERY","Injury Crash","12/06/2015 11:40:00 AM","County","MACARTHUR BLVD","WILSON LA",,"N/A","BICYCLIST","OTHER","CLEAR","DRY","DAYLIGHT","NO CONTROLS","NONE DETECTED","NONE DETECTED","BC06799B-20C3-460D-929C-A764C619F901","BICYCLIST","Walking/Riding w/Traffic","NO IMPROPER ACTIONS","SHOULDER","No","POSSIBLE INJURY","MC/BIKE HELMET","38.972745","-77.14698667","    (38.972745, -77.14698667)"
"MCP2825000M","15062229","MONTGOMERY","Injury Crash","12/05/2015 10:34:00 PM","Maryland (State)","GEORGIA AVE","PLYERS MILL RD",,"N/A","PEDESTRIAN","OTHER","CLEAR","DRY","DARK LIGHTS ON","TRAFFIC SIGNAL","NONE DETECTED","NONE DETECTED","4B0651D8-73E8-4E5F-86FA-2E51FBFE318E","PEDESTRIAN","Cross/Enter at Intersection","NO IMPROPER ACTIONS","ON ROADWAY AT CROSSWALK","No","SUSPECTED MINOR INJURY","N/A","39.03007749","-77.04779506","    (39.03007749, -77.04779506)"
"MCP2635002K","15062211","MONTGOMERY","Injury Crash","12/05/2015 08:11:00 PM","County","OLD BALTIMORE RD","COVERED WAGON WAY",,"N/A","PEDESTRIAN","SINGLE VEHICLE","CLEAR","DRY","DARK LIGHTS ON","NO CONTROLS","N/A","ALCOHOL CONTRIBUTED","E394E13E-4743-45CC-B7C2-257386EDF7E2","PEDESTRIAN","Walking/Riding w/Traffic","UNKNOWN","ON ROADWAY NOT AT CROSSWALK","Yes","SUSPECTED MINOR INJURY","NONE","39.13942667","-77.06134167","    (39.13942667, -77.06134167)"
"MCP2789001X","15062188","MONTGOMERY","Property Damage Crash","12/05/2015 05:45:00 PM","US (State)","COLESVILLE RD","DALE DR",,"N/A","PEDESTRIAN","SINGLE VEHICLE","N/A","DRY","DARK LIGHTS ON","TRAFFIC SIGNAL","N/A","N/A","DFDAD423-87DB-4882-9DF9-EEB2CC8707C1","PEDESTRIAN","Cross/Enter at Intersection","NO IMPROPER ACTIONS","ON ROADWAY AT CROSSWALK","No","NO APPARENT INJURY","NONE","39.00511833","-77.02262","    (39.00511833, -77.02262)"
"MCP2611000Z","15062006","MONTGOMERY","Injury Crash","12/04/2015 05:00:00 PM","US (State)","COLUMBIA PIKE","TECH RD",,"N/A","BICYCLIST","STRAIGHT MOVEMENT ANGLE","CLEAR","DRY","DARK LIGHTS ON","TRAFFIC SIGNAL","NONE DETECTED","NONE DETECTED","A7BB529C-783B-499E-9D7A-35F48D93B653","BICYCLIST","Cross/Enter at Intersection","FAILURE TO OBEY TRAFFIC SIGNS SIGNALS OR OFFICER","ON ROADWAY NOT AT CROSSWALK","Yes","POSSIBLE INJURY","NONE","39.05772538","-76.96849823","    (39.05772538, -76.96849823)"
"MCP1575003J","15061927","MONTGOMERY","Injury Crash","12/04/2015 10:16:00 AM","County","SHADY GROVE RD","TRAVILLE  GATEWAY DR",,"N/A","PEDESTRIAN","OTHER","N/A","DRY","DAYLIGHT","TRAFFIC SIGNAL","NONE DETECTED","NONE DETECTED","ED59A379-0930-455E-A395-66ACA65A31D3","PEDESTRIAN","Cross/Enter at Intersection","IN ROADWAY IMPROPERLY","ON ROADWAY AT CROSSWALK","Yes","SUSPECTED SERIOUS INJURY","NONE","39.09114667","-77.20452833","    (39.09114667, -77.20452833)"
"MCP1301000H","15061863","MONTGOMERY","Injury Crash","12/03/2015 09:47:00 PM","Maryland (State)","ROCKVILLE PIKE","EDMONSTON DR",,"ROCKVILLE","PEDESTRIAN","SAME DIRECTION SIDESWIPE","CLEAR","DRY","DARK LIGHTS ON","N/A","ALCOHOL PRESENT","N/A","86C13B3E-6898-4CC8-89A9-78CE341A4C49","PEDESTRIAN","Other Working","NO IMPROPER ACTIONS","OTHER","No","SUSPECTED SERIOUS INJURY","REFLECTIVE CLOTHING","39.0777754","-77.13333607","    (39.0777754, -77.13333607)"
"MCP0685001R","15061744","MONTGOMERY","Injury Crash","12/03/2015 12:55:00 PM","County","BOU AVE","ROCKVILLE PIKE",,"N/A","PEDESTRIAN","SINGLE VEHICLE","N/A","DRY","DAYLIGHT","N/A","NONE DETECTED","NONE DETECTED","5D3E17B8-2F62-4076-A476-EAA8270C4A37","PEDESTRIAN","Cross/Enter not at Intersection","IN ROADWAY IMPROPERLY","ON ROADWAY NOT AT CROSSWALK","Yes","POSSIBLE INJURY","N/A","39.05630075","-77.11891651","    (39.05630075, -77.11891651)"
"MCP0539001Y","15061690","MONTGOMERY","Injury Crash","12/03/2015 08:28:00 AM","County","BEL PRE RD","GRAND PRE RD",,"N/A","PEDESTRIAN","SINGLE VEHICLE","CLEAR","DRY","DAYLIGHT","NO CONTROLS","NONE DETECTED","NONE DETECTED","992B7C72-4677-4D02-9E91-DFF48F738A56","PEDESTRIAN","Other","NO IMPROPER ACTIONS","ON ROADWAY AT CROSSWALK","No","SUSPECTED SERIOUS INJURY","NONE","39.09335667","-77.07518167","    (39.09335667, -77.07518167)"
"MCP2182000D","15061921","MONTGOMERY","Injury Crash","12/03/2015 07:30:00 AM",,,,"Rear parking lot of Sherwood High School
300 Olney Sandy Spring Rd. Olney, MD 20860",,"PEDESTRIAN","SINGLE VEHICLE","CLEAR",,"DAYLIGHT","N/A","NONE DETECTED","NONE DETECTED","0F5F17EB-81A4-476A-9B08-845FB9C85A73","PEDESTRIAN","Playing","OTHER","CURB","No","SUSPECTED MINOR INJURY","N/A","39.04169","-77.05867833","    (39.04169, -77.05867833)"
"MCP2676001Q","15061648","MONTGOMERY","Injury Crash","12/02/2015 10:44:00 PM","County","MIDCOUNTY HWY","WOODFIELD RD",,"N/A","PEDESTRIAN","OTHER","N/A","DRY","DARK NO LIGHTS","NO CONTROLS","N/A","N/A","D62B14F8-463B-4614-BC02-0AF98F52E704","PEDESTRIAN","Other","DART DASH","OTHER","Yes","SUSPECTED MINOR INJURY","NONE","39.15505667","-77.18051076","    (39.15505667, -77.18051076)"
"MCP2767001L","15061598","MONTGOMERY","Injury Crash","12/02/2015 07:20:00 PM",,,,"In parking lot of Target store @ 11160 Veirs Mill Road, Wheaton MD 20902, Westfield Shopping Plaza.",,"PEDESTRIAN","SINGLE VEHICLE","RAINING",,"DARK LIGHTS ON","NO CONTROLS","NONE DETECTED","NONE DETECTED","1212E1EE-7839-4C3F-8846-51DEBEC33A63","PEDESTRIAN","Cross/Enter at Intersection","FAILURE TO YIELD RIGHT OF WAY","OUTSIDE RIGHT OF WAY","Yes","SUSPECTED MINOR INJURY","N/A","39.03631","-77.056795","    (39.03631, -77.056795)"
"DD5582000S","15061597","ROCKVILLE","Injury Crash","12/02/2015 06:43:00 PM","Other Public Roadway","MARYLAND AVE","BEALL AVE #2",,"ROCKVILLE","PEDESTRIAN","OTHER","RAINING","WET","DARK LIGHTS ON","N/A","NONE DETECTED","NONE DETECTED","D7787508-2E8F-4144-9F96-CA8F3C3F6B63","PEDESTRIAN","Cross/Enter at Intersection","NO IMPROPER ACTIONS","AT INTERSECTION MARKED CROSSWALK","No","SUSPECTED MINOR INJURY","N/A","39.08703333","-77.15138333","    (39.08703333, -77.15138333)"
"MCP2617001D","15061577","Montgomery County Police","Injury Crash","12/02/2015 05:34:00 PM","County","OLD GEORGETOWN RD","ROCKVILLE PIKE",,"N/A","PEDESTRIAN","OTHER","RAINING","WET","DARK LIGHTS ON","NO CONTROLS","NONE DETECTED","NONE DETECTED","0378A0C3-C3A4-41A2-BFC9-287D1B6597CB","PEDESTRIAN","Cross/Enter not at Intersection","NO IMPROPER ACTIONS","AT INTERSECTION BUT NO CROSSWALK","No","SUSPECTED SERIOUS INJURY","NONE","39.04984","-77.11290333","    (39.04984, -77.11290333)"
"MCP29420019","15061579","MONTGOMERY","Injury Crash","12/02/2015 05:20:00 PM","Maryland (State)","WISCONSIN AVE","BRADLEY LA",,"N/A","BICYCLIST","STRAIGHT MOVEMENT ANGLE","FOGGY","WET","DARK LIGHTS ON","TRAFFIC SIGNAL","NONE DETECTED","NONE DETECTED","6CB45660-2F5C-4EA5-9324-9EA5046B5A55","BICYCLIST","Walking/Riding w/Traffic","FAILURE TO YIELD RIGHT OF WAY","ON ROADWAY NOT AT CROSSWALK","Yes","SUSPECTED MINOR INJURY","MC/BIKE HELMET","38.97717641","-77.09067822","    (38.97717641, -77.09067822)"
"MCP2975000W","15061429","MONTGOMERY","Injury Crash","12/01/2015 09:05:00 PM","County","HARBOUR TOWN DR","HILTON HEAD CT",,"N/A","PEDESTRIAN","OTHER","CLOUDY","WET","DARK LIGHTS ON","OTHER","NONE DETECTED","NONE DETECTED","7358FECB-5C03-49EA-9711-78AC9F0F6A61","PEDESTRIAN","Walking/Cycling on Sidewalk","NO IMPROPER ACTIONS","SIDEWALK","No","SUSPECTED MINOR INJURY","NONE","39.130925","-77.00749833","    (39.130925, -77.00749833)"
"MCP0251000T","15061391","MONTGOMERY","Injury Crash","12/01/2015 11:00:00 AM",,,,"parking lot of 951 N. Frederick Rd. Gaithersburg,  Md. 20879",,"PEDESTRIAN","SINGLE VEHICLE","UNKNOWN",,"DAYLIGHT","N/A","UNKNOWN","UNKNOWN","BD53182E-F203-48A7-8CFA-5DE6D71820BD","PEDESTRIAN","Standing","NO IMPROPER ACTIONS","OTHER","No","POSSIBLE INJURY","NONE","39.155988","-77.215948","    (39.155988, -77.215948)"
"MCP26080016","15061219","MONTGOMERY","Injury Crash","11/30/2015 09:00:00 PM","County","FENTON ST","WAYNE AVE",,"N/A","PEDESTRIAN","STRAIGHT MOVEMENT ANGLE","RAINING","WET","DARK LIGHTS ON","TRAFFIC SIGNAL","NONE DETECTED","NONE DETECTED","8B288893-493E-40F7-80F4-414D4BEF8D00","PEDESTRIAN","Cross/Enter at Intersection","NO IMPROPER ACTIONS","ON ROADWAY AT CROSSWALK","No","POSSIBLE INJURY","NONE","38.99559333","-77.024345","    (38.99559333, -77.024345)"
"MCP2388000L","15061167","MONTGOMERY","Injury Crash","11/30/2015 05:10:00 PM","County","YELLOWSTONE WAY","REDLAND RD",,"N/A","PEDESTRIAN","OTHER","RAINING","WET","DARK LIGHTS ON","STOP SIGN","NONE DETECTED","NONE DETECTED","567A7518-339B-480E-B0B6-BBBC3E085D7F","PEDESTRIAN","Cross/Enter at Intersection","NO IMPROPER ACTIONS","AT INTERSECTION BUT NO CROSSWALK","No","POSSIBLE INJURY","NONE","39.11927667","-77.16090667","    (39.11927667, -77.16090667)"
"MCP2493000Q","15061008","MONTGOMERY","Injury Crash","11/29/2015 07:54:00 PM","Maryland (State)","FREDERICK RD","MIDDLEBROOK RD",,"N/A","PEDESTRIAN","OTHER","CLEAR","DRY","DARK NO LIGHTS","NO CONTROLS","NONE DETECTED","UNKNOWN","6A65C822-90FF-403A-8C3A-52BA7AECD544","PEDESTRIAN","Cross/Enter not at Intersection","IN ROADWAY IMPROPERLY","ON ROADWAY NOT AT CROSSWALK","Yes","SUSPECTED SERIOUS INJURY","N/A","39.178895","-77.23851","    (39.178895, -77.23851)"
"MCP2910001S","15060915","MONTGOMERY","Injury Crash","11/29/2015 06:52:00 AM","US (State)","GEORGIA AVE","WAYNE AVE",,"N/A","PEDESTRIAN","OTHER","RAINING","WET","DARK LIGHTS ON","TRAFFIC SIGNAL","NONE DETECTED","ALCOHOL CONTRIBUTED","E9CBAB56-7B32-44D2-9C96-99476309D5E0","PEDESTRIAN","Cross/Enter at Intersection","FAILURE TO YIELD RIGHT OF WAY","ON ROADWAY NOT AT CROSSWALK","Yes","POSSIBLE INJURY","NONE","38.994665","-77.02704833","    (38.994665, -77.02704833)"
"MCP2720001P","15060836","MONTGOMERY","Injury Crash","11/28/2015 07:18:00 PM","County","CONNECTICUT AVE","GRAND PRE RD",,"N/A","PEDESTRIAN","SINGLE VEHICLE","CLEAR","DRY","DARK -- UNKNOWN LIGHTING","NO CONTROLS","NONE DETECTED","UNKNOWN","020DC8F9-B4C5-43A3-8152-19B4A1E47C93","PEDESTRIAN","Cross/Enter not at Intersection","IN ROADWAY IMPROPERLY","ON ROADWAY NOT AT CROSSWALK","Yes","POSSIBLE INJURY","NONE","39.08699167","-77.07413333","    (39.08699167, -77.07413333)"
"DD5522002B","15060186","ROCKVILLE","Injury Crash","11/24/2015 10:45:00 PM","Municipality","CABIN JOHN PKWY","W LYNFIELD DR",,"ROCKVILLE","PEDESTRIAN","OTHER","CLEAR","DRY","DARK LIGHTS ON","NO CONTROLS","NONE DETECTED","NONE DETECTED","5A854FC2-6E51-4175-9A0A-754BFAA32F2A","PEDESTRIAN","Walking/Riding w/Traffic","UNKNOWN","CURB","Yes","POSSIBLE INJURY","NONE","39.08370833","-77.15323167","    (39.08370833, -77.15323167)"
"MCP26230025","15060091","MONTGOMERY","Injury Crash","11/24/2015 02:52:00 PM","County","CEDAR ST","WAYNE AVE",,"N/A","BICYCLIST","OTHER","CLEAR","DRY","DAYLIGHT","TRAFFIC SIGNAL","NONE DETECTED","NONE DETECTED","F2AA8D51-0211-4F11-B6BE-9D35C009967A","BICYCLIST","Cross/Enter at Intersection","N/A","ON ROADWAY AT CROSSWALK","No","SUSPECTED MINOR INJURY","MC/BIKE HELMET","38.99713833","-77.02170833","    (38.99713833, -77.02170833)"
"MCP2620000Z","15059904","MONTGOMERY","Injury Crash","11/23/2015 04:37:00 PM","Maryland (State)","CONNECTICUT AVE","WELLER RD",,"N/A","PEDESTRIAN","STRAIGHT MOVEMENT ANGLE","CLEAR","DRY","DAYLIGHT","TRAFFIC SIGNAL","NONE DETECTED","NONE DETECTED","5CAE8144-2E19-4822-86A8-3817EF8F7D7C","PEDESTRIAN","Cross/Enter at Intersection","DART DASH","AT INTERSECTION MARKED CROSSWALK","Yes","SUSPECTED MINOR INJURY","NONE","39.06304873","-77.07349062","    (39.06304873, -77.07349062)"
"MCP2717003Z","15059859","MONTGOMERY","Injury Crash","11/23/2015 12:45:00 PM","Maryland (State)","EAST WEST HWY","SUNDALE DR",,"N/A","PEDESTRIAN","OTHER","CLEAR","DRY","DAYLIGHT","TRAFFIC SIGNAL","NONE DETECTED","NONE DETECTED","6EFC3D70-55A5-4906-BC3F-7912DAF922F4","PEDESTRIAN","Cross/Enter at Intersection","NO IMPROPER ACTIONS","ON ROADWAY AT CROSSWALK","No","SUSPECTED MINOR INJURY","N/A","38.99438667","-77.04426667","    (38.99438667, -77.04426667)"
"MCP2931000T","15059747","MONTGOMERY","Injury Crash","11/22/2015 08:05:00 PM",,,,"Exit heading onto southbound Rockville Pike from Congressional Plaza",,"PEDESTRIAN","OTHER","CLEAR",,"DARK LIGHTS ON","N/A","N/A","N/A","EBB16B67-3116-4FD2-A02D-F98C7B15CB8D","PEDESTRIAN","Standing","NO IMPROPER ACTIONS","MEDIAN","No","SUSPECTED MINOR INJURY","N/A","39.065325","-77.12755667","    (39.065325, -77.12755667)"
"MCP2654000V","15057183","MONTGOMERY","Injury Crash","11/21/2015 06:22:00 PM","County","SILVER SPRING AVE","FENTON ST",,"N/A","PEDESTRIAN","SINGLE VEHICLE","RAINING","WET","DARK LIGHTS ON","TRAFFIC SIGNAL","UNKNOWN","NONE DETECTED","5418369F-8951-446F-BE21-1B3AEA94CDB8","PEDESTRIAN","Cross/Enter at Intersection","NO IMPROPER ACTIONS","ON ROADWAY AT CROSSWALK","No","SUSPECTED MINOR INJURY","NONE","38.99169584","-77.02401996","    (38.99169584, -77.02401996)"
"MCP2878001F","15059542","MONTGOMERY","Property Damage Crash","11/21/2015 03:48:00 PM",,,,"Parking Lot 12001 Sylark Rd. Clarksburg, MD 
Ovid Hazen Wells Park",,"PEDESTRIAN","SINGLE VEHICLE","CLEAR",,"DAYLIGHT","NO CONTROLS","NONE DETECTED","N/A","19406F68-AEA2-45C8-91E6-17C1EEB38603","PEDESTRIAN","Walking/Cycling on Sidewalk","NO IMPROPER ACTIONS","SIDEWALK","No","NO APPARENT INJURY","N/A","39.23923667","-77.25051167","    (39.23923667, -77.25051167)"
"MCP2231001J","15059475","MONTGOMERY","Injury Crash","11/21/2015 08:20:00 AM","Maryland (State)","BRADLEY BLVD","HOWELL RD",,"N/A","PEDESTRIAN","SAME DIR REAR END","CLEAR","DRY","DAYLIGHT","NO CONTROLS","NONE DETECTED","NONE DETECTED","D38A91E8-A45A-4D26-80AA-F32424F6713B","PEDESTRIAN","Other Working","NO IMPROPER ACTIONS","SHOULDER","No","SUSPECTED MINOR INJURY","REFLECTIVE CLOTHING","38.99733333","-77.13142833","    (38.99733333, -77.13142833)"
"MCP25150008","15059340","MONTGOMERY","Injury Crash","11/20/2015 04:30:00 PM","County","BARTON MANOR LA","OLNEY LAYTONSVILLE RD",,"N/A","PEDESTRIAN","N/A","CLEAR","DRY","DAYLIGHT","STOP SIGN","NONE DETECTED","NONE DETECTED","7FAB2C91-94CB-4D0C-8A8D-59432FD2E655","PEDESTRIAN","Standing","INATTENTIVE","ON ROADWAY NOT AT CROSSWALK","No","SUSPECTED MINOR INJURY","NONE","39.20126667","-77.136455","    (39.20126667, -77.136455)"
"MCP1205001L","15059306","MONTGOMERY","Injury Crash","11/20/2015 01:36:00 PM",,,,"Parking area of 7851 Old Georgetown Road.",,"PEDESTRIAN","OTHER","CLEAR",,"DAYLIGHT","N/A","NONE DETECTED","NONE DETECTED","742381F1-6DE6-42A6-B5F0-312A65D25D6C","PEDESTRIAN","Other","NO IMPROPER ACTIONS","OTHER","No","SUSPECTED MINOR INJURY","N/A","38.98836856","-77.10028052","    (38.98836856, -77.10028052)"
"MCP29190010","15059249","MONTGOMERY","Injury Crash","11/20/2015 08:44:00 AM","Maryland (State)","16TH ST","EAST WEST HWY",,"N/A","PEDESTRIAN","SINGLE VEHICLE","CLEAR","DRY","DAYLIGHT","PERSON","NONE DETECTED","NONE DETECTED","3CDB75AB-A77F-437A-BF69-F0C057ED9BDE","PEDESTRIAN","Cross/Enter at Intersection","NO IMPROPER ACTIONS","ON ROADWAY AT CROSSWALK","No","POSSIBLE INJURY","N/A","38.99442259","-77.03610063","    (38.99442259, -77.03610063)"
"MCP2008001L","15059160","MONTGOMERY","Injury Crash","11/19/2015 05:47:00 PM","Maryland (State)","CONNECTICUT AVE","PLYERS MILL RD",,"N/A","PEDESTRIAN","OTHER","RAINING","WET","DARK LIGHTS ON","TRAFFIC SIGNAL","NONE DETECTED","NONE DETECTED","38F0F74D-6826-4A57-A079-F32FD1AFE20E","PEDESTRIAN","Cross/Enter at Intersection","NO IMPROPER ACTIONS","ON ROADWAY AT CROSSWALK","No","SUSPECTED SERIOUS INJURY","N/A","39.03023","-77.07536","    (39.03023, -77.07536)"
"MCP2492000G","15059115","MONTGOMERY","Property Damage Crash","11/19/2015 03:08:00 PM","Municipality","MAIN ST","DARNESTOWN RD",,"N/A","BICYCLIST","OTHER","RAINING","WET","DAYLIGHT","TRAFFIC SIGNAL","N/A","N/A","F3A1A7CA-1D8E-4486-AB4D-0316DB3BBD8D","BICYCLIST","Cross/Enter at Intersection","FAILURE TO OBEY TRAFFIC SIGNS SIGNALS OR OFFICER","ON ROADWAY AT CROSSWALK","Yes","NO APPARENT INJURY","NONE","39.11228577","-77.24056005","    (39.11228577, -77.24056005)"
"MCP26120018","15059112","MONTGOMERY","Injury Crash","11/19/2015 02:47:00 PM","County","INTERNATIONAL DR","GEORGIA AVE",,"N/A","PEDESTRIAN","SINGLE VEHICLE","RAINING","WET","DAYLIGHT","STOP SIGN","NONE DETECTED","NONE DETECTED","B3EB9EB8-302D-46D9-B0A0-F55C50235E28","PEDESTRIAN","Cross/Enter at Intersection","IN ROADWAY IMPROPERLY","ON ROADWAY NOT AT CROSSWALK","Yes","SUSPECTED MINOR INJURY","NONE","39.10398167","-77.07608667","    (39.10398167, -77.07608667)"
"MCP2730000M","15059015","MONTGOMERY","Injury Crash","11/19/2015 05:30:00 AM","Maryland (State)","GERMANTOWN RD","CRYSTAL ROCK DR",,"N/A","PEDESTRIAN","OTHER","RAINING","WET","DARK LIGHTS ON","NO CONTROLS","N/A","N/A","4A201E9E-E1D0-4CE4-ACB8-0E8454E57D12","PEDESTRIAN","Walking/Cycling on Sidewalk","NO IMPROPER ACTIONS","SIDEWALK","No","SUSPECTED MINOR INJURY","N/A","39.18418","-77.26321","    (39.18418, -77.26321)"